observation_date,fred_series_id,value,units
1993-04-05,GASALLECW,1.04,USD_per_gallon
1993-04-12,GASALLECW,1.047,USD_per_gallon
1993-04-19,GASALLECW,1.054,USD_per_gallon
1993-04-26,GASALLECW,1.059,USD_per_gallon
1993-05-03,GASALLECW,1.062,USD_per_gallon
1993-05-10,GASALLECW,1.069,USD_per_gallon
1993-05-17,GASALLECW,1.073,USD_per_gallon
1993-05-24,GASALLECW,1.075,USD_per_gallon
1993-05-31,GASALLECW,1.078,USD_per_gallon
1993-06-07,GASALLECW,1.078,USD_per_gallon
1993-06-14,GASALLECW,1.076,USD_per_gallon
1993-06-21,GASALLECW,1.075,USD_per_gallon
1993-06-28,GASALLECW,1.072,USD_per_gallon
1993-07-05,GASALLECW,1.068,USD_per_gallon
1993-07-12,GASALLECW,1.066,USD_per_gallon
1993-07-19,GASALLECW,1.062,USD_per_gallon
1993-07-26,GASALLECW,1.059,USD_per_gallon
1993-08-02,GASALLECW,1.054,USD_per_gallon
1993-08-09,GASALLECW,1.051,USD_per_gallon
1993-08-16,GASALLECW,1.047,USD_per_gallon
1993-08-23,GASALLECW,1.045,USD_per_gallon
1993-08-30,GASALLECW,1.041,USD_per_gallon
1993-09-06,GASALLECW,1.037,USD_per_gallon
1993-09-13,GASALLECW,1.034,USD_per_gallon
1993-09-20,GASALLECW,1.028,USD_per_gallon
1993-09-27,GASALLECW,1.024,USD_per_gallon
1993-10-04,GASALLECW,1.068,USD_per_gallon
1993-10-11,GASALLECW,1.064,USD_per_gallon
1993-10-18,GASALLECW,1.063,USD_per_gallon
1993-10-25,GASALLECW,1.061,USD_per_gallon
1993-11-01,GASALLECW,1.057,USD_per_gallon
1993-11-08,GASALLECW,1.053,USD_per_gallon
1993-11-15,GASALLECW,1.048,USD_per_gallon
1993-11-22,GASALLECW,1.043,USD_per_gallon
1993-11-29,GASALLECW,1.038,USD_per_gallon
1993-12-06,GASALLECW,1.028,USD_per_gallon
1993-12-13,GASALLECW,1.015,USD_per_gallon
1993-12-20,GASALLECW,1.004,USD_per_gallon
1993-12-27,GASALLECW,0.997,USD_per_gallon
1994-01-03,GASALLECW,0.992,USD_per_gallon
1994-01-10,GASALLECW,0.989,USD_per_gallon
1994-01-17,GASALLECW,0.987,USD_per_gallon
1994-01-24,GASALLECW,0.985,USD_per_gallon
1994-01-31,GASALLECW,0.984,USD_per_gallon
1994-02-07,GASALLECW,0.989,USD_per_gallon
1994-02-14,GASALLECW,0.996,USD_per_gallon
1994-02-21,GASALLECW,0.997,USD_per_gallon
1994-02-28,GASALLECW,0.996,USD_per_gallon
1994-03-07,GASALLECW,0.994,USD_per_gallon
1994-03-14,GASALLECW,0.993,USD_per_gallon
1994-03-21,GASALLECW,0.992,USD_per_gallon
1994-03-28,GASALLECW,0.996,USD_per_gallon
1994-04-04,GASALLECW,0.996,USD_per_gallon
1994-04-11,GASALLECW,1.004,USD_per_gallon
1994-04-18,GASALLECW,1.008,USD_per_gallon
1994-04-25,GASALLECW,1.013,USD_per_gallon
1994-05-02,GASALLECW,1.017,USD_per_gallon
1994-05-09,GASALLECW,1.018,USD_per_gallon
1994-05-16,GASALLECW,1.021,USD_per_gallon
1994-05-23,GASALLECW,1.023,USD_per_gallon
1994-05-30,GASALLECW,1.028,USD_per_gallon
1994-06-06,GASALLECW,1.036,USD_per_gallon
1994-06-13,GASALLECW,1.044,USD_per_gallon
1994-06-20,GASALLECW,1.05,USD_per_gallon
1994-06-27,GASALLECW,1.062,USD_per_gallon
1994-07-04,GASALLECW,1.068,USD_per_gallon
1994-07-11,GASALLECW,1.07,USD_per_gallon
1994-07-18,GASALLECW,1.074,USD_per_gallon
1994-07-25,GASALLECW,1.079,USD_per_gallon
1994-08-01,GASALLECW,1.089,USD_per_gallon
1994-08-08,GASALLECW,1.113,USD_per_gallon
1994-08-15,GASALLECW,1.124,USD_per_gallon
1994-08-22,GASALLECW,1.127,USD_per_gallon
1994-08-29,GASALLECW,1.126,USD_per_gallon
1994-09-05,GASALLECW,1.122,USD_per_gallon
1994-09-12,GASALLECW,1.121,USD_per_gallon
1994-09-19,GASALLECW,1.116,USD_per_gallon
1994-09-26,GASALLECW,1.111,USD_per_gallon
1994-10-03,GASALLECW,1.105,USD_per_gallon
1994-10-10,GASALLECW,1.1,USD_per_gallon
1994-10-17,GASALLECW,1.098,USD_per_gallon
1994-10-24,GASALLECW,1.098,USD_per_gallon
1994-10-31,GASALLECW,1.112,USD_per_gallon
1994-11-07,GASALLECW,1.122,USD_per_gallon
1994-11-14,GASALLECW,1.121,USD_per_gallon
1994-11-21,GASALLECW,1.116,USD_per_gallon
1994-11-28,GASALLECW,1.129,USD_per_gallon
1994-12-05,GASALLECW,1.147,USD_per_gallon
1994-12-12,GASALLECW,1.158,USD_per_gallon
1994-12-19,GASALLECW,1.169,USD_per_gallon
1994-12-26,GASALLECW,1.163,USD_per_gallon
1995-01-02,GASALLECW,1.156,USD_per_gallon
1995-01-09,GASALLECW,1.155,USD_per_gallon
1995-01-16,GASALLECW,1.15,USD_per_gallon
1995-01-23,GASALLECW,1.15,USD_per_gallon
1995-01-30,GASALLECW,1.148,USD_per_gallon
1995-02-06,GASALLECW,1.145,USD_per_gallon
1995-02-13,GASALLECW,1.141,USD_per_gallon
1995-02-20,GASALLECW,1.138,USD_per_gallon
1995-02-27,GASALLECW,1.137,USD_per_gallon
1995-03-06,GASALLECW,1.137,USD_per_gallon
1995-03-13,GASALLECW,1.133,USD_per_gallon
1995-03-20,GASALLECW,1.129,USD_per_gallon
1995-03-27,GASALLECW,1.128,USD_per_gallon
1995-04-03,GASALLECW,1.132,USD_per_gallon
1995-04-10,GASALLECW,1.143,USD_per_gallon
1995-04-17,GASALLECW,1.16,USD_per_gallon
1995-04-24,GASALLECW,1.187,USD_per_gallon
1995-05-01,GASALLECW,1.2,USD_per_gallon
1995-05-08,GASALLECW,1.224,USD_per_gallon
1995-05-15,GASALLECW,1.234,USD_per_gallon
1995-05-22,GASALLECW,1.252,USD_per_gallon
1995-05-29,GASALLECW,1.262,USD_per_gallon
1995-06-05,GASALLECW,1.264,USD_per_gallon
1995-06-12,GASALLECW,1.263,USD_per_gallon
1995-06-19,GASALLECW,1.26,USD_per_gallon
1995-06-26,GASALLECW,1.256,USD_per_gallon
1995-07-03,GASALLECW,1.249,USD_per_gallon
1995-07-10,GASALLECW,1.244,USD_per_gallon
1995-07-17,GASALLECW,1.238,USD_per_gallon
1995-07-24,GASALLECW,1.229,USD_per_gallon
1995-07-31,GASALLECW,1.218,USD_per_gallon
1995-08-07,GASALLECW,1.213,USD_per_gallon
1995-08-14,GASALLECW,1.205,USD_per_gallon
1995-08-21,GASALLECW,1.201,USD_per_gallon
1995-08-28,GASALLECW,1.197,USD_per_gallon
1995-09-04,GASALLECW,1.188,USD_per_gallon
1995-09-11,GASALLECW,1.185,USD_per_gallon
1995-09-18,GASALLECW,1.18,USD_per_gallon
1995-09-25,GASALLECW,1.178,USD_per_gallon
1995-10-02,GASALLECW,1.172,USD_per_gallon
1995-10-09,GASALLECW,1.167,USD_per_gallon
1995-10-16,GASALLECW,1.159,USD_per_gallon
1995-10-23,GASALLECW,1.149,USD_per_gallon
1995-10-30,GASALLECW,1.14,USD_per_gallon
1995-11-06,GASALLECW,1.131,USD_per_gallon
1995-11-13,GASALLECW,1.125,USD_per_gallon
1995-11-20,GASALLECW,1.118,USD_per_gallon
1995-11-27,GASALLECW,1.117,USD_per_gallon
1995-12-04,GASALLECW,1.118,USD_per_gallon
1995-12-11,GASALLECW,1.118,USD_per_gallon
1995-12-18,GASALLECW,1.122,USD_per_gallon
1995-12-25,GASALLECW,1.126,USD_per_gallon
1996-01-01,GASALLECW,1.132,USD_per_gallon
1996-01-08,GASALLECW,1.135,USD_per_gallon
1996-01-15,GASALLECW,1.146,USD_per_gallon
1996-01-22,GASALLECW,1.145,USD_per_gallon
1996-01-29,GASALLECW,1.141,USD_per_gallon
1996-02-05,GASALLECW,1.139,USD_per_gallon
1996-02-12,GASALLECW,1.135,USD_per_gallon
1996-02-19,GASALLECW,1.134,USD_per_gallon
1996-02-26,GASALLECW,1.144,USD_per_gallon
1996-03-04,GASALLECW,1.158,USD_per_gallon
1996-03-11,GASALLECW,1.163,USD_per_gallon
1996-03-18,GASALLECW,1.169,USD_per_gallon
1996-03-25,GASALLECW,1.192,USD_per_gallon
1996-04-01,GASALLECW,1.211,USD_per_gallon
1996-04-08,GASALLECW,1.232,USD_per_gallon
1996-04-15,GASALLECW,1.276,USD_per_gallon
1996-04-22,GASALLECW,1.292,USD_per_gallon
1996-04-29,GASALLECW,1.302,USD_per_gallon
1996-05-06,GASALLECW,1.312,USD_per_gallon
1996-05-13,GASALLECW,1.315,USD_per_gallon
1996-05-20,GASALLECW,1.316,USD_per_gallon
1996-05-27,GASALLECW,1.313,USD_per_gallon
1996-06-03,GASALLECW,1.311,USD_per_gallon
1996-06-10,GASALLECW,1.304,USD_per_gallon
1996-06-17,GASALLECW,1.294,USD_per_gallon
1996-06-24,GASALLECW,1.287,USD_per_gallon
1996-07-01,GASALLECW,1.278,USD_per_gallon
1996-07-08,GASALLECW,1.273,USD_per_gallon
1996-07-15,GASALLECW,1.269,USD_per_gallon
1996-07-22,GASALLECW,1.265,USD_per_gallon
1996-07-29,GASALLECW,1.261,USD_per_gallon
1996-08-05,GASALLECW,1.254,USD_per_gallon
1996-08-12,GASALLECW,1.249,USD_per_gallon
1996-08-19,GASALLECW,1.245,USD_per_gallon
1996-08-26,GASALLECW,1.242,USD_per_gallon
1996-09-02,GASALLECW,1.238,USD_per_gallon
1996-09-09,GASALLECW,1.24,USD_per_gallon
1996-09-16,GASALLECW,1.241,USD_per_gallon
1996-09-23,GASALLECW,1.24,USD_per_gallon
1996-09-30,GASALLECW,1.239,USD_per_gallon
1996-10-07,GASALLECW,1.236,USD_per_gallon
1996-10-14,GASALLECW,1.243,USD_per_gallon
1996-10-21,GASALLECW,1.25,USD_per_gallon
1996-10-28,GASALLECW,1.257,USD_per_gallon
1996-11-04,GASALLECW,1.27,USD_per_gallon
1996-11-11,GASALLECW,1.273,USD_per_gallon
1996-11-18,GASALLECW,1.287,USD_per_gallon
1996-11-25,GASALLECW,1.294,USD_per_gallon
1996-12-02,GASALLECW,1.299,USD_per_gallon
1996-12-09,GASALLECW,1.304,USD_per_gallon
1996-12-16,GASALLECW,1.305,USD_per_gallon
1996-12-23,GASALLECW,1.305,USD_per_gallon
1996-12-30,GASALLECW,1.303,USD_per_gallon
1997-01-06,GASALLECW,1.303,USD_per_gallon
1997-01-13,GASALLECW,1.308,USD_per_gallon
1997-01-20,GASALLECW,1.307,USD_per_gallon
1997-01-27,GASALLECW,1.303,USD_per_gallon
1997-02-03,GASALLECW,1.302,USD_per_gallon
1997-02-10,GASALLECW,1.3,USD_per_gallon
1997-02-17,GASALLECW,1.295,USD_per_gallon
1997-02-24,GASALLECW,1.289,USD_per_gallon
1997-03-03,GASALLECW,1.282,USD_per_gallon
1997-03-10,GASALLECW,1.276,USD_per_gallon
1997-03-17,GASALLECW,1.267,USD_per_gallon
1997-03-24,GASALLECW,1.263,USD_per_gallon
1997-03-31,GASALLECW,1.261,USD_per_gallon
1997-04-07,GASALLECW,1.258,USD_per_gallon
1997-04-14,GASALLECW,1.253,USD_per_gallon
1997-04-21,GASALLECW,1.245,USD_per_gallon
1997-04-28,GASALLECW,1.239,USD_per_gallon
1997-05-05,GASALLECW,1.238,USD_per_gallon
1997-05-12,GASALLECW,1.234,USD_per_gallon
1997-05-19,GASALLECW,1.237,USD_per_gallon
1997-05-26,GASALLECW,1.239,USD_per_gallon
1997-06-02,GASALLECW,1.241,USD_per_gallon
1997-06-09,GASALLECW,1.238,USD_per_gallon
1997-06-16,GASALLECW,1.234,USD_per_gallon
1997-06-23,GASALLECW,1.229,USD_per_gallon
1997-06-30,GASALLECW,1.222,USD_per_gallon
1997-07-07,GASALLECW,1.218,USD_per_gallon
1997-07-14,GASALLECW,1.215,USD_per_gallon
1997-07-21,GASALLECW,1.213,USD_per_gallon
1997-07-28,GASALLECW,1.213,USD_per_gallon
1997-08-04,GASALLECW,1.231,USD_per_gallon
1997-08-11,GASALLECW,1.26,USD_per_gallon
1997-08-18,GASALLECW,1.268,USD_per_gallon
1997-08-25,GASALLECW,1.286,USD_per_gallon
1997-09-01,GASALLECW,1.289,USD_per_gallon
1997-09-08,GASALLECW,1.291,USD_per_gallon
1997-09-15,GASALLECW,1.286,USD_per_gallon
1997-09-22,GASALLECW,1.278,USD_per_gallon
1997-09-29,GASALLECW,1.267,USD_per_gallon
1997-10-06,GASALLECW,1.259,USD_per_gallon
1997-10-13,GASALLECW,1.254,USD_per_gallon
1997-10-20,GASALLECW,1.247,USD_per_gallon
1997-10-27,GASALLECW,1.239,USD_per_gallon
1997-11-03,GASALLECW,1.231,USD_per_gallon
1997-11-10,GASALLECW,1.225,USD_per_gallon
1997-11-17,GASALLECW,1.217,USD_per_gallon
1997-11-24,GASALLECW,1.209,USD_per_gallon
1997-12-01,GASALLECW,1.203,USD_per_gallon
1997-12-08,GASALLECW,1.194,USD_per_gallon
1997-12-15,GASALLECW,1.184,USD_per_gallon
1997-12-22,GASALLECW,1.175,USD_per_gallon
1997-12-29,GASALLECW,1.168,USD_per_gallon
1998-01-05,GASALLECW,1.163,USD_per_gallon
1998-01-12,GASALLECW,1.153,USD_per_gallon
1998-01-19,GASALLECW,1.141,USD_per_gallon
1998-01-26,GASALLECW,1.129,USD_per_gallon
1998-02-02,GASALLECW,1.119,USD_per_gallon
1998-02-09,GASALLECW,1.112,USD_per_gallon
1998-02-16,GASALLECW,1.1,USD_per_gallon
1998-02-23,GASALLECW,1.093,USD_per_gallon
1998-03-02,GASALLECW,1.085,USD_per_gallon
1998-03-09,GASALLECW,1.076,USD_per_gallon
1998-03-16,GASALLECW,1.062,USD_per_gallon
1998-03-23,GASALLECW,1.052,USD_per_gallon
1998-03-30,GASALLECW,1.072,USD_per_gallon
1998-04-06,GASALLECW,1.075,USD_per_gallon
1998-04-13,GASALLECW,1.074,USD_per_gallon
1998-04-20,GASALLECW,1.071,USD_per_gallon
1998-04-27,GASALLECW,1.076,USD_per_gallon
1998-05-04,GASALLECW,1.077,USD_per_gallon
1998-05-11,GASALLECW,1.086,USD_per_gallon
1998-05-18,GASALLECW,1.074,USD_per_gallon
1998-05-25,GASALLECW,1.076,USD_per_gallon
1998-06-01,GASALLECW,1.075,USD_per_gallon
1998-06-08,GASALLECW,1.076,USD_per_gallon
1998-06-15,GASALLECW,1.071,USD_per_gallon
1998-06-22,GASALLECW,1.069,USD_per_gallon
1998-06-29,GASALLECW,1.068,USD_per_gallon
1998-07-06,GASALLECW,1.064,USD_per_gallon
1998-07-13,GASALLECW,1.066,USD_per_gallon
1998-07-20,GASALLECW,1.063,USD_per_gallon
1998-07-27,GASALLECW,1.058,USD_per_gallon
1998-08-03,GASALLECW,1.052,USD_per_gallon
1998-08-10,GASALLECW,1.048,USD_per_gallon
1998-08-17,GASALLECW,1.042,USD_per_gallon
1998-08-24,GASALLECW,1.038,USD_per_gallon
1998-08-31,GASALLECW,1.034,USD_per_gallon
1998-09-07,GASALLECW,1.028,USD_per_gallon
1998-09-14,GASALLECW,1.024,USD_per_gallon
1998-09-21,GASALLECW,1.023,USD_per_gallon
1998-09-28,GASALLECW,1.029,USD_per_gallon
1998-10-05,GASALLECW,1.034,USD_per_gallon
1998-10-12,GASALLECW,1.046,USD_per_gallon
1998-10-19,GASALLECW,1.044,USD_per_gallon
1998-10-26,GASALLECW,1.041,USD_per_gallon
1998-11-02,GASALLECW,1.04,USD_per_gallon
1998-11-09,GASALLECW,1.038,USD_per_gallon
1998-11-16,GASALLECW,1.031,USD_per_gallon
1998-11-23,GASALLECW,1.022,USD_per_gallon
1998-11-30,GASALLECW,1.013,USD_per_gallon
1998-12-07,GASALLECW,0.998,USD_per_gallon
1998-12-14,GASALLECW,0.987,USD_per_gallon
1998-12-21,GASALLECW,0.982,USD_per_gallon
1998-12-28,GASALLECW,0.976,USD_per_gallon
1999-01-04,GASALLECW,0.974,USD_per_gallon
1999-01-11,GASALLECW,0.971,USD_per_gallon
1999-01-18,GASALLECW,0.972,USD_per_gallon
1999-01-25,GASALLECW,0.968,USD_per_gallon
1999-02-01,GASALLECW,0.96,USD_per_gallon
1999-02-08,GASALLECW,0.956,USD_per_gallon
1999-02-15,GASALLECW,0.948,USD_per_gallon
1999-02-22,GASALLECW,0.943,USD_per_gallon
1999-03-01,GASALLECW,0.938,USD_per_gallon
1999-03-08,GASALLECW,0.939,USD_per_gallon
1999-03-15,GASALLECW,0.978,USD_per_gallon
1999-03-22,GASALLECW,1.012,USD_per_gallon
1999-03-29,GASALLECW,1.047,USD_per_gallon
1999-04-05,GASALLECW,1.078,USD_per_gallon
1999-04-12,GASALLECW,1.1,USD_per_gallon
1999-04-19,GASALLECW,1.105,USD_per_gallon
1999-04-26,GASALLECW,1.11,USD_per_gallon
1999-05-03,GASALLECW,1.118,USD_per_gallon
1999-05-10,GASALLECW,1.128,USD_per_gallon
1999-05-17,GASALLECW,1.127,USD_per_gallon
1999-05-24,GASALLECW,1.125,USD_per_gallon
1999-05-31,GASALLECW,1.119,USD_per_gallon
1999-06-07,GASALLECW,1.115,USD_per_gallon
1999-06-14,GASALLECW,1.113,USD_per_gallon
1999-06-21,GASALLECW,1.117,USD_per_gallon
1999-06-28,GASALLECW,1.117,USD_per_gallon
1999-07-05,GASALLECW,1.129,USD_per_gallon
1999-07-12,GASALLECW,1.148,USD_per_gallon
1999-07-19,GASALLECW,1.168,USD_per_gallon
1999-07-26,GASALLECW,1.182,USD_per_gallon
1999-08-02,GASALLECW,1.192,USD_per_gallon
1999-08-09,GASALLECW,1.208,USD_per_gallon
1999-08-16,GASALLECW,1.225,USD_per_gallon
1999-08-23,GASALLECW,1.234,USD_per_gallon
1999-08-30,GASALLECW,1.238,USD_per_gallon
1999-09-06,GASALLECW,1.242,USD_per_gallon
1999-09-13,GASALLECW,1.26,USD_per_gallon
1999-09-20,GASALLECW,1.276,USD_per_gallon
1999-09-27,GASALLECW,1.281,USD_per_gallon
1999-10-04,GASALLECW,1.287,USD_per_gallon
1999-10-11,GASALLECW,1.289,USD_per_gallon
1999-10-18,GASALLECW,1.283,USD_per_gallon
1999-10-25,GASALLECW,1.279,USD_per_gallon
1999-11-01,GASALLECW,1.276,USD_per_gallon
1999-11-08,GASALLECW,1.271,USD_per_gallon
1999-11-15,GASALLECW,1.279,USD_per_gallon
1999-11-22,GASALLECW,1.299,USD_per_gallon
1999-11-29,GASALLECW,1.317,USD_per_gallon
1999-12-06,GASALLECW,1.317,USD_per_gallon
1999-12-13,GASALLECW,1.316,USD_per_gallon
1999-12-20,GASALLECW,1.315,USD_per_gallon
1999-12-27,GASALLECW,1.315,USD_per_gallon
2000-01-03,GASALLECW,1.314,USD_per_gallon
2000-01-10,GASALLECW,1.315,USD_per_gallon
2000-01-17,GASALLECW,1.316,USD_per_gallon
2000-01-24,GASALLECW,1.342,USD_per_gallon
2000-01-31,GASALLECW,1.348,USD_per_gallon
2000-02-07,GASALLECW,1.359,USD_per_gallon
2000-02-14,GASALLECW,1.382,USD_per_gallon
2000-02-21,GASALLECW,1.417,USD_per_gallon
2000-02-28,GASALLECW,1.432,USD_per_gallon
2000-03-06,GASALLECW,1.512,USD_per_gallon
2000-03-13,GASALLECW,1.556,USD_per_gallon
2000-03-20,GASALLECW,1.559,USD_per_gallon
2000-03-27,GASALLECW,1.544,USD_per_gallon
2000-04-03,GASALLECW,1.531,USD_per_gallon
2000-04-10,GASALLECW,1.511,USD_per_gallon
2000-04-17,GASALLECW,1.486,USD_per_gallon
2000-04-24,GASALLECW,1.466,USD_per_gallon
2000-05-01,GASALLECW,1.454,USD_per_gallon
2000-05-08,GASALLECW,1.473,USD_per_gallon
2000-05-15,GASALLECW,1.502,USD_per_gallon
2000-05-22,GASALLECW,1.539,USD_per_gallon
2000-05-29,GASALLECW,1.544,USD_per_gallon
2000-06-05,GASALLECW,1.55,USD_per_gallon
2000-06-12,GASALLECW,1.581,USD_per_gallon
2000-06-19,GASALLECW,1.621,USD_per_gallon
2000-06-26,GASALLECW,1.629,USD_per_gallon
2000-07-03,GASALLECW,1.632,USD_per_gallon
2000-07-10,GASALLECW,1.625,USD_per_gallon
2000-07-17,GASALLECW,1.609,USD_per_gallon
2000-07-24,GASALLECW,1.593,USD_per_gallon
2000-07-31,GASALLECW,1.56,USD_per_gallon
2000-08-07,GASALLECW,1.539,USD_per_gallon
2000-08-14,GASALLECW,1.522,USD_per_gallon
2000-08-21,GASALLECW,1.521,USD_per_gallon
2000-08-28,GASALLECW,1.523,USD_per_gallon
2000-09-04,GASALLECW,1.535,USD_per_gallon
2000-09-11,GASALLECW,1.562,USD_per_gallon
2000-09-18,GASALLECW,1.566,USD_per_gallon
2000-09-25,GASALLECW,1.564,USD_per_gallon
2000-10-02,GASALLECW,1.551,USD_per_gallon
2000-10-09,GASALLECW,1.532,USD_per_gallon
2000-10-16,GASALLECW,1.545,USD_per_gallon
2000-10-23,GASALLECW,1.544,USD_per_gallon
2000-10-30,GASALLECW,1.544,USD_per_gallon
2000-11-06,GASALLECW,1.537,USD_per_gallon
2000-11-13,GASALLECW,1.534,USD_per_gallon
2000-11-20,GASALLECW,1.527,USD_per_gallon
2000-11-27,GASALLECW,1.526,USD_per_gallon
2000-12-04,GASALLECW,1.513,USD_per_gallon
2000-12-11,GASALLECW,1.492,USD_per_gallon
2000-12-18,GASALLECW,1.469,USD_per_gallon
2000-12-25,GASALLECW,1.442,USD_per_gallon
2001-01-01,GASALLECW,1.438,USD_per_gallon
2001-01-08,GASALLECW,1.44,USD_per_gallon
2001-01-15,GASALLECW,1.486,USD_per_gallon
2001-01-22,GASALLECW,1.497,USD_per_gallon
2001-01-29,GASALLECW,1.493,USD_per_gallon
2001-02-05,GASALLECW,1.48,USD_per_gallon
2001-02-12,GASALLECW,1.492,USD_per_gallon
2001-02-19,GASALLECW,1.482,USD_per_gallon
2001-02-26,GASALLECW,1.472,USD_per_gallon
2001-03-05,GASALLECW,1.455,USD_per_gallon
2001-03-12,GASALLECW,1.438,USD_per_gallon
2001-03-19,GASALLECW,1.424,USD_per_gallon
2001-03-26,GASALLECW,1.421,USD_per_gallon
2001-04-02,GASALLECW,1.435,USD_per_gallon
2001-04-09,GASALLECW,1.495,USD_per_gallon
2001-04-16,GASALLECW,1.571,USD_per_gallon
2001-04-23,GASALLECW,1.609,USD_per_gallon
2001-04-30,GASALLECW,1.623,USD_per_gallon
2001-05-07,GASALLECW,1.659,USD_per_gallon
2001-05-14,GASALLECW,1.67,USD_per_gallon
2001-05-21,GASALLECW,1.663,USD_per_gallon
2001-05-28,GASALLECW,1.671,USD_per_gallon
2001-06-04,GASALLECW,1.658,USD_per_gallon
2001-06-11,GASALLECW,1.655,USD_per_gallon
2001-06-18,GASALLECW,1.629,USD_per_gallon
2001-06-25,GASALLECW,1.596,USD_per_gallon
2001-07-02,GASALLECW,1.546,USD_per_gallon
2001-07-09,GASALLECW,1.511,USD_per_gallon
2001-07-16,GASALLECW,1.475,USD_per_gallon
2001-07-23,GASALLECW,1.447,USD_per_gallon
2001-07-30,GASALLECW,1.424,USD_per_gallon
2001-08-06,GASALLECW,1.413,USD_per_gallon
2001-08-13,GASALLECW,1.42,USD_per_gallon
2001-08-20,GASALLECW,1.43,USD_per_gallon
2001-08-27,GASALLECW,1.429,USD_per_gallon
2001-09-03,GASALLECW,1.457,USD_per_gallon
2001-09-10,GASALLECW,1.455,USD_per_gallon
2001-09-17,GASALLECW,1.465,USD_per_gallon
2001-09-24,GASALLECW,1.449,USD_per_gallon
2001-10-01,GASALLECW,1.407,USD_per_gallon
2001-10-08,GASALLECW,1.362,USD_per_gallon
2001-10-15,GASALLECW,1.325,USD_per_gallon
2001-10-22,GASALLECW,1.287,USD_per_gallon
2001-10-29,GASALLECW,1.255,USD_per_gallon
2001-11-05,GASALLECW,1.224,USD_per_gallon
2001-11-12,GASALLECW,1.198,USD_per_gallon
2001-11-19,GASALLECW,1.173,USD_per_gallon
2001-11-26,GASALLECW,1.144,USD_per_gallon
2001-12-03,GASALLECW,1.122,USD_per_gallon
2001-12-10,GASALLECW,1.113,USD_per_gallon
2001-12-17,GASALLECW,1.1,USD_per_gallon
2001-12-24,GASALLECW,1.104,USD_per_gallon
2001-12-31,GASALLECW,1.12,USD_per_gallon
2002-01-07,GASALLECW,1.14,USD_per_gallon
2002-01-14,GASALLECW,1.158,USD_per_gallon
2002-01-21,GASALLECW,1.146,USD_per_gallon
2002-01-28,GASALLECW,1.14,USD_per_gallon
2002-02-04,GASALLECW,1.139,USD_per_gallon
2002-02-11,GASALLECW,1.143,USD_per_gallon
2002-02-18,GASALLECW,1.144,USD_per_gallon
2002-02-25,GASALLECW,1.145,USD_per_gallon
2002-03-04,GASALLECW,1.151,USD_per_gallon
2002-03-11,GASALLECW,1.215,USD_per_gallon
2002-03-18,GASALLECW,1.288,USD_per_gallon
2002-03-25,GASALLECW,1.346,USD_per_gallon
2002-04-01,GASALLECW,1.381,USD_per_gallon
2002-04-08,GASALLECW,1.422,USD_per_gallon
2002-04-15,GASALLECW,1.433,USD_per_gallon
2002-04-22,GASALLECW,1.434,USD_per_gallon
2002-04-29,GASALLECW,1.429,USD_per_gallon
2002-05-06,GASALLECW,1.429,USD_per_gallon
2002-05-13,GASALLECW,1.422,USD_per_gallon
2002-05-20,GASALLECW,1.418,USD_per_gallon
2002-05-27,GASALLECW,1.414,USD_per_gallon
2002-06-03,GASALLECW,1.408,USD_per_gallon
2002-06-10,GASALLECW,1.402,USD_per_gallon
2002-06-17,GASALLECW,1.392,USD_per_gallon
2002-06-24,GASALLECW,1.394,USD_per_gallon
2002-07-01,GASALLECW,1.391,USD_per_gallon
2002-07-08,GASALLECW,1.39,USD_per_gallon
2002-07-15,GASALLECW,1.392,USD_per_gallon
2002-07-22,GASALLECW,1.42,USD_per_gallon
2002-07-29,GASALLECW,1.42,USD_per_gallon
2002-08-05,GASALLECW,1.423,USD_per_gallon
2002-08-12,GASALLECW,1.422,USD_per_gallon
2002-08-19,GASALLECW,1.417,USD_per_gallon
2002-08-26,GASALLECW,1.42,USD_per_gallon
2002-09-02,GASALLECW,1.419,USD_per_gallon
2002-09-09,GASALLECW,1.417,USD_per_gallon
2002-09-16,GASALLECW,1.422,USD_per_gallon
2002-09-23,GASALLECW,1.426,USD_per_gallon
2002-09-30,GASALLECW,1.445,USD_per_gallon
2002-10-07,GASALLECW,1.464,USD_per_gallon
2002-10-14,GASALLECW,1.463,USD_per_gallon
2002-10-21,GASALLECW,1.481,USD_per_gallon
2002-10-28,GASALLECW,1.478,USD_per_gallon
2002-11-04,GASALLECW,1.475,USD_per_gallon
2002-11-11,GASALLECW,1.477,USD_per_gallon
2002-11-18,GASALLECW,1.461,USD_per_gallon
2002-11-25,GASALLECW,1.446,USD_per_gallon
2002-12-02,GASALLECW,1.438,USD_per_gallon
2002-12-09,GASALLECW,1.428,USD_per_gallon
2002-12-16,GASALLECW,1.424,USD_per_gallon
2002-12-23,GASALLECW,1.458,USD_per_gallon
2002-12-30,GASALLECW,1.496,USD_per_gallon
2003-01-06,GASALLECW,1.509,USD_per_gallon
2003-01-13,GASALLECW,1.509,USD_per_gallon
2003-01-20,GASALLECW,1.51,USD_per_gallon
2003-01-27,GASALLECW,1.514,USD_per_gallon
2003-02-03,GASALLECW,1.564,USD_per_gallon
2003-02-10,GASALLECW,1.645,USD_per_gallon
2003-02-17,GASALLECW,1.678,USD_per_gallon
2003-02-24,GASALLECW,1.675,USD_per_gallon
2003-03-03,GASALLECW,1.677,USD_per_gallon
2003-03-10,GASALLECW,1.691,USD_per_gallon
2003-03-17,GASALLECW,1.709,USD_per_gallon
2003-03-24,GASALLECW,1.687,USD_per_gallon
2003-03-31,GASALLECW,1.658,USD_per_gallon
2003-04-07,GASALLECW,1.635,USD_per_gallon
2003-04-14,GASALLECW,1.61,USD_per_gallon
2003-04-21,GASALLECW,1.585,USD_per_gallon
2003-04-28,GASALLECW,1.567,USD_per_gallon
2003-05-05,GASALLECW,1.539,USD_per_gallon
2003-05-12,GASALLECW,1.509,USD_per_gallon
2003-05-19,GASALLECW,1.5,USD_per_gallon
2003-05-26,GASALLECW,1.492,USD_per_gallon
2003-06-02,GASALLECW,1.487,USD_per_gallon
2003-06-09,GASALLECW,1.492,USD_per_gallon
2003-06-16,GASALLECW,1.514,USD_per_gallon
2003-06-23,GASALLECW,1.505,USD_per_gallon
2003-06-30,GASALLECW,1.495,USD_per_gallon
2003-07-07,GASALLECW,1.498,USD_per_gallon
2003-07-14,GASALLECW,1.542,USD_per_gallon
2003-07-21,GASALLECW,1.552,USD_per_gallon
2003-07-28,GASALLECW,1.549,USD_per_gallon
2003-08-04,GASALLECW,1.552,USD_per_gallon
2003-08-11,GASALLECW,1.587,USD_per_gallon
2003-08-18,GASALLECW,1.625,USD_per_gallon
2003-08-25,GASALLECW,1.738,USD_per_gallon
2003-09-01,GASALLECW,1.759,USD_per_gallon
2003-09-08,GASALLECW,1.739,USD_per_gallon
2003-09-15,GASALLECW,1.715,USD_per_gallon
2003-09-22,GASALLECW,1.685,USD_per_gallon
2003-09-29,GASALLECW,1.657,USD_per_gallon
2003-10-06,GASALLECW,1.635,USD_per_gallon
2003-10-13,GASALLECW,1.621,USD_per_gallon
2003-10-20,GASALLECW,1.614,USD_per_gallon
2003-10-27,GASALLECW,1.595,USD_per_gallon
2003-11-03,GASALLECW,1.581,USD_per_gallon
2003-11-10,GASALLECW,1.56,USD_per_gallon
2003-11-17,GASALLECW,1.552,USD_per_gallon
2003-11-24,GASALLECW,1.556,USD_per_gallon
2003-12-01,GASALLECW,1.548,USD_per_gallon
2003-12-08,GASALLECW,1.535,USD_per_gallon
2003-12-15,GASALLECW,1.53,USD_per_gallon
2003-12-22,GASALLECW,1.542,USD_per_gallon
2003-12-29,GASALLECW,1.543,USD_per_gallon
2004-01-05,GASALLECW,1.562,USD_per_gallon
2004-01-12,GASALLECW,1.621,USD_per_gallon
2004-01-19,GASALLECW,1.655,USD_per_gallon
2004-01-26,GASALLECW,1.678,USD_per_gallon
2004-02-02,GASALLECW,1.683,USD_per_gallon
2004-02-09,GASALLECW,1.684,USD_per_gallon
2004-02-16,GASALLECW,1.688,USD_per_gallon
2004-02-23,GASALLECW,1.705,USD_per_gallon
2004-03-01,GASALLECW,1.725,USD_per_gallon
2004-03-08,GASALLECW,1.754,USD_per_gallon
2004-03-15,GASALLECW,1.752,USD_per_gallon
2004-03-22,GASALLECW,1.769,USD_per_gallon
2004-03-29,GASALLECW,1.779,USD_per_gallon
2004-04-05,GASALLECW,1.792,USD_per_gallon
2004-04-12,GASALLECW,1.79,USD_per_gallon
2004-04-19,GASALLECW,1.806,USD_per_gallon
2004-04-26,GASALLECW,1.813,USD_per_gallon
2004-05-03,GASALLECW,1.846,USD_per_gallon
2004-05-10,GASALLECW,1.939,USD_per_gallon
2004-05-17,GASALLECW,2.027,USD_per_gallon
2004-05-24,GASALLECW,2.081,USD_per_gallon
2004-05-31,GASALLECW,2.088,USD_per_gallon
2004-06-07,GASALLECW,2.074,USD_per_gallon
2004-06-14,GASALLECW,2.048,USD_per_gallon
2004-06-21,GASALLECW,2.012,USD_per_gallon
2004-06-28,GASALLECW,1.989,USD_per_gallon
2004-07-05,GASALLECW,1.958,USD_per_gallon
2004-07-12,GASALLECW,1.961,USD_per_gallon
2004-07-19,GASALLECW,1.971,USD_per_gallon
2004-07-26,GASALLECW,1.96,USD_per_gallon
2004-08-02,GASALLECW,1.934,USD_per_gallon
2004-08-09,GASALLECW,1.92,USD_per_gallon
2004-08-16,GASALLECW,1.914,USD_per_gallon
2004-08-23,GASALLECW,1.922,USD_per_gallon
2004-08-30,GASALLECW,1.909,USD_per_gallon
2004-09-06,GASALLECW,1.9,USD_per_gallon
2004-09-13,GASALLECW,1.891,USD_per_gallon
2004-09-20,GASALLECW,1.9,USD_per_gallon
2004-09-27,GASALLECW,1.948,USD_per_gallon
2004-10-04,GASALLECW,1.972,USD_per_gallon
2004-10-11,GASALLECW,2.015,USD_per_gallon
2004-10-18,GASALLECW,2.057,USD_per_gallon
2004-10-25,GASALLECW,2.066,USD_per_gallon
2004-11-01,GASALLECW,2.066,USD_per_gallon
2004-11-08,GASALLECW,2.047,USD_per_gallon
2004-11-15,GASALLECW,2.025,USD_per_gallon
2004-11-22,GASALLECW,2.001,USD_per_gallon
2004-11-29,GASALLECW,1.994,USD_per_gallon
2004-12-06,GASALLECW,1.976,USD_per_gallon
2004-12-13,GASALLECW,1.933,USD_per_gallon
2004-12-20,GASALLECW,1.899,USD_per_gallon
2004-12-27,GASALLECW,1.88,USD_per_gallon
2005-01-03,GASALLECW,1.858,USD_per_gallon
2005-01-10,GASALLECW,1.86,USD_per_gallon
2005-01-17,GASALLECW,1.886,USD_per_gallon
2005-01-24,GASALLECW,1.912,USD_per_gallon
2005-01-31,GASALLECW,1.963,USD_per_gallon
2005-02-07,GASALLECW,1.964,USD_per_gallon
2005-02-14,GASALLECW,1.949,USD_per_gallon
2005-02-21,GASALLECW,1.939,USD_per_gallon
2005-02-28,GASALLECW,1.941,USD_per_gallon
2005-03-07,GASALLECW,2.003,USD_per_gallon
2005-03-14,GASALLECW,2.067,USD_per_gallon
2005-03-21,GASALLECW,2.12,USD_per_gallon
2005-03-28,GASALLECW,2.171,USD_per_gallon
2005-04-04,GASALLECW,2.236,USD_per_gallon
2005-04-11,GASALLECW,2.285,USD_per_gallon
2005-04-18,GASALLECW,2.257,USD_per_gallon
2005-04-25,GASALLECW,2.255,USD_per_gallon
2005-05-02,GASALLECW,2.262,USD_per_gallon
2005-05-09,GASALLECW,2.233,USD_per_gallon
2005-05-16,GASALLECW,2.202,USD_per_gallon
2005-05-23,GASALLECW,2.17,USD_per_gallon
2005-05-30,GASALLECW,2.146,USD_per_gallon
2005-06-06,GASALLECW,2.16,USD_per_gallon
2005-06-13,GASALLECW,2.177,USD_per_gallon
2005-06-20,GASALLECW,2.207,USD_per_gallon
2005-06-27,GASALLECW,2.25,USD_per_gallon
2005-07-04,GASALLECW,2.265,USD_per_gallon
2005-07-11,GASALLECW,2.363,USD_per_gallon
2005-07-18,GASALLECW,2.369,USD_per_gallon
2005-07-25,GASALLECW,2.358,USD_per_gallon
2005-08-01,GASALLECW,2.352,USD_per_gallon
2005-08-08,GASALLECW,2.402,USD_per_gallon
2005-08-15,GASALLECW,2.599,USD_per_gallon
2005-08-22,GASALLECW,2.654,USD_per_gallon
2005-08-29,GASALLECW,2.646,USD_per_gallon
2005-09-05,GASALLECW,3.252,USD_per_gallon
2005-09-12,GASALLECW,3.111,USD_per_gallon
2005-09-19,GASALLECW,2.914,USD_per_gallon
2005-09-26,GASALLECW,2.906,USD_per_gallon
2005-10-03,GASALLECW,3.016,USD_per_gallon
2005-10-10,GASALLECW,2.94,USD_per_gallon
2005-10-17,GASALLECW,2.823,USD_per_gallon
2005-10-24,GASALLECW,2.693,USD_per_gallon
2005-10-31,GASALLECW,2.562,USD_per_gallon
2005-11-07,GASALLECW,2.453,USD_per_gallon
2005-11-14,GASALLECW,2.351,USD_per_gallon
2005-11-21,GASALLECW,2.261,USD_per_gallon
2005-11-28,GASALLECW,2.207,USD_per_gallon
2005-12-05,GASALLECW,2.18,USD_per_gallon
2005-12-12,GASALLECW,2.235,USD_per_gallon
2005-12-19,GASALLECW,2.279,USD_per_gallon
2005-12-26,GASALLECW,2.275,USD_per_gallon
2006-01-02,GASALLECW,2.318,USD_per_gallon
2006-01-09,GASALLECW,2.424,USD_per_gallon
2006-01-16,GASALLECW,2.434,USD_per_gallon
2006-01-23,GASALLECW,2.449,USD_per_gallon
2006-01-30,GASALLECW,2.447,USD_per_gallon
2006-02-06,GASALLECW,2.429,USD_per_gallon
2006-02-13,GASALLECW,2.376,USD_per_gallon
2006-02-20,GASALLECW,2.31,USD_per_gallon
2006-02-27,GASALLECW,2.29,USD_per_gallon
2006-03-06,GASALLECW,2.341,USD_per_gallon
2006-03-13,GASALLECW,2.387,USD_per_gallon
2006-03-20,GASALLECW,2.55,USD_per_gallon
2006-03-27,GASALLECW,2.549,USD_per_gallon
2006-04-03,GASALLECW,2.634,USD_per_gallon
2006-04-10,GASALLECW,2.743,USD_per_gallon
2006-04-17,GASALLECW,2.854,USD_per_gallon
2006-04-24,GASALLECW,2.997,USD_per_gallon
2006-05-01,GASALLECW,2.995,USD_per_gallon
2006-05-08,GASALLECW,2.964,USD_per_gallon
2006-05-15,GASALLECW,2.987,USD_per_gallon
2006-05-22,GASALLECW,2.946,USD_per_gallon
2006-05-29,GASALLECW,2.913,USD_per_gallon
2006-06-05,GASALLECW,2.928,USD_per_gallon
2006-06-12,GASALLECW,2.954,USD_per_gallon
2006-06-19,GASALLECW,2.927,USD_per_gallon
2006-06-26,GASALLECW,2.91,USD_per_gallon
2006-07-03,GASALLECW,2.978,USD_per_gallon
2006-07-10,GASALLECW,3.016,USD_per_gallon
2006-07-17,GASALLECW,3.034,USD_per_gallon
2006-07-24,GASALLECW,3.06,USD_per_gallon
2006-07-31,GASALLECW,3.071,USD_per_gallon
2006-08-07,GASALLECW,3.091,USD_per_gallon
2006-08-14,GASALLECW,3.068,USD_per_gallon
2006-08-21,GASALLECW,2.993,USD_per_gallon
2006-08-28,GASALLECW,2.92,USD_per_gallon
2006-09-04,GASALLECW,2.815,USD_per_gallon
2006-09-11,GASALLECW,2.716,USD_per_gallon
2006-09-18,GASALLECW,2.59,USD_per_gallon
2006-09-25,GASALLECW,2.445,USD_per_gallon
2006-10-02,GASALLECW,2.365,USD_per_gallon
2006-10-09,GASALLECW,2.303,USD_per_gallon
2006-10-16,GASALLECW,2.268,USD_per_gallon
2006-10-23,GASALLECW,2.239,USD_per_gallon
2006-10-30,GASALLECW,2.246,USD_per_gallon
2006-11-06,GASALLECW,2.23,USD_per_gallon
2006-11-13,GASALLECW,2.259,USD_per_gallon
2006-11-20,GASALLECW,2.268,USD_per_gallon
2006-11-27,GASALLECW,2.287,USD_per_gallon
2006-12-04,GASALLECW,2.351,USD_per_gallon
2006-12-11,GASALLECW,2.36,USD_per_gallon
2006-12-18,GASALLECW,2.375,USD_per_gallon
2006-12-25,GASALLECW,2.408,USD_per_gallon
2007-01-01,GASALLECW,2.403,USD_per_gallon
2007-01-08,GASALLECW,2.377,USD_per_gallon
2007-01-15,GASALLECW,2.321,USD_per_gallon
2007-01-22,GASALLECW,2.262,USD_per_gallon
2007-01-29,GASALLECW,2.224,USD_per_gallon
2007-02-05,GASALLECW,2.224,USD_per_gallon
2007-02-12,GASALLECW,2.248,USD_per_gallon
2007-02-19,GASALLECW,2.301,USD_per_gallon
2007-02-26,GASALLECW,2.394,USD_per_gallon
2007-03-05,GASALLECW,2.546,USD_per_gallon
2007-03-12,GASALLECW,2.588,USD_per_gallon
2007-03-19,GASALLECW,2.603,USD_per_gallon
2007-03-26,GASALLECW,2.629,USD_per_gallon
2007-04-02,GASALLECW,2.727,USD_per_gallon
2007-04-09,GASALLECW,2.812,USD_per_gallon
2007-04-16,GASALLECW,2.896,USD_per_gallon
2007-04-23,GASALLECW,2.893,USD_per_gallon
2007-04-30,GASALLECW,2.974,USD_per_gallon
2007-05-07,GASALLECW,3.016,USD_per_gallon
2007-05-14,GASALLECW,3.04,USD_per_gallon
2007-05-21,GASALLECW,3.155,USD_per_gallon
2007-05-28,GASALLECW,3.157,USD_per_gallon
2007-06-04,GASALLECW,3.127,USD_per_gallon
2007-06-11,GASALLECW,3.082,USD_per_gallon
2007-06-18,GASALLECW,3.037,USD_per_gallon
2007-06-25,GASALLECW,3.007,USD_per_gallon
2007-07-02,GASALLECW,2.987,USD_per_gallon
2007-07-09,GASALLECW,2.985,USD_per_gallon
2007-07-16,GASALLECW,3.036,USD_per_gallon
2007-07-23,GASALLECW,2.988,USD_per_gallon
2007-07-30,GASALLECW,2.936,USD_per_gallon
2007-08-06,GASALLECW,2.888,USD_per_gallon
2007-08-13,GASALLECW,2.818,USD_per_gallon
2007-08-20,GASALLECW,2.798,USD_per_gallon
2007-08-27,GASALLECW,2.764,USD_per_gallon
2007-09-03,GASALLECW,2.776,USD_per_gallon
2007-09-10,GASALLECW,2.796,USD_per_gallon
2007-09-17,GASALLECW,2.8,USD_per_gallon
2007-09-24,GASALLECW,2.834,USD_per_gallon
2007-10-01,GASALLECW,2.833,USD_per_gallon
2007-10-08,GASALLECW,2.813,USD_per_gallon
2007-10-15,GASALLECW,2.798,USD_per_gallon
2007-10-22,GASALLECW,2.853,USD_per_gallon
2007-10-29,GASALLECW,2.897,USD_per_gallon
2007-11-05,GASALLECW,3.036,USD_per_gallon
2007-11-12,GASALLECW,3.14,USD_per_gallon
2007-11-19,GASALLECW,3.147,USD_per_gallon
2007-11-26,GASALLECW,3.153,USD_per_gallon
2007-12-03,GASALLECW,3.136,USD_per_gallon
2007-12-10,GASALLECW,3.094,USD_per_gallon
2007-12-17,GASALLECW,3.08,USD_per_gallon
2007-12-24,GASALLECW,3.071,USD_per_gallon
2007-12-31,GASALLECW,3.128,USD_per_gallon
2008-01-07,GASALLECW,3.185,USD_per_gallon
2008-01-14,GASALLECW,3.17,USD_per_gallon
2008-01-21,GASALLECW,3.126,USD_per_gallon
2008-01-28,GASALLECW,3.09,USD_per_gallon
2008-02-04,GASALLECW,3.07,USD_per_gallon
2008-02-11,GASALLECW,3.041,USD_per_gallon
2008-02-18,GASALLECW,3.11,USD_per_gallon
2008-02-25,GASALLECW,3.209,USD_per_gallon
2008-03-03,GASALLECW,3.229,USD_per_gallon
2008-03-10,GASALLECW,3.255,USD_per_gallon
2008-03-17,GASALLECW,3.315,USD_per_gallon
2008-03-24,GASALLECW,3.305,USD_per_gallon
2008-03-31,GASALLECW,3.32,USD_per_gallon
2008-04-07,GASALLECW,3.348,USD_per_gallon
2008-04-14,GASALLECW,3.399,USD_per_gallon
2008-04-21,GASALLECW,3.547,USD_per_gallon
2008-04-28,GASALLECW,3.663,USD_per_gallon
2008-05-05,GASALLECW,3.673,USD_per_gallon
2008-05-12,GASALLECW,3.775,USD_per_gallon
2008-05-19,GASALLECW,3.857,USD_per_gallon
2008-05-26,GASALLECW,4.0,USD_per_gallon
2008-06-02,GASALLECW,4.033,USD_per_gallon
2008-06-09,GASALLECW,4.081,USD_per_gallon
2008-06-16,GASALLECW,4.115,USD_per_gallon
2008-06-23,GASALLECW,4.111,USD_per_gallon
2008-06-30,GASALLECW,4.121,USD_per_gallon
2008-07-07,GASALLECW,4.143,USD_per_gallon
2008-07-14,GASALLECW,4.136,USD_per_gallon
2008-07-21,GASALLECW,4.111,USD_per_gallon
2008-07-28,GASALLECW,4.031,USD_per_gallon
2008-08-04,GASALLECW,3.958,USD_per_gallon
2008-08-11,GASALLECW,3.87,USD_per_gallon
2008-08-18,GASALLECW,3.775,USD_per_gallon
2008-08-25,GASALLECW,3.707,USD_per_gallon
2008-09-01,GASALLECW,3.706,USD_per_gallon
2008-09-08,GASALLECW,3.682,USD_per_gallon
2008-09-15,GASALLECW,3.88,USD_per_gallon
2008-09-22,GASALLECW,3.793,USD_per_gallon
2008-09-29,GASALLECW,3.734,USD_per_gallon
2008-10-06,GASALLECW,3.616,USD_per_gallon
2008-10-13,GASALLECW,3.298,USD_per_gallon
2008-10-20,GASALLECW,3.012,USD_per_gallon
2008-10-27,GASALLECW,2.761,USD_per_gallon
2008-11-03,GASALLECW,2.528,USD_per_gallon
2008-11-10,GASALLECW,2.349,USD_per_gallon
2008-11-17,GASALLECW,2.189,USD_per_gallon
2008-11-24,GASALLECW,2.029,USD_per_gallon
2008-12-01,GASALLECW,1.936,USD_per_gallon
2008-12-08,GASALLECW,1.833,USD_per_gallon
2008-12-15,GASALLECW,1.758,USD_per_gallon
2008-12-22,GASALLECW,1.747,USD_per_gallon
2008-12-29,GASALLECW,1.705,USD_per_gallon
2009-01-05,GASALLECW,1.715,USD_per_gallon
2009-01-12,GASALLECW,1.819,USD_per_gallon
2009-01-19,GASALLECW,1.879,USD_per_gallon
2009-01-26,GASALLECW,1.884,USD_per_gallon
2009-02-02,GASALLECW,1.944,USD_per_gallon
2009-02-09,GASALLECW,1.98,USD_per_gallon
2009-02-16,GASALLECW,2.018,USD_per_gallon
2009-02-23,GASALLECW,1.98,USD_per_gallon
2009-03-02,GASALLECW,1.99,USD_per_gallon
2009-03-09,GASALLECW,1.987,USD_per_gallon
2009-03-16,GASALLECW,1.977,USD_per_gallon
2009-03-23,GASALLECW,2.007,USD_per_gallon
2009-03-30,GASALLECW,2.093,USD_per_gallon
2009-04-06,GASALLECW,2.09,USD_per_gallon
2009-04-13,GASALLECW,2.095,USD_per_gallon
2009-04-20,GASALLECW,2.108,USD_per_gallon
2009-04-27,GASALLECW,2.103,USD_per_gallon
2009-05-04,GASALLECW,2.115,USD_per_gallon
2009-05-11,GASALLECW,2.28,USD_per_gallon
2009-05-18,GASALLECW,2.361,USD_per_gallon
2009-05-25,GASALLECW,2.461,USD_per_gallon
2009-06-01,GASALLECW,2.528,USD_per_gallon
2009-06-08,GASALLECW,2.61,USD_per_gallon
2009-06-15,GASALLECW,2.687,USD_per_gallon
2009-06-22,GASALLECW,2.729,USD_per_gallon
2009-06-29,GASALLECW,2.701,USD_per_gallon
2009-07-06,GASALLECW,2.673,USD_per_gallon
2009-07-13,GASALLECW,2.602,USD_per_gallon
2009-07-20,GASALLECW,2.536,USD_per_gallon
2009-07-27,GASALLECW,2.545,USD_per_gallon
2009-08-03,GASALLECW,2.592,USD_per_gallon
2009-08-10,GASALLECW,2.675,USD_per_gallon
2009-08-17,GASALLECW,2.684,USD_per_gallon
2009-08-24,GASALLECW,2.676,USD_per_gallon
2009-08-31,GASALLECW,2.664,USD_per_gallon
2009-09-07,GASALLECW,2.644,USD_per_gallon
2009-09-14,GASALLECW,2.607,USD_per_gallon
2009-09-21,GASALLECW,2.571,USD_per_gallon
2009-09-28,GASALLECW,2.523,USD_per_gallon
2009-10-05,GASALLECW,2.484,USD_per_gallon
2009-10-12,GASALLECW,2.486,USD_per_gallon
2009-10-19,GASALLECW,2.592,USD_per_gallon
2009-10-26,GASALLECW,2.719,USD_per_gallon
2009-11-02,GASALLECW,2.743,USD_per_gallon
2009-11-09,GASALLECW,2.731,USD_per_gallon
2009-11-16,GASALLECW,2.705,USD_per_gallon
2009-11-23,GASALLECW,2.704,USD_per_gallon
2009-11-30,GASALLECW,2.701,USD_per_gallon
2009-12-07,GASALLECW,2.713,USD_per_gallon
2009-12-14,GASALLECW,2.684,USD_per_gallon
2009-12-21,GASALLECW,2.664,USD_per_gallon
2009-12-28,GASALLECW,2.67,USD_per_gallon
2010-01-04,GASALLECW,2.72,USD_per_gallon
2010-01-11,GASALLECW,2.811,USD_per_gallon
2010-01-18,GASALLECW,2.818,USD_per_gallon
2010-01-25,GASALLECW,2.791,USD_per_gallon
2010-02-01,GASALLECW,2.752,USD_per_gallon
2010-02-08,GASALLECW,2.734,USD_per_gallon
2010-02-15,GASALLECW,2.702,USD_per_gallon
2010-02-22,GASALLECW,2.723,USD_per_gallon
2010-03-01,GASALLECW,2.764,USD_per_gallon
2010-03-08,GASALLECW,2.806,USD_per_gallon
2010-03-15,GASALLECW,2.842,USD_per_gallon
2010-03-22,GASALLECW,2.853,USD_per_gallon
2010-03-29,GASALLECW,2.84,USD_per_gallon
2010-04-05,GASALLECW,2.854,USD_per_gallon
2010-04-12,GASALLECW,2.89,USD_per_gallon
2010-04-19,GASALLECW,2.889,USD_per_gallon
2010-04-26,GASALLECW,2.899,USD_per_gallon
2010-05-03,GASALLECW,2.942,USD_per_gallon
2010-05-10,GASALLECW,2.96,USD_per_gallon
2010-05-17,GASALLECW,2.927,USD_per_gallon
2010-05-24,GASALLECW,2.861,USD_per_gallon
2010-05-31,GASALLECW,2.794,USD_per_gallon
2010-06-07,GASALLECW,2.758,USD_per_gallon
2010-06-14,GASALLECW,2.73,USD_per_gallon
2010-06-21,GASALLECW,2.758,USD_per_gallon
2010-06-28,GASALLECW,2.768,USD_per_gallon
2010-07-05,GASALLECW,2.744,USD_per_gallon
2010-07-12,GASALLECW,2.728,USD_per_gallon
2010-07-19,GASALLECW,2.719,USD_per_gallon
2010-07-26,GASALLECW,2.738,USD_per_gallon
2010-08-02,GASALLECW,2.744,USD_per_gallon
2010-08-09,GASALLECW,2.781,USD_per_gallon
2010-08-16,GASALLECW,2.751,USD_per_gallon
2010-08-23,GASALLECW,2.716,USD_per_gallon
2010-08-30,GASALLECW,2.68,USD_per_gallon
2010-09-06,GASALLECW,2.67,USD_per_gallon
2010-09-13,GASALLECW,2.69,USD_per_gallon
2010-09-20,GASALLECW,2.713,USD_per_gallon
2010-09-27,GASALLECW,2.704,USD_per_gallon
2010-10-04,GASALLECW,2.743,USD_per_gallon
2010-10-11,GASALLECW,2.84,USD_per_gallon
2010-10-18,GASALLECW,2.878,USD_per_gallon
2010-10-25,GASALLECW,2.873,USD_per_gallon
2010-11-01,GASALLECW,2.861,USD_per_gallon
2010-11-08,GASALLECW,2.893,USD_per_gallon
2010-11-15,GASALLECW,2.948,USD_per_gallon
2010-11-22,GASALLECW,2.965,USD_per_gallon
2010-11-29,GASALLECW,2.961,USD_per_gallon
2010-12-06,GASALLECW,3.048,USD_per_gallon
2010-12-13,GASALLECW,3.076,USD_per_gallon
2010-12-20,GASALLECW,3.077,USD_per_gallon
2010-12-27,GASALLECW,3.133,USD_per_gallon
2011-01-03,GASALLECW,3.149,USD_per_gallon
2011-01-10,GASALLECW,3.166,USD_per_gallon
2011-01-17,GASALLECW,3.181,USD_per_gallon
2011-01-24,GASALLECW,3.192,USD_per_gallon
2011-01-31,GASALLECW,3.176,USD_per_gallon
2011-02-07,GASALLECW,3.193,USD_per_gallon
2011-02-14,GASALLECW,3.207,USD_per_gallon
2011-02-21,GASALLECW,3.241,USD_per_gallon
2011-02-28,GASALLECW,3.425,USD_per_gallon
2011-03-07,GASALLECW,3.568,USD_per_gallon
2011-03-14,GASALLECW,3.616,USD_per_gallon
2011-03-21,GASALLECW,3.607,USD_per_gallon
2011-03-28,GASALLECW,3.623,USD_per_gallon
2011-04-04,GASALLECW,3.702,USD_per_gallon
2011-04-11,GASALLECW,3.805,USD_per_gallon
2011-04-18,GASALLECW,3.868,USD_per_gallon
2011-04-25,GASALLECW,3.913,USD_per_gallon
2011-05-02,GASALLECW,3.994,USD_per_gallon
2011-05-09,GASALLECW,4.018,USD_per_gallon
2011-05-16,GASALLECW,4.021,USD_per_gallon
2011-05-23,GASALLECW,3.929,USD_per_gallon
2011-05-30,GASALLECW,3.852,USD_per_gallon
2011-06-06,GASALLECW,3.808,USD_per_gallon
2011-06-13,GASALLECW,3.765,USD_per_gallon
2011-06-20,GASALLECW,3.727,USD_per_gallon
2011-06-27,GASALLECW,3.67,USD_per_gallon
2011-07-04,GASALLECW,3.64,USD_per_gallon
2011-07-11,GASALLECW,3.718,USD_per_gallon
2011-07-18,GASALLECW,3.776,USD_per_gallon
2011-07-25,GASALLECW,3.805,USD_per_gallon
2011-08-01,GASALLECW,3.818,USD_per_gallon
2011-08-08,GASALLECW,3.781,USD_per_gallon
2011-08-15,GASALLECW,3.712,USD_per_gallon
2011-08-22,GASALLECW,3.671,USD_per_gallon
2011-08-29,GASALLECW,3.678,USD_per_gallon
2011-09-05,GASALLECW,3.711,USD_per_gallon
2011-09-12,GASALLECW,3.705,USD_per_gallon
2011-09-19,GASALLECW,3.66,USD_per_gallon
2011-09-26,GASALLECW,3.583,USD_per_gallon
2011-10-03,GASALLECW,3.518,USD_per_gallon
2011-10-10,GASALLECW,3.479,USD_per_gallon
2011-10-17,GASALLECW,3.524,USD_per_gallon
2011-10-24,GASALLECW,3.532,USD_per_gallon
2011-10-31,GASALLECW,3.513,USD_per_gallon
2011-11-07,GASALLECW,3.489,USD_per_gallon
2011-11-14,GASALLECW,3.499,USD_per_gallon
2011-11-21,GASALLECW,3.453,USD_per_gallon
2011-11-28,GASALLECW,3.405,USD_per_gallon
2011-12-05,GASALLECW,3.378,USD_per_gallon
2011-12-12,GASALLECW,3.38,USD_per_gallon
2011-12-19,GASALLECW,3.346,USD_per_gallon
2011-12-26,GASALLECW,3.344,USD_per_gallon
2012-01-02,GASALLECW,3.395,USD_per_gallon
2012-01-09,GASALLECW,3.487,USD_per_gallon
2012-01-16,GASALLECW,3.503,USD_per_gallon
2012-01-23,GASALLECW,3.529,USD_per_gallon
2012-01-30,GASALLECW,3.592,USD_per_gallon
2012-02-06,GASALLECW,3.625,USD_per_gallon
2012-02-13,GASALLECW,3.682,USD_per_gallon
2012-02-20,GASALLECW,3.725,USD_per_gallon
2012-02-27,GASALLECW,3.805,USD_per_gallon
2012-03-05,GASALLECW,3.838,USD_per_gallon
2012-03-12,GASALLECW,3.843,USD_per_gallon
2012-03-19,GASALLECW,3.883,USD_per_gallon
2012-03-26,GASALLECW,3.942,USD_per_gallon
2012-04-02,GASALLECW,3.983,USD_per_gallon
2012-04-09,GASALLECW,4.02,USD_per_gallon
2012-04-16,GASALLECW,4.0,USD_per_gallon
2012-04-23,GASALLECW,3.958,USD_per_gallon
2012-04-30,GASALLECW,3.904,USD_per_gallon
2012-05-07,GASALLECW,3.838,USD_per_gallon
2012-05-14,GASALLECW,3.778,USD_per_gallon
2012-05-21,GASALLECW,3.713,USD_per_gallon
2012-05-28,GASALLECW,3.652,USD_per_gallon
2012-06-04,GASALLECW,3.595,USD_per_gallon
2012-06-11,GASALLECW,3.533,USD_per_gallon
2012-06-18,GASALLECW,3.484,USD_per_gallon
2012-06-25,GASALLECW,3.427,USD_per_gallon
2012-07-02,GASALLECW,3.377,USD_per_gallon
2012-07-09,GASALLECW,3.437,USD_per_gallon
2012-07-16,GASALLECW,3.483,USD_per_gallon
2012-07-23,GASALLECW,3.568,USD_per_gallon
2012-07-30,GASALLECW,3.577,USD_per_gallon
2012-08-06,GASALLECW,3.678,USD_per_gallon
2012-08-13,GASALLECW,3.758,USD_per_gallon
2012-08-20,GASALLECW,3.792,USD_per_gallon
2012-08-27,GASALLECW,3.833,USD_per_gallon
2012-09-03,GASALLECW,3.894,USD_per_gallon
2012-09-10,GASALLECW,3.911,USD_per_gallon
2012-09-17,GASALLECW,3.962,USD_per_gallon
2012-09-24,GASALLECW,3.914,USD_per_gallon
2012-10-01,GASALLECW,3.887,USD_per_gallon
2012-10-08,GASALLECW,3.884,USD_per_gallon
2012-10-15,GASALLECW,3.88,USD_per_gallon
2012-10-22,GASALLECW,3.789,USD_per_gallon
2012-10-29,GASALLECW,3.679,USD_per_gallon
2012-11-05,GASALLECW,3.625,USD_per_gallon
2012-11-12,GASALLECW,3.581,USD_per_gallon
2012-11-19,GASALLECW,3.569,USD_per_gallon
2012-11-26,GASALLECW,3.574,USD_per_gallon
2012-12-03,GASALLECW,3.547,USD_per_gallon
2012-12-10,GASALLECW,3.507,USD_per_gallon
2012-12-17,GASALLECW,3.439,USD_per_gallon
2012-12-24,GASALLECW,3.445,USD_per_gallon
2012-12-31,GASALLECW,3.492,USD_per_gallon
2013-01-07,GASALLECW,3.529,USD_per_gallon
2013-01-14,GASALLECW,3.537,USD_per_gallon
2013-01-21,GASALLECW,3.509,USD_per_gallon
2013-01-28,GASALLECW,3.537,USD_per_gallon
2013-02-04,GASALLECW,3.677,USD_per_gallon
2013-02-11,GASALLECW,3.733,USD_per_gallon
2013-02-18,GASALLECW,3.836,USD_per_gallon
2013-02-25,GASALLECW,3.885,USD_per_gallon
2013-03-04,GASALLECW,3.851,USD_per_gallon
2013-03-11,GASALLECW,3.816,USD_per_gallon
2013-03-18,GASALLECW,3.781,USD_per_gallon
2013-03-25,GASALLECW,3.753,USD_per_gallon
2013-04-01,GASALLECW,3.724,USD_per_gallon
2013-04-08,GASALLECW,3.68,USD_per_gallon
2013-04-15,GASALLECW,3.628,USD_per_gallon
2013-04-22,GASALLECW,3.575,USD_per_gallon
2013-04-29,GASALLECW,3.555,USD_per_gallon
2013-05-06,GASALLECW,3.549,USD_per_gallon
2013-05-13,GASALLECW,3.579,USD_per_gallon
2013-05-20,GASALLECW,3.583,USD_per_gallon
2013-05-27,GASALLECW,3.594,USD_per_gallon
2013-06-03,GASALLECW,3.579,USD_per_gallon
2013-06-10,GASALLECW,3.587,USD_per_gallon
2013-06-17,GASALLECW,3.599,USD_per_gallon
2013-06-24,GASALLECW,3.599,USD_per_gallon
2013-07-01,GASALLECW,3.56,USD_per_gallon
2013-07-08,GASALLECW,3.553,USD_per_gallon
2013-07-15,GASALLECW,3.681,USD_per_gallon
2013-07-22,GASALLECW,3.746,USD_per_gallon
2013-07-29,GASALLECW,3.738,USD_per_gallon
2013-08-05,GASALLECW,3.719,USD_per_gallon
2013-08-12,GASALLECW,3.664,USD_per_gallon
2013-08-19,GASALLECW,3.651,USD_per_gallon
2013-08-26,GASALLECW,3.649,USD_per_gallon
2013-09-02,GASALLECW,3.7,USD_per_gallon
2013-09-09,GASALLECW,3.682,USD_per_gallon
2013-09-16,GASALLECW,3.629,USD_per_gallon
2013-09-23,GASALLECW,3.556,USD_per_gallon
2013-09-30,GASALLECW,3.509,USD_per_gallon
2013-10-07,GASALLECW,3.461,USD_per_gallon
2013-10-14,GASALLECW,3.448,USD_per_gallon
2013-10-21,GASALLECW,3.455,USD_per_gallon
2013-10-28,GASALLECW,3.42,USD_per_gallon
2013-11-04,GASALLECW,3.391,USD_per_gallon
2013-11-11,GASALLECW,3.345,USD_per_gallon
2013-11-18,GASALLECW,3.381,USD_per_gallon
2013-11-25,GASALLECW,3.484,USD_per_gallon
2013-12-02,GASALLECW,3.488,USD_per_gallon
2013-12-09,GASALLECW,3.482,USD_per_gallon
2013-12-16,GASALLECW,3.472,USD_per_gallon
2013-12-23,GASALLECW,3.48,USD_per_gallon
2013-12-30,GASALLECW,3.511,USD_per_gallon
2014-01-06,GASALLECW,3.538,USD_per_gallon
2014-01-13,GASALLECW,3.512,USD_per_gallon
2014-01-20,GASALLECW,3.491,USD_per_gallon
2014-01-27,GASALLECW,3.48,USD_per_gallon
2014-02-03,GASALLECW,3.463,USD_per_gallon
2014-02-10,GASALLECW,3.453,USD_per_gallon
2014-02-17,GASALLECW,3.512,USD_per_gallon
2014-02-24,GASALLECW,3.564,USD_per_gallon
2014-03-03,GASALLECW,3.573,USD_per_gallon
2014-03-10,GASALLECW,3.59,USD_per_gallon
2014-03-17,GASALLECW,3.619,USD_per_gallon
2014-03-24,GASALLECW,3.625,USD_per_gallon
2014-03-31,GASALLECW,3.653,USD_per_gallon
2014-04-07,GASALLECW,3.678,USD_per_gallon
2014-04-14,GASALLECW,3.707,USD_per_gallon
2014-04-21,GASALLECW,3.76,USD_per_gallon
2014-04-28,GASALLECW,3.803,USD_per_gallon
2014-05-05,GASALLECW,3.798,USD_per_gallon
2014-05-12,GASALLECW,3.779,USD_per_gallon
2014-05-19,GASALLECW,3.763,USD_per_gallon
2014-05-26,GASALLECW,3.759,USD_per_gallon
2014-06-02,GASALLECW,3.747,USD_per_gallon
2014-06-09,GASALLECW,3.736,USD_per_gallon
2014-06-16,GASALLECW,3.741,USD_per_gallon
2014-06-23,GASALLECW,3.768,USD_per_gallon
2014-06-30,GASALLECW,3.778,USD_per_gallon
2014-07-07,GASALLECW,3.761,USD_per_gallon
2014-07-14,GASALLECW,3.731,USD_per_gallon
2014-07-21,GASALLECW,3.69,USD_per_gallon
2014-07-28,GASALLECW,3.646,USD_per_gallon
2014-08-04,GASALLECW,3.609,USD_per_gallon
2014-08-11,GASALLECW,3.572,USD_per_gallon
2014-08-18,GASALLECW,3.54,USD_per_gallon
2014-08-25,GASALLECW,3.508,USD_per_gallon
2014-09-01,GASALLECW,3.514,USD_per_gallon
2014-09-08,GASALLECW,3.512,USD_per_gallon
2014-09-15,GASALLECW,3.482,USD_per_gallon
2014-09-22,GASALLECW,3.45,USD_per_gallon
2014-09-29,GASALLECW,3.444,USD_per_gallon
2014-10-06,GASALLECW,3.421,USD_per_gallon
2014-10-13,GASALLECW,3.345,USD_per_gallon
2014-10-20,GASALLECW,3.248,USD_per_gallon
2014-10-27,GASALLECW,3.163,USD_per_gallon
2014-11-03,GASALLECW,3.106,USD_per_gallon
2014-11-10,GASALLECW,3.06,USD_per_gallon
2014-11-17,GASALLECW,3.022,USD_per_gallon
2014-11-24,GASALLECW,2.968,USD_per_gallon
2014-12-01,GASALLECW,2.935,USD_per_gallon
2014-12-08,GASALLECW,2.853,USD_per_gallon
2014-12-15,GASALLECW,2.753,USD_per_gallon
2014-12-22,GASALLECW,2.641,USD_per_gallon
2014-12-29,GASALLECW,2.556,USD_per_gallon
2015-01-05,GASALLECW,2.474,USD_per_gallon
2015-01-12,GASALLECW,2.369,USD_per_gallon
2015-01-19,GASALLECW,2.274,USD_per_gallon
2015-01-26,GASALLECW,2.22,USD_per_gallon
2015-02-02,GASALLECW,2.203,USD_per_gallon
2015-02-09,GASALLECW,2.304,USD_per_gallon
2015-02-16,GASALLECW,2.366,USD_per_gallon
2015-02-23,GASALLECW,2.414,USD_per_gallon
2015-03-02,GASALLECW,2.496,USD_per_gallon
2015-03-09,GASALLECW,2.529,USD_per_gallon
2015-03-16,GASALLECW,2.51,USD_per_gallon
2015-03-23,GASALLECW,2.473,USD_per_gallon
2015-03-30,GASALLECW,2.484,USD_per_gallon
2015-04-06,GASALLECW,2.466,USD_per_gallon
2015-04-13,GASALLECW,2.47,USD_per_gallon
2015-04-20,GASALLECW,2.553,USD_per_gallon
2015-04-27,GASALLECW,2.627,USD_per_gallon
2015-05-04,GASALLECW,2.686,USD_per_gallon
2015-05-11,GASALLECW,2.717,USD_per_gallon
2015-05-18,GASALLECW,2.736,USD_per_gallon
2015-05-25,GASALLECW,2.773,USD_per_gallon
2015-06-01,GASALLECW,2.779,USD_per_gallon
2015-06-08,GASALLECW,2.798,USD_per_gallon
2015-06-15,GASALLECW,2.849,USD_per_gallon
2015-06-22,GASALLECW,2.837,USD_per_gallon
2015-06-29,GASALLECW,2.836,USD_per_gallon
2015-07-06,GASALLECW,2.827,USD_per_gallon
2015-07-13,GASALLECW,2.816,USD_per_gallon
2015-07-20,GASALLECW,2.779,USD_per_gallon
2015-07-27,GASALLECW,2.741,USD_per_gallon
2015-08-03,GASALLECW,2.696,USD_per_gallon
2015-08-10,GASALLECW,2.647,USD_per_gallon
2015-08-17,GASALLECW,2.618,USD_per_gallon
2015-08-24,GASALLECW,2.559,USD_per_gallon
2015-08-31,GASALLECW,2.473,USD_per_gallon
2015-09-07,GASALLECW,2.438,USD_per_gallon
2015-09-14,GASALLECW,2.389,USD_per_gallon
2015-09-21,GASALLECW,2.337,USD_per_gallon
2015-09-28,GASALLECW,2.321,USD_per_gallon
2015-10-05,GASALLECW,2.309,USD_per_gallon
2015-10-12,GASALLECW,2.33,USD_per_gallon
2015-10-19,GASALLECW,2.299,USD_per_gallon
2015-10-26,GASALLECW,2.264,USD_per_gallon
2015-11-02,GASALLECW,2.25,USD_per_gallon
2015-11-09,GASALLECW,2.299,USD_per_gallon
2015-11-16,GASALLECW,2.291,USD_per_gallon
2015-11-23,GASALLECW,2.243,USD_per_gallon
2015-11-30,GASALLECW,2.223,USD_per_gallon
2015-12-07,GASALLECW,2.21,USD_per_gallon
2015-12-14,GASALLECW,2.182,USD_per_gallon
2015-12-21,GASALLECW,2.173,USD_per_gallon
2015-12-28,GASALLECW,2.154,USD_per_gallon
2016-01-04,GASALLECW,2.138,USD_per_gallon
2016-01-11,GASALLECW,2.11,USD_per_gallon
2016-01-18,GASALLECW,2.045,USD_per_gallon
2016-01-25,GASALLECW,2.006,USD_per_gallon
2016-02-01,GASALLECW,1.977,USD_per_gallon
2016-02-08,GASALLECW,1.936,USD_per_gallon
2016-02-15,GASALLECW,1.898,USD_per_gallon
2016-02-22,GASALLECW,1.876,USD_per_gallon
2016-02-29,GASALLECW,1.88,USD_per_gallon
2016-03-07,GASALLECW,1.918,USD_per_gallon
2016-03-14,GASALLECW,2.02,USD_per_gallon
2016-03-21,GASALLECW,2.075,USD_per_gallon
2016-03-28,GASALLECW,2.155,USD_per_gallon
2016-04-04,GASALLECW,2.165,USD_per_gallon
2016-04-11,GASALLECW,2.168,USD_per_gallon
2016-04-18,GASALLECW,2.23,USD_per_gallon
2016-04-25,GASALLECW,2.258,USD_per_gallon
2016-05-02,GASALLECW,2.346,USD_per_gallon
2016-05-09,GASALLECW,2.35,USD_per_gallon
2016-05-16,GASALLECW,2.35,USD_per_gallon
2016-05-23,GASALLECW,2.384,USD_per_gallon
2016-05-30,GASALLECW,2.42,USD_per_gallon
2016-06-06,GASALLECW,2.447,USD_per_gallon
2016-06-13,GASALLECW,2.441,USD_per_gallon
2016-06-20,GASALLECW,2.412,USD_per_gallon
2016-06-27,GASALLECW,2.392,USD_per_gallon
2016-07-04,GASALLECW,2.369,USD_per_gallon
2016-07-11,GASALLECW,2.336,USD_per_gallon
2016-07-18,GASALLECW,2.296,USD_per_gallon
2016-07-25,GASALLECW,2.263,USD_per_gallon
2016-08-01,GASALLECW,2.244,USD_per_gallon
2016-08-08,GASALLECW,2.21,USD_per_gallon
2016-08-15,GASALLECW,2.221,USD_per_gallon
2016-08-22,GASALLECW,2.27,USD_per_gallon
2016-08-29,GASALLECW,2.314,USD_per_gallon
2016-09-05,GASALLECW,2.314,USD_per_gallon
2016-09-12,GASALLECW,2.291,USD_per_gallon
2016-09-19,GASALLECW,2.334,USD_per_gallon
2016-09-26,GASALLECW,2.345,USD_per_gallon
2016-10-03,GASALLECW,2.347,USD_per_gallon
2016-10-10,GASALLECW,2.372,USD_per_gallon
2016-10-17,GASALLECW,2.38,USD_per_gallon
2016-10-24,GASALLECW,2.374,USD_per_gallon
2016-10-31,GASALLECW,2.361,USD_per_gallon
2016-11-07,GASALLECW,2.384,USD_per_gallon
2016-11-14,GASALLECW,2.362,USD_per_gallon
2016-11-21,GASALLECW,2.318,USD_per_gallon
2016-11-28,GASALLECW,2.312,USD_per_gallon
2016-12-05,GASALLECW,2.376,USD_per_gallon
2016-12-12,GASALLECW,2.403,USD_per_gallon
2016-12-19,GASALLECW,2.433,USD_per_gallon
2016-12-26,GASALLECW,2.456,USD_per_gallon
2017-01-02,GASALLECW,2.528,USD_per_gallon
2017-01-09,GASALLECW,2.537,USD_per_gallon
2017-01-16,GASALLECW,2.516,USD_per_gallon
2017-01-23,GASALLECW,2.491,USD_per_gallon
2017-01-30,GASALLECW,2.466,USD_per_gallon
2017-02-06,GASALLECW,2.447,USD_per_gallon
2017-02-13,GASALLECW,2.439,USD_per_gallon
2017-02-20,GASALLECW,2.439,USD_per_gallon
2017-02-27,GASALLECW,2.433,USD_per_gallon
2017-03-06,GASALLECW,2.433,USD_per_gallon
2017-03-13,GASALLECW,2.421,USD_per_gallon
2017-03-20,GASALLECW,2.414,USD_per_gallon
2017-03-27,GASALLECW,2.423,USD_per_gallon
2017-04-03,GASALLECW,2.45,USD_per_gallon
2017-04-10,GASALLECW,2.519,USD_per_gallon
2017-04-17,GASALLECW,2.541,USD_per_gallon
2017-04-24,GASALLECW,2.559,USD_per_gallon
2017-05-01,GASALLECW,2.531,USD_per_gallon
2017-05-08,GASALLECW,2.493,USD_per_gallon
2017-05-15,GASALLECW,2.467,USD_per_gallon
2017-05-22,GASALLECW,2.474,USD_per_gallon
2017-05-29,GASALLECW,2.486,USD_per_gallon
2017-06-05,GASALLECW,2.493,USD_per_gallon
2017-06-12,GASALLECW,2.458,USD_per_gallon
2017-06-19,GASALLECW,2.417,USD_per_gallon
2017-06-26,GASALLECW,2.379,USD_per_gallon
2017-07-03,GASALLECW,2.354,USD_per_gallon
2017-07-10,GASALLECW,2.372,USD_per_gallon
2017-07-17,GASALLECW,2.365,USD_per_gallon
2017-07-24,GASALLECW,2.411,USD_per_gallon
2017-07-31,GASALLECW,2.453,USD_per_gallon
2017-08-07,GASALLECW,2.481,USD_per_gallon
2017-08-14,GASALLECW,2.474,USD_per_gallon
2017-08-21,GASALLECW,2.451,USD_per_gallon
2017-08-28,GASALLECW,2.485,USD_per_gallon
2017-09-04,GASALLECW,2.864,USD_per_gallon
2017-09-11,GASALLECW,2.871,USD_per_gallon
2017-09-18,GASALLECW,2.833,USD_per_gallon
2017-09-25,GASALLECW,2.785,USD_per_gallon
2017-10-02,GASALLECW,2.737,USD_per_gallon
2017-10-09,GASALLECW,2.669,USD_per_gallon
2017-10-16,GASALLECW,2.619,USD_per_gallon
2017-10-23,GASALLECW,2.596,USD_per_gallon
2017-10-30,GASALLECW,2.595,USD_per_gallon
2017-11-06,GASALLECW,2.623,USD_per_gallon
2017-11-13,GASALLECW,2.692,USD_per_gallon
2017-11-20,GASALLECW,2.672,USD_per_gallon
2017-11-27,GASALLECW,2.655,USD_per_gallon
2017-12-04,GASALLECW,2.638,USD_per_gallon
2017-12-11,GASALLECW,2.614,USD_per_gallon
2017-12-18,GASALLECW,2.588,USD_per_gallon
2017-12-25,GASALLECW,2.576,USD_per_gallon
2018-01-01,GASALLECW,2.641,USD_per_gallon
2018-01-08,GASALLECW,2.65,USD_per_gallon
2018-01-15,GASALLECW,2.666,USD_per_gallon
2018-01-22,GASALLECW,2.705,USD_per_gallon
2018-01-29,GASALLECW,2.735,USD_per_gallon
2018-02-05,GASALLECW,2.761,USD_per_gallon
2018-02-12,GASALLECW,2.754,USD_per_gallon
2018-02-19,GASALLECW,2.709,USD_per_gallon
2018-02-26,GASALLECW,2.68,USD_per_gallon
2018-03-05,GASALLECW,2.685,USD_per_gallon
2018-03-12,GASALLECW,2.661,USD_per_gallon
2018-03-19,GASALLECW,2.687,USD_per_gallon
2018-03-26,GASALLECW,2.74,USD_per_gallon
2018-04-02,GASALLECW,2.795,USD_per_gallon
2018-04-09,GASALLECW,2.786,USD_per_gallon
2018-04-16,GASALLECW,2.833,USD_per_gallon
2018-04-23,GASALLECW,2.897,USD_per_gallon
2018-04-30,GASALLECW,2.935,USD_per_gallon
2018-05-07,GASALLECW,2.938,USD_per_gallon
2018-05-14,GASALLECW,2.885,USD_per_gallon
2018-05-21,GASALLECW,2.927,USD_per_gallon
2018-05-28,GASALLECW,2.976,USD_per_gallon
2018-06-04,GASALLECW,2.947,USD_per_gallon
2018-06-11,GASALLECW,2.908,USD_per_gallon
2018-06-18,GASALLECW,2.868,USD_per_gallon
2018-06-25,GASALLECW,2.83,USD_per_gallon
2018-07-02,GASALLECW,2.838,USD_per_gallon
2018-07-09,GASALLECW,2.849,USD_per_gallon
2018-07-16,GASALLECW,2.87,USD_per_gallon
2018-07-23,GASALLECW,2.845,USD_per_gallon
2018-07-30,GASALLECW,2.86,USD_per_gallon
2018-08-06,GASALLECW,2.871,USD_per_gallon
2018-08-13,GASALLECW,2.872,USD_per_gallon
2018-08-20,GASALLECW,2.846,USD_per_gallon
2018-08-27,GASALLECW,2.834,USD_per_gallon
2018-09-03,GASALLECW,2.845,USD_per_gallon
2018-09-10,GASALLECW,2.856,USD_per_gallon
2018-09-17,GASALLECW,2.857,USD_per_gallon
2018-09-24,GASALLECW,2.843,USD_per_gallon
2018-10-01,GASALLECW,2.865,USD_per_gallon
2018-10-08,GASALLECW,2.898,USD_per_gallon
2018-10-15,GASALLECW,2.88,USD_per_gallon
2018-10-22,GASALLECW,2.849,USD_per_gallon
2018-10-29,GASALLECW,2.807,USD_per_gallon
2018-11-05,GASALLECW,2.754,USD_per_gallon
2018-11-12,GASALLECW,2.696,USD_per_gallon
2018-11-19,GASALLECW,2.629,USD_per_gallon
2018-11-26,GASALLECW,2.573,USD_per_gallon
2018-12-03,GASALLECW,2.498,USD_per_gallon
2018-12-10,GASALLECW,2.459,USD_per_gallon
2018-12-17,GASALLECW,2.428,USD_per_gallon
2018-12-24,GASALLECW,2.373,USD_per_gallon
2018-12-31,GASALLECW,2.328,USD_per_gallon
2019-01-07,GASALLECW,2.293,USD_per_gallon
2019-01-14,GASALLECW,2.295,USD_per_gallon
2019-01-21,GASALLECW,2.318,USD_per_gallon
2019-01-28,GASALLECW,2.324,USD_per_gallon
2019-02-04,GASALLECW,2.319,USD_per_gallon
2019-02-11,GASALLECW,2.311,USD_per_gallon
2019-02-18,GASALLECW,2.34,USD_per_gallon
2019-02-25,GASALLECW,2.422,USD_per_gallon
2019-03-04,GASALLECW,2.457,USD_per_gallon
2019-03-11,GASALLECW,2.501,USD_per_gallon
2019-03-18,GASALLECW,2.588,USD_per_gallon
2019-03-25,GASALLECW,2.637,USD_per_gallon
2019-04-01,GASALLECW,2.688,USD_per_gallon
2019-04-08,GASALLECW,2.722,USD_per_gallon
2019-04-15,GASALLECW,2.788,USD_per_gallon
2019-04-22,GASALLECW,2.803,USD_per_gallon
2019-04-29,GASALLECW,2.85,USD_per_gallon
2019-05-06,GASALLECW,2.863,USD_per_gallon
2019-05-13,GASALLECW,2.826,USD_per_gallon
2019-05-20,GASALLECW,2.796,USD_per_gallon
2019-05-27,GASALLECW,2.77,USD_per_gallon
2019-06-03,GASALLECW,2.737,USD_per_gallon
2019-06-10,GASALLECW,2.695,USD_per_gallon
2019-06-17,GASALLECW,2.633,USD_per_gallon
2019-06-24,GASALLECW,2.617,USD_per_gallon
2019-07-01,GASALLECW,2.699,USD_per_gallon
2019-07-08,GASALLECW,2.733,USD_per_gallon
2019-07-15,GASALLECW,2.752,USD_per_gallon
2019-07-22,GASALLECW,2.745,USD_per_gallon
2019-07-29,GASALLECW,2.703,USD_per_gallon
2019-08-05,GASALLECW,2.673,USD_per_gallon
2019-08-12,GASALLECW,2.629,USD_per_gallon
2019-08-19,GASALLECW,2.594,USD_per_gallon
2019-08-26,GASALLECW,2.561,USD_per_gallon
2019-09-02,GASALLECW,2.557,USD_per_gallon
2019-09-09,GASALLECW,2.539,USD_per_gallon
2019-09-16,GASALLECW,2.53,USD_per_gallon
2019-09-23,GASALLECW,2.615,USD_per_gallon
2019-09-30,GASALLECW,2.584,USD_per_gallon
2019-10-07,GASALLECW,2.564,USD_per_gallon
2019-10-14,GASALLECW,2.54,USD_per_gallon
2019-10-21,GASALLECW,2.559,USD_per_gallon
2019-10-28,GASALLECW,2.531,USD_per_gallon
2019-11-04,GASALLECW,2.553,USD_per_gallon
2019-11-11,GASALLECW,2.552,USD_per_gallon
2019-11-18,GASALLECW,2.53,USD_per_gallon
2019-11-25,GASALLECW,2.538,USD_per_gallon
2019-12-02,GASALLECW,2.554,USD_per_gallon
2019-12-09,GASALLECW,2.554,USD_per_gallon
2019-12-16,GASALLECW,2.535,USD_per_gallon
2019-12-23,GASALLECW,2.54,USD_per_gallon
2019-12-30,GASALLECW,2.576,USD_per_gallon
2020-01-06,GASALLECW,2.613,USD_per_gallon
2020-01-13,GASALLECW,2.595,USD_per_gallon
2020-01-20,GASALLECW,2.572,USD_per_gallon
2020-01-27,GASALLECW,2.527,USD_per_gallon
2020-02-03,GASALLECW,2.472,USD_per_gallon
2020-02-10,GASALLECW,2.448,USD_per_gallon
2020-02-17,GASALLECW,2.443,USD_per_gallon
2020-02-24,GASALLECW,2.478,USD_per_gallon
2020-03-02,GASALLECW,2.43,USD_per_gallon
2020-03-09,GASALLECW,2.382,USD_per_gallon
2020-03-16,GASALLECW,2.274,USD_per_gallon
2020-03-23,GASALLECW,2.166,USD_per_gallon
2020-03-30,GASALLECW,2.064,USD_per_gallon
2020-04-06,GASALLECW,2.006,USD_per_gallon
2020-04-13,GASALLECW,1.962,USD_per_gallon
2020-04-20,GASALLECW,1.929,USD_per_gallon
2020-04-27,GASALLECW,1.894,USD_per_gallon
2020-05-04,GASALLECW,1.878,USD_per_gallon
2020-05-11,GASALLECW,1.898,USD_per_gallon
2020-05-18,GASALLECW,1.917,USD_per_gallon
2020-05-25,GASALLECW,1.987,USD_per_gallon
2020-06-01,GASALLECW,1.995,USD_per_gallon
2020-06-08,GASALLECW,2.029,USD_per_gallon
2020-06-15,GASALLECW,2.101,USD_per_gallon
2020-06-22,GASALLECW,2.129,USD_per_gallon
2020-06-29,GASALLECW,2.164,USD_per_gallon
2020-07-06,GASALLECW,2.179,USD_per_gallon
2020-07-13,GASALLECW,2.19,USD_per_gallon
2020-07-20,GASALLECW,2.184,USD_per_gallon
2020-07-27,GASALLECW,2.172,USD_per_gallon
2020-08-03,GASALLECW,2.183,USD_per_gallon
2020-08-10,GASALLECW,2.171,USD_per_gallon
2020-08-17,GASALLECW,2.165,USD_per_gallon
2020-08-24,GASALLECW,2.174,USD_per_gallon
2020-08-31,GASALLECW,2.233,USD_per_gallon
2020-09-07,GASALLECW,2.244,USD_per_gallon
2020-09-14,GASALLECW,2.216,USD_per_gallon
2020-09-21,GASALLECW,2.192,USD_per_gallon
2020-09-28,GASALLECW,2.186,USD_per_gallon
2020-10-05,GASALLECW,2.208,USD_per_gallon
2020-10-12,GASALLECW,2.209,USD_per_gallon
2020-10-19,GASALLECW,2.196,USD_per_gallon
2020-10-26,GASALLECW,2.173,USD_per_gallon
2020-11-02,GASALLECW,2.149,USD_per_gallon
2020-11-09,GASALLECW,2.127,USD_per_gallon
2020-11-16,GASALLECW,2.152,USD_per_gallon
2020-11-23,GASALLECW,2.152,USD_per_gallon
2020-11-30,GASALLECW,2.185,USD_per_gallon
2020-12-07,GASALLECW,2.216,USD_per_gallon
2020-12-14,GASALLECW,2.219,USD_per_gallon
2020-12-21,GASALLECW,2.269,USD_per_gallon
2020-12-28,GASALLECW,2.276,USD_per_gallon
2021-01-04,GASALLECW,2.296,USD_per_gallon
2021-01-11,GASALLECW,2.372,USD_per_gallon
2021-01-18,GASALLECW,2.425,USD_per_gallon
2021-01-25,GASALLECW,2.45,USD_per_gallon
2021-02-01,GASALLECW,2.455,USD_per_gallon
2021-02-08,GASALLECW,2.515,USD_per_gallon
2021-02-15,GASALLECW,2.548,USD_per_gallon
2021-02-22,GASALLECW,2.68,USD_per_gallon
2021-03-01,GASALLECW,2.729,USD_per_gallon
2021-03-08,GASALLECW,2.78,USD_per_gallon
2021-03-15,GASALLECW,2.864,USD_per_gallon
2021-03-22,GASALLECW,2.883,USD_per_gallon
2021-03-29,GASALLECW,2.855,USD_per_gallon
2021-04-05,GASALLECW,2.842,USD_per_gallon
2021-04-12,GASALLECW,2.831,USD_per_gallon
2021-04-19,GASALLECW,2.828,USD_per_gallon
2021-04-26,GASALLECW,2.837,USD_per_gallon
2021-05-03,GASALLECW,2.855,USD_per_gallon
2021-05-10,GASALLECW,2.941,USD_per_gallon
2021-05-17,GASALLECW,3.016,USD_per_gallon
2021-05-24,GASALLECW,3.013,USD_per_gallon
2021-05-31,GASALLECW,3.007,USD_per_gallon
2021-06-07,GASALLECW,3.01,USD_per_gallon
2021-06-14,GASALLECW,3.043,USD_per_gallon
2021-06-21,GASALLECW,3.04,USD_per_gallon
2021-06-28,GASALLECW,3.057,USD_per_gallon
2021-07-05,GASALLECW,3.087,USD_per_gallon
2021-07-12,GASALLECW,3.091,USD_per_gallon
2021-07-19,GASALLECW,3.103,USD_per_gallon
2021-07-26,GASALLECW,3.09,USD_per_gallon
2021-08-02,GASALLECW,3.107,USD_per_gallon
2021-08-09,GASALLECW,3.121,USD_per_gallon
2021-08-16,GASALLECW,3.12,USD_per_gallon
2021-08-23,GASALLECW,3.105,USD_per_gallon
2021-08-30,GASALLECW,3.101,USD_per_gallon
2021-09-06,GASALLECW,3.146,USD_per_gallon
2021-09-13,GASALLECW,3.136,USD_per_gallon
2021-09-20,GASALLECW,3.167,USD_per_gallon
2021-09-27,GASALLECW,3.158,USD_per_gallon
2021-10-04,GASALLECW,3.163,USD_per_gallon
2021-10-11,GASALLECW,3.262,USD_per_gallon
2021-10-18,GASALLECW,3.322,USD_per_gallon
2021-10-25,GASALLECW,3.418,USD_per_gallon
2021-11-01,GASALLECW,3.424,USD_per_gallon
2021-11-08,GASALLECW,3.421,USD_per_gallon
2021-11-15,GASALLECW,3.417,USD_per_gallon
2021-11-22,GASALLECW,3.429,USD_per_gallon
2021-11-29,GASALLECW,3.421,USD_per_gallon
2021-12-06,GASALLECW,3.38,USD_per_gallon
2021-12-13,GASALLECW,3.359,USD_per_gallon
2021-12-20,GASALLECW,3.34,USD_per_gallon
2021-12-27,GASALLECW,3.328,USD_per_gallon
2022-01-03,GASALLECW,3.321,USD_per_gallon
2022-01-10,GASALLECW,3.308,USD_per_gallon
2022-01-17,GASALLECW,3.321,USD_per_gallon
2022-01-24,GASALLECW,3.332,USD_per_gallon
2022-01-31,GASALLECW,3.395,USD_per_gallon
2022-02-07,GASALLECW,3.472,USD_per_gallon
2022-02-14,GASALLECW,3.534,USD_per_gallon
2022-02-21,GASALLECW,3.583,USD_per_gallon
2022-02-28,GASALLECW,3.643,USD_per_gallon
2022-03-07,GASALLECW,4.178,USD_per_gallon
2022-03-14,GASALLECW,4.349,USD_per_gallon
2022-03-21,GASALLECW,4.211,USD_per_gallon
2022-03-28,GASALLECW,4.176,USD_per_gallon
2022-04-04,GASALLECW,4.13,USD_per_gallon
2022-04-11,GASALLECW,4.051,USD_per_gallon
2022-04-18,GASALLECW,4.012,USD_per_gallon
2022-04-25,GASALLECW,4.067,USD_per_gallon
2022-05-02,GASALLECW,4.175,USD_per_gallon
2022-05-09,GASALLECW,4.321,USD_per_gallon
2022-05-16,GASALLECW,4.517,USD_per_gallon
2022-05-23,GASALLECW,4.616,USD_per_gallon
2022-05-30,GASALLECW,4.636,USD_per_gallon
2022-06-06,GASALLECW,4.808,USD_per_gallon
2022-06-13,GASALLECW,4.938,USD_per_gallon
2022-06-20,GASALLECW,4.879,USD_per_gallon
2022-06-27,GASALLECW,4.784,USD_per_gallon
2022-07-04,GASALLECW,4.688,USD_per_gallon
2022-07-11,GASALLECW,4.569,USD_per_gallon
2022-07-18,GASALLECW,4.442,USD_per_gallon
2022-07-25,GASALLECW,4.303,USD_per_gallon
2022-08-01,GASALLECW,4.192,USD_per_gallon
2022-08-08,GASALLECW,4.066,USD_per_gallon
2022-08-15,GASALLECW,3.954,USD_per_gallon
2022-08-22,GASALLECW,3.866,USD_per_gallon
2022-08-29,GASALLECW,3.818,USD_per_gallon
2022-09-05,GASALLECW,3.71,USD_per_gallon
2022-09-12,GASALLECW,3.623,USD_per_gallon
2022-09-19,GASALLECW,3.554,USD_per_gallon
2022-09-26,GASALLECW,3.505,USD_per_gallon
2022-10-03,GASALLECW,3.433,USD_per_gallon
2022-10-10,GASALLECW,3.573,USD_per_gallon
2022-10-17,GASALLECW,3.619,USD_per_gallon
2022-10-24,GASALLECW,3.576,USD_per_gallon
2022-10-31,GASALLECW,3.618,USD_per_gallon
2022-11-07,GASALLECW,3.687,USD_per_gallon
2022-11-14,GASALLECW,3.708,USD_per_gallon
2022-11-21,GASALLECW,3.637,USD_per_gallon
2022-11-28,GASALLECW,3.569,USD_per_gallon
2022-12-05,GASALLECW,3.455,USD_per_gallon
2022-12-12,GASALLECW,3.326,USD_per_gallon
2022-12-19,GASALLECW,3.22,USD_per_gallon
2022-12-26,GASALLECW,3.173,USD_per_gallon
2023-01-02,GASALLECW,3.31,USD_per_gallon
2023-01-09,GASALLECW,3.318,USD_per_gallon
2023-01-16,GASALLECW,3.36,USD_per_gallon
2023-01-23,GASALLECW,3.483,USD_per_gallon
2023-01-30,GASALLECW,3.563,USD_per_gallon
2023-02-06,GASALLECW,3.505,USD_per_gallon
2023-02-13,GASALLECW,3.44,USD_per_gallon
2023-02-20,GASALLECW,3.392,USD_per_gallon
2023-02-27,GASALLECW,3.344,USD_per_gallon
2023-03-06,GASALLECW,3.343,USD_per_gallon
2023-03-13,GASALLECW,3.413,USD_per_gallon
2023-03-20,GASALLECW,3.405,USD_per_gallon
2023-03-27,GASALLECW,3.396,USD_per_gallon
2023-04-03,GASALLECW,3.455,USD_per_gallon
2023-04-10,GASALLECW,3.558,USD_per_gallon
2023-04-17,GASALLECW,3.609,USD_per_gallon
2023-04-24,GASALLECW,3.642,USD_per_gallon
2023-05-01,GASALLECW,3.592,USD_per_gallon
2023-05-08,GASALLECW,3.528,USD_per_gallon
2023-05-15,GASALLECW,3.499,USD_per_gallon
2023-05-22,GASALLECW,3.483,USD_per_gallon
2023-05-29,GASALLECW,3.529,USD_per_gallon
2023-06-05,GASALLECW,3.512,USD_per_gallon
2023-06-12,GASALLECW,3.531,USD_per_gallon
2023-06-19,GASALLECW,3.518,USD_per_gallon
2023-06-26,GASALLECW,3.506,USD_per_gallon
2023-07-03,GASALLECW,3.475,USD_per_gallon
2023-07-10,GASALLECW,3.531,USD_per_gallon
2023-07-17,GASALLECW,3.525,USD_per_gallon
2023-07-24,GASALLECW,3.59,USD_per_gallon
2023-07-31,GASALLECW,3.746,USD_per_gallon
2023-08-07,GASALLECW,3.836,USD_per_gallon
2023-08-14,GASALLECW,3.812,USD_per_gallon
2023-08-21,GASALLECW,3.829,USD_per_gallon
2023-08-28,GASALLECW,3.779,USD_per_gallon
2023-09-04,GASALLECW,3.758,USD_per_gallon
2023-09-11,GASALLECW,3.736,USD_per_gallon
2023-09-18,GASALLECW,3.757,USD_per_gallon
2023-09-25,GASALLECW,3.702,USD_per_gallon
2023-10-02,GASALLECW,3.644,USD_per_gallon
2023-10-09,GASALLECW,3.583,USD_per_gallon
2023-10-16,GASALLECW,3.505,USD_per_gallon
2023-10-23,GASALLECW,3.457,USD_per_gallon
2023-10-30,GASALLECW,3.436,USD_per_gallon
2023-11-06,GASALLECW,3.36,USD_per_gallon
2023-11-13,GASALLECW,3.319,USD_per_gallon
2023-11-20,GASALLECW,3.276,USD_per_gallon
2023-11-27,GASALLECW,3.267,USD_per_gallon
2023-12-04,GASALLECW,3.316,USD_per_gallon
2023-12-11,GASALLECW,3.234,USD_per_gallon
2023-12-18,GASALLECW,3.162,USD_per_gallon
2023-12-25,GASALLECW,3.227,USD_per_gallon
2024-01-01,GASALLECW,3.197,USD_per_gallon
2024-01-08,GASALLECW,3.186,USD_per_gallon
2024-01-15,GASALLECW,3.149,USD_per_gallon
2024-01-22,GASALLECW,3.133,USD_per_gallon
2024-01-29,GASALLECW,3.192,USD_per_gallon
2024-02-05,GASALLECW,3.226,USD_per_gallon
2024-02-12,GASALLECW,3.26,USD_per_gallon
2024-02-19,GASALLECW,3.336,USD_per_gallon
2024-02-26,GASALLECW,3.311,USD_per_gallon
2024-03-04,GASALLECW,3.346,USD_per_gallon
2024-03-11,GASALLECW,3.37,USD_per_gallon
2024-03-18,GASALLECW,3.452,USD_per_gallon
2024-03-25,GASALLECW,3.492,USD_per_gallon
2024-04-01,GASALLECW,3.485,USD_per_gallon
2024-04-08,GASALLECW,3.495,USD_per_gallon
2024-04-15,GASALLECW,3.555,USD_per_gallon
2024-04-22,GASALLECW,3.644,USD_per_gallon
2024-04-29,GASALLECW,3.646,USD_per_gallon
2024-05-06,GASALLECW,3.654,USD_per_gallon
2024-05-13,GASALLECW,3.597,USD_per_gallon
2024-05-20,GASALLECW,3.581,USD_per_gallon
2024-05-27,GASALLECW,3.592,USD_per_gallon
2024-06-03,GASALLECW,3.551,USD_per_gallon
2024-06-10,GASALLECW,3.48,USD_per_gallon
2024-06-17,GASALLECW,3.468,USD_per_gallon
2024-06-24,GASALLECW,3.473,USD_per_gallon
2024-07-01,GASALLECW,3.497,USD_per_gallon
2024-07-08,GASALLECW,3.558,USD_per_gallon
2024-07-15,GASALLECW,3.573,USD_per_gallon
2024-07-22,GASALLECW,3.518,USD_per_gallon
2024-07-29,GASALLECW,3.504,USD_per_gallon
2024-08-05,GASALLECW,3.484,USD_per_gallon
2024-08-12,GASALLECW,3.436,USD_per_gallon
2024-08-19,GASALLECW,3.41,USD_per_gallon
2024-08-26,GASALLECW,3.365,USD_per_gallon
2024-09-02,GASALLECW,3.345,USD_per_gallon
2024-09-09,GASALLECW,3.262,USD_per_gallon
2024-09-16,GASALLECW,3.198,USD_per_gallon
2024-09-23,GASALLECW,3.165,USD_per_gallon
2024-09-30,GASALLECW,3.172,USD_per_gallon
2024-10-07,GASALLECW,3.121,USD_per_gallon
2024-10-14,GASALLECW,3.154,USD_per_gallon
2024-10-21,GASALLECW,3.165,USD_per_gallon
2024-10-28,GASALLECW,3.156,USD_per_gallon
2024-11-04,GASALLECW,3.102,USD_per_gallon
2024-11-11,GASALLECW,3.114,USD_per_gallon
2024-11-18,GASALLECW,3.113,USD_per_gallon
2024-11-25,GASALLECW,3.122,USD_per_gallon
2024-12-02,GASALLECW,3.101,USD_per_gallon
2024-12-09,GASALLECW,3.11,USD_per_gallon
2024-12-16,GASALLECW,3.102,USD_per_gallon
2024-12-23,GASALLECW,3.057,USD_per_gallon
2024-12-30,GASALLECW,3.068,USD_per_gallon
2025-01-06,GASALLECW,3.101,USD_per_gallon
2025-01-13,GASALLECW,3.11,USD_per_gallon
2025-01-20,GASALLECW,3.179,USD_per_gallon
2025-01-27,GASALLECW,3.186,USD_per_gallon
2025-02-03,GASALLECW,3.13,USD_per_gallon
2025-02-10,GASALLECW,3.161,USD_per_gallon
2025-02-17,GASALLECW,3.135,USD_per_gallon
2025-02-24,GASALLECW,3.124,USD_per_gallon
2025-03-03,GASALLECW,3.089,USD_per_gallon
2025-03-10,GASALLECW,3.058,USD_per_gallon
2025-03-17,GASALLECW,3.061,USD_per_gallon
2025-03-24,GASALLECW,3.076,USD_per_gallon
2025-03-31,GASALLECW,3.104,USD_per_gallon
2025-04-07,GASALLECW,3.19,USD_per_gallon
2025-04-14,GASALLECW,3.127,USD_per_gallon
2025-04-21,GASALLECW,3.096,USD_per_gallon
2025-04-28,GASALLECW,3.1,USD_per_gallon
2025-05-05,GASALLECW,3.11,USD_per_gallon
2025-05-12,GASALLECW,3.06,USD_per_gallon
2025-05-19,GASALLECW,3.103,USD_per_gallon
2025-05-26,GASALLECW,3.108,USD_per_gallon
2025-06-02,GASALLECW,3.088,USD_per_gallon
2025-06-09,GASALLECW,3.061,USD_per_gallon
2025-06-16,GASALLECW,3.096,USD_per_gallon
2025-06-23,GASALLECW,3.183,USD_per_gallon
2025-06-30,GASALLECW,3.143,USD_per_gallon
2025-07-07,GASALLECW,3.132,USD_per_gallon
2025-07-14,GASALLECW,3.1,USD_per_gallon
2025-07-21,GASALLECW,3.119,USD_per_gallon
2025-07-28,GASALLECW,3.112,USD_per_gallon
2025-08-04,GASALLECW,3.129,USD_per_gallon
2025-08-11,GASALLECW,3.118,USD_per_gallon
2025-08-18,GASALLECW,3.11,USD_per_gallon
2025-08-25,GASALLECW,3.101,USD_per_gallon
2025-09-01,GASALLECW,3.126,USD_per_gallon
2025-09-08,GASALLECW,3.175,USD_per_gallon
2025-09-15,GASALLECW,3.131,USD_per_gallon
2025-09-22,GASALLECW,3.143,USD_per_gallon
2025-09-29,GASALLECW,3.097,USD_per_gallon
2025-10-06,GASALLECW,3.097,USD_per_gallon
2025-10-13,GASALLECW,3.067,USD_per_gallon
2025-10-20,GASALLECW,3.018,USD_per_gallon
2025-10-27,GASALLECW,3.026,USD_per_gallon
2025-11-03,GASALLECW,3.033,USD_per_gallon
2025-11-10,GASALLECW,3.027,USD_per_gallon
2025-11-17,GASALLECW,3.068,USD_per_gallon
2025-11-24,GASALLECW,3.1,USD_per_gallon
2025-12-01,GASALLECW,3.048,USD_per_gallon
2025-12-08,GASALLECW,3.009,USD_per_gallon
2025-12-15,GASALLECW,2.96,USD_per_gallon
2025-12-22,GASALLECW,2.938,USD_per_gallon
2025-12-29,GASALLECW,2.9,USD_per_gallon
2026-01-05,GASALLECW,2.895,USD_per_gallon
2026-01-12,GASALLECW,2.859,USD_per_gallon
2026-01-19,GASALLECW,2.881,USD_per_gallon
2026-01-26,GASALLECW,2.918,USD_per_gallon
2026-02-02,GASALLECW,2.937,USD_per_gallon
2026-02-09,GASALLECW,2.937,USD_per_gallon
2026-02-16,GASALLECW,2.95,USD_per_gallon
2026-02-23,GASALLECW,2.952,USD_per_gallon
2026-03-02,GASALLECW,3.0,USD_per_gallon
2026-03-09,GASALLECW,3.473,USD_per_gallon
2026-03-16,GASALLECW,3.689,USD_per_gallon
2026-03-23,GASALLECW,3.897,USD_per_gallon
2026-03-30,GASALLECW,3.928,USD_per_gallon
2026-04-06,GASALLECW,4.112,USD_per_gallon
2026-04-13,GASALLECW,4.068,USD_per_gallon
2026-04-20,GASALLECW,4.003,USD_per_gallon
2026-04-27,GASALLECW,4.071,USD_per_gallon
2026-05-04,GASALLECW,4.362,USD_per_gallon
1993-04-05,GASALLGCW,1.064,USD_per_gallon
1993-04-12,GASALLGCW,1.071,USD_per_gallon
1993-04-19,GASALLGCW,1.081,USD_per_gallon
1993-04-26,GASALLGCW,1.081,USD_per_gallon
1993-05-03,GASALLGCW,1.084,USD_per_gallon
1993-05-10,GASALLGCW,1.088,USD_per_gallon
1993-05-17,GASALLGCW,1.097,USD_per_gallon
1993-05-24,GASALLGCW,1.096,USD_per_gallon
1993-05-31,GASALLGCW,1.096,USD_per_gallon
1993-06-07,GASALLGCW,1.095,USD_per_gallon
1993-06-14,GASALLGCW,1.094,USD_per_gallon
1993-06-21,GASALLGCW,1.09,USD_per_gallon
1993-06-28,GASALLGCW,1.087,USD_per_gallon
1993-07-05,GASALLGCW,1.089,USD_per_gallon
1993-07-12,GASALLGCW,1.083,USD_per_gallon
1993-07-19,GASALLGCW,1.08,USD_per_gallon
1993-07-26,GASALLGCW,1.075,USD_per_gallon
1993-08-02,GASALLGCW,1.07,USD_per_gallon
1993-08-09,GASALLGCW,1.067,USD_per_gallon
1993-08-16,GASALLGCW,1.064,USD_per_gallon
1993-08-23,GASALLGCW,1.067,USD_per_gallon
1993-08-30,GASALLGCW,1.062,USD_per_gallon
1993-09-06,GASALLGCW,1.06,USD_per_gallon
1993-09-13,GASALLGCW,1.054,USD_per_gallon
1993-09-20,GASALLGCW,1.05,USD_per_gallon
1993-09-27,GASALLGCW,1.042,USD_per_gallon
1993-10-04,GASALLGCW,1.086,USD_per_gallon
1993-10-11,GASALLGCW,1.081,USD_per_gallon
1993-10-18,GASALLGCW,1.078,USD_per_gallon
1993-10-25,GASALLGCW,1.073,USD_per_gallon
1993-11-01,GASALLGCW,1.069,USD_per_gallon
1993-11-08,GASALLGCW,1.062,USD_per_gallon
1993-11-15,GASALLGCW,1.052,USD_per_gallon
1993-11-22,GASALLGCW,1.044,USD_per_gallon
1993-11-29,GASALLGCW,1.04,USD_per_gallon
1993-12-06,GASALLGCW,1.03,USD_per_gallon
1993-12-13,GASALLGCW,1.014,USD_per_gallon
1993-12-20,GASALLGCW,1.001,USD_per_gallon
1993-12-27,GASALLGCW,0.993,USD_per_gallon
1994-01-03,GASALLGCW,0.989,USD_per_gallon
1994-01-10,GASALLGCW,0.984,USD_per_gallon
1994-01-17,GASALLGCW,0.982,USD_per_gallon
1994-01-24,GASALLGCW,0.981,USD_per_gallon
1994-01-31,GASALLGCW,0.983,USD_per_gallon
1994-02-07,GASALLGCW,0.986,USD_per_gallon
1994-02-14,GASALLGCW,0.992,USD_per_gallon
1994-02-21,GASALLGCW,0.985,USD_per_gallon
1994-02-28,GASALLGCW,0.981,USD_per_gallon
1994-03-07,GASALLGCW,0.978,USD_per_gallon
1994-03-14,GASALLGCW,0.976,USD_per_gallon
1994-03-21,GASALLGCW,0.981,USD_per_gallon
1994-03-28,GASALLGCW,0.995,USD_per_gallon
1994-04-04,GASALLGCW,0.999,USD_per_gallon
1994-04-11,GASALLGCW,1.01,USD_per_gallon
1994-04-18,GASALLGCW,1.015,USD_per_gallon
1994-04-25,GASALLGCW,1.021,USD_per_gallon
1994-05-02,GASALLGCW,1.024,USD_per_gallon
1994-05-09,GASALLGCW,1.024,USD_per_gallon
1994-05-16,GASALLGCW,1.025,USD_per_gallon
1994-05-23,GASALLGCW,1.023,USD_per_gallon
1994-05-30,GASALLGCW,1.028,USD_per_gallon
1994-06-06,GASALLGCW,1.037,USD_per_gallon
1994-06-13,GASALLGCW,1.049,USD_per_gallon
1994-06-20,GASALLGCW,1.051,USD_per_gallon
1994-06-27,GASALLGCW,1.067,USD_per_gallon
1994-07-04,GASALLGCW,1.072,USD_per_gallon
1994-07-11,GASALLGCW,1.072,USD_per_gallon
1994-07-18,GASALLGCW,1.079,USD_per_gallon
1994-07-25,GASALLGCW,1.081,USD_per_gallon
1994-08-01,GASALLGCW,1.096,USD_per_gallon
1994-08-08,GASALLGCW,1.126,USD_per_gallon
1994-08-15,GASALLGCW,1.132,USD_per_gallon
1994-08-22,GASALLGCW,1.134,USD_per_gallon
1994-08-29,GASALLGCW,1.134,USD_per_gallon
1994-09-05,GASALLGCW,1.131,USD_per_gallon
1994-09-12,GASALLGCW,1.129,USD_per_gallon
1994-09-19,GASALLGCW,1.123,USD_per_gallon
1994-09-26,GASALLGCW,1.114,USD_per_gallon
1994-10-03,GASALLGCW,1.109,USD_per_gallon
1994-10-10,GASALLGCW,1.103,USD_per_gallon
1994-10-17,GASALLGCW,1.096,USD_per_gallon
1994-10-24,GASALLGCW,1.093,USD_per_gallon
1994-10-31,GASALLGCW,1.105,USD_per_gallon
1994-11-07,GASALLGCW,1.111,USD_per_gallon
1994-11-14,GASALLGCW,1.105,USD_per_gallon
1994-11-21,GASALLGCW,1.1,USD_per_gallon
1994-11-28,GASALLGCW,1.116,USD_per_gallon
1994-12-05,GASALLGCW,1.135,USD_per_gallon
1994-12-12,GASALLGCW,1.147,USD_per_gallon
1994-12-19,GASALLGCW,1.159,USD_per_gallon
1994-12-26,GASALLGCW,1.146,USD_per_gallon
1995-01-02,GASALLGCW,1.146,USD_per_gallon
1995-01-09,GASALLGCW,1.146,USD_per_gallon
1995-01-16,GASALLGCW,1.143,USD_per_gallon
1995-01-23,GASALLGCW,1.138,USD_per_gallon
1995-01-30,GASALLGCW,1.142,USD_per_gallon
1995-02-06,GASALLGCW,1.139,USD_per_gallon
1995-02-13,GASALLGCW,1.133,USD_per_gallon
1995-02-20,GASALLGCW,1.129,USD_per_gallon
1995-02-27,GASALLGCW,1.132,USD_per_gallon
1995-03-06,GASALLGCW,1.133,USD_per_gallon
1995-03-13,GASALLGCW,1.129,USD_per_gallon
1995-03-20,GASALLGCW,1.12,USD_per_gallon
1995-03-27,GASALLGCW,1.121,USD_per_gallon
1995-04-03,GASALLGCW,1.132,USD_per_gallon
1995-04-10,GASALLGCW,1.149,USD_per_gallon
1995-04-17,GASALLGCW,1.168,USD_per_gallon
1995-04-24,GASALLGCW,1.192,USD_per_gallon
1995-05-01,GASALLGCW,1.208,USD_per_gallon
1995-05-08,GASALLGCW,1.221,USD_per_gallon
1995-05-15,GASALLGCW,1.231,USD_per_gallon
1995-05-22,GASALLGCW,1.247,USD_per_gallon
1995-05-29,GASALLGCW,1.254,USD_per_gallon
1995-06-05,GASALLGCW,1.253,USD_per_gallon
1995-06-12,GASALLGCW,1.249,USD_per_gallon
1995-06-19,GASALLGCW,1.246,USD_per_gallon
1995-06-26,GASALLGCW,1.243,USD_per_gallon
1995-07-03,GASALLGCW,1.235,USD_per_gallon
1995-07-10,GASALLGCW,1.227,USD_per_gallon
1995-07-17,GASALLGCW,1.214,USD_per_gallon
1995-07-24,GASALLGCW,1.202,USD_per_gallon
1995-07-31,GASALLGCW,1.19,USD_per_gallon
1995-08-07,GASALLGCW,1.179,USD_per_gallon
1995-08-14,GASALLGCW,1.174,USD_per_gallon
1995-08-21,GASALLGCW,1.168,USD_per_gallon
1995-08-28,GASALLGCW,1.162,USD_per_gallon
1995-09-04,GASALLGCW,1.154,USD_per_gallon
1995-09-11,GASALLGCW,1.149,USD_per_gallon
1995-09-18,GASALLGCW,1.145,USD_per_gallon
1995-09-25,GASALLGCW,1.143,USD_per_gallon
1995-10-02,GASALLGCW,1.132,USD_per_gallon
1995-10-09,GASALLGCW,1.131,USD_per_gallon
1995-10-16,GASALLGCW,1.124,USD_per_gallon
1995-10-23,GASALLGCW,1.117,USD_per_gallon
1995-10-30,GASALLGCW,1.108,USD_per_gallon
1995-11-06,GASALLGCW,1.099,USD_per_gallon
1995-11-13,GASALLGCW,1.096,USD_per_gallon
1995-11-20,GASALLGCW,1.092,USD_per_gallon
1995-11-27,GASALLGCW,1.092,USD_per_gallon
1995-12-04,GASALLGCW,1.093,USD_per_gallon
1995-12-11,GASALLGCW,1.099,USD_per_gallon
1995-12-18,GASALLGCW,1.1,USD_per_gallon
1995-12-25,GASALLGCW,1.109,USD_per_gallon
1996-01-01,GASALLGCW,1.11,USD_per_gallon
1996-01-08,GASALLGCW,1.116,USD_per_gallon
1996-01-15,GASALLGCW,1.134,USD_per_gallon
1996-01-22,GASALLGCW,1.132,USD_per_gallon
1996-01-29,GASALLGCW,1.129,USD_per_gallon
1996-02-05,GASALLGCW,1.122,USD_per_gallon
1996-02-12,GASALLGCW,1.12,USD_per_gallon
1996-02-19,GASALLGCW,1.12,USD_per_gallon
1996-02-26,GASALLGCW,1.132,USD_per_gallon
1996-03-04,GASALLGCW,1.155,USD_per_gallon
1996-03-11,GASALLGCW,1.162,USD_per_gallon
1996-03-18,GASALLGCW,1.173,USD_per_gallon
1996-03-25,GASALLGCW,1.198,USD_per_gallon
1996-04-01,GASALLGCW,1.214,USD_per_gallon
1996-04-08,GASALLGCW,1.241,USD_per_gallon
1996-04-15,GASALLGCW,1.282,USD_per_gallon
1996-04-22,GASALLGCW,1.302,USD_per_gallon
1996-04-29,GASALLGCW,1.306,USD_per_gallon
1996-05-06,GASALLGCW,1.308,USD_per_gallon
1996-05-13,GASALLGCW,1.308,USD_per_gallon
1996-05-20,GASALLGCW,1.306,USD_per_gallon
1996-05-27,GASALLGCW,1.297,USD_per_gallon
1996-06-03,GASALLGCW,1.296,USD_per_gallon
1996-06-10,GASALLGCW,1.291,USD_per_gallon
1996-06-17,GASALLGCW,1.284,USD_per_gallon
1996-06-24,GASALLGCW,1.267,USD_per_gallon
1996-07-01,GASALLGCW,1.258,USD_per_gallon
1996-07-08,GASALLGCW,1.253,USD_per_gallon
1996-07-15,GASALLGCW,1.247,USD_per_gallon
1996-07-22,GASALLGCW,1.243,USD_per_gallon
1996-07-29,GASALLGCW,1.242,USD_per_gallon
1996-08-05,GASALLGCW,1.235,USD_per_gallon
1996-08-12,GASALLGCW,1.229,USD_per_gallon
1996-08-19,GASALLGCW,1.225,USD_per_gallon
1996-08-26,GASALLGCW,1.22,USD_per_gallon
1996-09-02,GASALLGCW,1.217,USD_per_gallon
1996-09-09,GASALLGCW,1.22,USD_per_gallon
1996-09-16,GASALLGCW,1.224,USD_per_gallon
1996-09-23,GASALLGCW,1.228,USD_per_gallon
1996-09-30,GASALLGCW,1.226,USD_per_gallon
1996-10-07,GASALLGCW,1.22,USD_per_gallon
1996-10-14,GASALLGCW,1.224,USD_per_gallon
1996-10-21,GASALLGCW,1.233,USD_per_gallon
1996-10-28,GASALLGCW,1.231,USD_per_gallon
1996-11-04,GASALLGCW,1.244,USD_per_gallon
1996-11-11,GASALLGCW,1.252,USD_per_gallon
1996-11-18,GASALLGCW,1.262,USD_per_gallon
1996-11-25,GASALLGCW,1.27,USD_per_gallon
1996-12-02,GASALLGCW,1.268,USD_per_gallon
1996-12-09,GASALLGCW,1.27,USD_per_gallon
1996-12-16,GASALLGCW,1.268,USD_per_gallon
1996-12-23,GASALLGCW,1.267,USD_per_gallon
1996-12-30,GASALLGCW,1.265,USD_per_gallon
1997-01-06,GASALLGCW,1.264,USD_per_gallon
1997-01-13,GASALLGCW,1.263,USD_per_gallon
1997-01-20,GASALLGCW,1.264,USD_per_gallon
1997-01-27,GASALLGCW,1.259,USD_per_gallon
1997-02-03,GASALLGCW,1.26,USD_per_gallon
1997-02-10,GASALLGCW,1.264,USD_per_gallon
1997-02-17,GASALLGCW,1.266,USD_per_gallon
1997-02-24,GASALLGCW,1.256,USD_per_gallon
1997-03-03,GASALLGCW,1.248,USD_per_gallon
1997-03-10,GASALLGCW,1.242,USD_per_gallon
1997-03-17,GASALLGCW,1.236,USD_per_gallon
1997-03-24,GASALLGCW,1.236,USD_per_gallon
1997-03-31,GASALLGCW,1.235,USD_per_gallon
1997-04-07,GASALLGCW,1.234,USD_per_gallon
1997-04-14,GASALLGCW,1.228,USD_per_gallon
1997-04-21,GASALLGCW,1.223,USD_per_gallon
1997-04-28,GASALLGCW,1.218,USD_per_gallon
1997-05-05,GASALLGCW,1.215,USD_per_gallon
1997-05-12,GASALLGCW,1.208,USD_per_gallon
1997-05-19,GASALLGCW,1.208,USD_per_gallon
1997-05-26,GASALLGCW,1.221,USD_per_gallon
1997-06-02,GASALLGCW,1.22,USD_per_gallon
1997-06-09,GASALLGCW,1.219,USD_per_gallon
1997-06-16,GASALLGCW,1.215,USD_per_gallon
1997-06-23,GASALLGCW,1.204,USD_per_gallon
1997-06-30,GASALLGCW,1.201,USD_per_gallon
1997-07-07,GASALLGCW,1.198,USD_per_gallon
1997-07-14,GASALLGCW,1.191,USD_per_gallon
1997-07-21,GASALLGCW,1.192,USD_per_gallon
1997-07-28,GASALLGCW,1.193,USD_per_gallon
1997-08-04,GASALLGCW,1.202,USD_per_gallon
1997-08-11,GASALLGCW,1.232,USD_per_gallon
1997-08-18,GASALLGCW,1.233,USD_per_gallon
1997-08-25,GASALLGCW,1.241,USD_per_gallon
1997-09-01,GASALLGCW,1.241,USD_per_gallon
1997-09-08,GASALLGCW,1.238,USD_per_gallon
1997-09-15,GASALLGCW,1.237,USD_per_gallon
1997-09-22,GASALLGCW,1.233,USD_per_gallon
1997-09-29,GASALLGCW,1.223,USD_per_gallon
1997-10-06,GASALLGCW,1.218,USD_per_gallon
1997-10-13,GASALLGCW,1.213,USD_per_gallon
1997-10-20,GASALLGCW,1.209,USD_per_gallon
1997-10-27,GASALLGCW,1.197,USD_per_gallon
1997-11-03,GASALLGCW,1.189,USD_per_gallon
1997-11-10,GASALLGCW,1.184,USD_per_gallon
1997-11-17,GASALLGCW,1.181,USD_per_gallon
1997-11-24,GASALLGCW,1.174,USD_per_gallon
1997-12-01,GASALLGCW,1.172,USD_per_gallon
1997-12-08,GASALLGCW,1.164,USD_per_gallon
1997-12-15,GASALLGCW,1.155,USD_per_gallon
1997-12-22,GASALLGCW,1.143,USD_per_gallon
1997-12-29,GASALLGCW,1.14,USD_per_gallon
1998-01-05,GASALLGCW,1.135,USD_per_gallon
1998-01-12,GASALLGCW,1.128,USD_per_gallon
1998-01-19,GASALLGCW,1.118,USD_per_gallon
1998-01-26,GASALLGCW,1.112,USD_per_gallon
1998-02-02,GASALLGCW,1.094,USD_per_gallon
1998-02-09,GASALLGCW,1.092,USD_per_gallon
1998-02-16,GASALLGCW,1.08,USD_per_gallon
1998-02-23,GASALLGCW,1.069,USD_per_gallon
1998-03-02,GASALLGCW,1.064,USD_per_gallon
1998-03-09,GASALLGCW,1.061,USD_per_gallon
1998-03-16,GASALLGCW,1.049,USD_per_gallon
1998-03-23,GASALLGCW,1.038,USD_per_gallon
1998-03-30,GASALLGCW,1.056,USD_per_gallon
1998-04-06,GASALLGCW,1.061,USD_per_gallon
1998-04-13,GASALLGCW,1.058,USD_per_gallon
1998-04-20,GASALLGCW,1.052,USD_per_gallon
1998-04-27,GASALLGCW,1.058,USD_per_gallon
1998-05-04,GASALLGCW,1.057,USD_per_gallon
1998-05-11,GASALLGCW,1.065,USD_per_gallon
1998-05-18,GASALLGCW,1.045,USD_per_gallon
1998-05-25,GASALLGCW,1.042,USD_per_gallon
1998-06-01,GASALLGCW,1.043,USD_per_gallon
1998-06-08,GASALLGCW,1.042,USD_per_gallon
1998-06-15,GASALLGCW,1.046,USD_per_gallon
1998-06-22,GASALLGCW,1.041,USD_per_gallon
1998-06-29,GASALLGCW,1.036,USD_per_gallon
1998-07-06,GASALLGCW,1.035,USD_per_gallon
1998-07-13,GASALLGCW,1.033,USD_per_gallon
1998-07-20,GASALLGCW,1.036,USD_per_gallon
1998-07-27,GASALLGCW,1.03,USD_per_gallon
1998-08-03,GASALLGCW,1.022,USD_per_gallon
1998-08-10,GASALLGCW,1.017,USD_per_gallon
1998-08-17,GASALLGCW,1.012,USD_per_gallon
1998-08-24,GASALLGCW,1.01,USD_per_gallon
1998-08-31,GASALLGCW,0.999,USD_per_gallon
1998-09-07,GASALLGCW,0.989,USD_per_gallon
1998-09-14,GASALLGCW,0.989,USD_per_gallon
1998-09-21,GASALLGCW,0.989,USD_per_gallon
1998-09-28,GASALLGCW,0.995,USD_per_gallon
1998-10-05,GASALLGCW,1.003,USD_per_gallon
1998-10-12,GASALLGCW,1.015,USD_per_gallon
1998-10-19,GASALLGCW,1.014,USD_per_gallon
1998-10-26,GASALLGCW,1.007,USD_per_gallon
1998-11-02,GASALLGCW,1.002,USD_per_gallon
1998-11-09,GASALLGCW,0.998,USD_per_gallon
1998-11-16,GASALLGCW,0.991,USD_per_gallon
1998-11-23,GASALLGCW,0.981,USD_per_gallon
1998-11-30,GASALLGCW,0.971,USD_per_gallon
1998-12-07,GASALLGCW,0.96,USD_per_gallon
1998-12-14,GASALLGCW,0.948,USD_per_gallon
1998-12-21,GASALLGCW,0.944,USD_per_gallon
1998-12-28,GASALLGCW,0.94,USD_per_gallon
1999-01-04,GASALLGCW,0.939,USD_per_gallon
1999-01-11,GASALLGCW,0.94,USD_per_gallon
1999-01-18,GASALLGCW,0.945,USD_per_gallon
1999-01-25,GASALLGCW,0.939,USD_per_gallon
1999-02-01,GASALLGCW,0.934,USD_per_gallon
1999-02-08,GASALLGCW,0.935,USD_per_gallon
1999-02-15,GASALLGCW,0.932,USD_per_gallon
1999-02-22,GASALLGCW,0.926,USD_per_gallon
1999-03-01,GASALLGCW,0.921,USD_per_gallon
1999-03-08,GASALLGCW,0.92,USD_per_gallon
1999-03-15,GASALLGCW,0.956,USD_per_gallon
1999-03-22,GASALLGCW,0.992,USD_per_gallon
1999-03-29,GASALLGCW,1.039,USD_per_gallon
1999-04-05,GASALLGCW,1.068,USD_per_gallon
1999-04-12,GASALLGCW,1.081,USD_per_gallon
1999-04-19,GASALLGCW,1.087,USD_per_gallon
1999-04-26,GASALLGCW,1.094,USD_per_gallon
1999-05-03,GASALLGCW,1.094,USD_per_gallon
1999-05-10,GASALLGCW,1.098,USD_per_gallon
1999-05-17,GASALLGCW,1.1,USD_per_gallon
1999-05-24,GASALLGCW,1.101,USD_per_gallon
1999-05-31,GASALLGCW,1.102,USD_per_gallon
1999-06-07,GASALLGCW,1.098,USD_per_gallon
1999-06-14,GASALLGCW,1.096,USD_per_gallon
1999-06-21,GASALLGCW,1.097,USD_per_gallon
1999-06-28,GASALLGCW,1.09,USD_per_gallon
1999-07-05,GASALLGCW,1.101,USD_per_gallon
1999-07-12,GASALLGCW,1.118,USD_per_gallon
1999-07-19,GASALLGCW,1.14,USD_per_gallon
1999-07-26,GASALLGCW,1.156,USD_per_gallon
1999-08-02,GASALLGCW,1.162,USD_per_gallon
1999-08-09,GASALLGCW,1.177,USD_per_gallon
1999-08-16,GASALLGCW,1.194,USD_per_gallon
1999-08-23,GASALLGCW,1.202,USD_per_gallon
1999-08-30,GASALLGCW,1.21,USD_per_gallon
1999-09-06,GASALLGCW,1.212,USD_per_gallon
1999-09-13,GASALLGCW,1.224,USD_per_gallon
1999-09-20,GASALLGCW,1.241,USD_per_gallon
1999-09-27,GASALLGCW,1.252,USD_per_gallon
1999-10-04,GASALLGCW,1.253,USD_per_gallon
1999-10-11,GASALLGCW,1.25,USD_per_gallon
1999-10-18,GASALLGCW,1.247,USD_per_gallon
1999-10-25,GASALLGCW,1.24,USD_per_gallon
1999-11-01,GASALLGCW,1.235,USD_per_gallon
1999-11-08,GASALLGCW,1.231,USD_per_gallon
1999-11-15,GASALLGCW,1.241,USD_per_gallon
1999-11-22,GASALLGCW,1.254,USD_per_gallon
1999-11-29,GASALLGCW,1.274,USD_per_gallon
1999-12-06,GASALLGCW,1.276,USD_per_gallon
1999-12-13,GASALLGCW,1.273,USD_per_gallon
1999-12-20,GASALLGCW,1.271,USD_per_gallon
1999-12-27,GASALLGCW,1.271,USD_per_gallon
2000-01-03,GASALLGCW,1.271,USD_per_gallon
2000-01-10,GASALLGCW,1.265,USD_per_gallon
2000-01-17,GASALLGCW,1.265,USD_per_gallon
2000-01-24,GASALLGCW,1.296,USD_per_gallon
2000-01-31,GASALLGCW,1.305,USD_per_gallon
2000-02-07,GASALLGCW,1.318,USD_per_gallon
2000-02-14,GASALLGCW,1.348,USD_per_gallon
2000-02-21,GASALLGCW,1.383,USD_per_gallon
2000-02-28,GASALLGCW,1.4,USD_per_gallon
2000-03-06,GASALLGCW,1.49,USD_per_gallon
2000-03-13,GASALLGCW,1.514,USD_per_gallon
2000-03-20,GASALLGCW,1.523,USD_per_gallon
2000-03-27,GASALLGCW,1.511,USD_per_gallon
2000-04-03,GASALLGCW,1.499,USD_per_gallon
2000-04-10,GASALLGCW,1.479,USD_per_gallon
2000-04-17,GASALLGCW,1.454,USD_per_gallon
2000-04-24,GASALLGCW,1.434,USD_per_gallon
2000-05-01,GASALLGCW,1.425,USD_per_gallon
2000-05-08,GASALLGCW,1.443,USD_per_gallon
2000-05-15,GASALLGCW,1.485,USD_per_gallon
2000-05-22,GASALLGCW,1.5,USD_per_gallon
2000-05-29,GASALLGCW,1.493,USD_per_gallon
2000-06-05,GASALLGCW,1.509,USD_per_gallon
2000-06-12,GASALLGCW,1.519,USD_per_gallon
2000-06-19,GASALLGCW,1.561,USD_per_gallon
2000-06-26,GASALLGCW,1.569,USD_per_gallon
2000-07-03,GASALLGCW,1.577,USD_per_gallon
2000-07-10,GASALLGCW,1.575,USD_per_gallon
2000-07-17,GASALLGCW,1.556,USD_per_gallon
2000-07-24,GASALLGCW,1.537,USD_per_gallon
2000-07-31,GASALLGCW,1.507,USD_per_gallon
2000-08-07,GASALLGCW,1.474,USD_per_gallon
2000-08-14,GASALLGCW,1.463,USD_per_gallon
2000-08-21,GASALLGCW,1.462,USD_per_gallon
2000-08-28,GASALLGCW,1.465,USD_per_gallon
2000-09-04,GASALLGCW,1.474,USD_per_gallon
2000-09-11,GASALLGCW,1.503,USD_per_gallon
2000-09-18,GASALLGCW,1.508,USD_per_gallon
2000-09-25,GASALLGCW,1.51,USD_per_gallon
2000-10-02,GASALLGCW,1.489,USD_per_gallon
2000-10-09,GASALLGCW,1.465,USD_per_gallon
2000-10-16,GASALLGCW,1.487,USD_per_gallon
2000-10-23,GASALLGCW,1.481,USD_per_gallon
2000-10-30,GASALLGCW,1.482,USD_per_gallon
2000-11-06,GASALLGCW,1.471,USD_per_gallon
2000-11-13,GASALLGCW,1.466,USD_per_gallon
2000-11-20,GASALLGCW,1.457,USD_per_gallon
2000-11-27,GASALLGCW,1.458,USD_per_gallon
2000-12-04,GASALLGCW,1.443,USD_per_gallon
2000-12-11,GASALLGCW,1.417,USD_per_gallon
2000-12-18,GASALLGCW,1.38,USD_per_gallon
2000-12-25,GASALLGCW,1.371,USD_per_gallon
2001-01-01,GASALLGCW,1.363,USD_per_gallon
2001-01-08,GASALLGCW,1.376,USD_per_gallon
2001-01-15,GASALLGCW,1.438,USD_per_gallon
2001-01-22,GASALLGCW,1.457,USD_per_gallon
2001-01-29,GASALLGCW,1.451,USD_per_gallon
2001-02-05,GASALLGCW,1.436,USD_per_gallon
2001-02-12,GASALLGCW,1.448,USD_per_gallon
2001-02-19,GASALLGCW,1.442,USD_per_gallon
2001-02-26,GASALLGCW,1.418,USD_per_gallon
2001-03-05,GASALLGCW,1.405,USD_per_gallon
2001-03-12,GASALLGCW,1.388,USD_per_gallon
2001-03-19,GASALLGCW,1.381,USD_per_gallon
2001-03-26,GASALLGCW,1.372,USD_per_gallon
2001-04-02,GASALLGCW,1.4,USD_per_gallon
2001-04-09,GASALLGCW,1.459,USD_per_gallon
2001-04-16,GASALLGCW,1.57,USD_per_gallon
2001-04-23,GASALLGCW,1.589,USD_per_gallon
2001-04-30,GASALLGCW,1.592,USD_per_gallon
2001-05-07,GASALLGCW,1.623,USD_per_gallon
2001-05-14,GASALLGCW,1.629,USD_per_gallon
2001-05-21,GASALLGCW,1.616,USD_per_gallon
2001-05-28,GASALLGCW,1.62,USD_per_gallon
2001-06-04,GASALLGCW,1.601,USD_per_gallon
2001-06-11,GASALLGCW,1.566,USD_per_gallon
2001-06-18,GASALLGCW,1.541,USD_per_gallon
2001-06-25,GASALLGCW,1.495,USD_per_gallon
2001-07-02,GASALLGCW,1.434,USD_per_gallon
2001-07-09,GASALLGCW,1.368,USD_per_gallon
2001-07-16,GASALLGCW,1.335,USD_per_gallon
2001-07-23,GASALLGCW,1.315,USD_per_gallon
2001-07-30,GASALLGCW,1.308,USD_per_gallon
2001-08-06,GASALLGCW,1.308,USD_per_gallon
2001-08-13,GASALLGCW,1.321,USD_per_gallon
2001-08-20,GASALLGCW,1.352,USD_per_gallon
2001-08-27,GASALLGCW,1.371,USD_per_gallon
2001-09-03,GASALLGCW,1.421,USD_per_gallon
2001-09-10,GASALLGCW,1.425,USD_per_gallon
2001-09-17,GASALLGCW,1.438,USD_per_gallon
2001-09-24,GASALLGCW,1.413,USD_per_gallon
2001-10-01,GASALLGCW,1.361,USD_per_gallon
2001-10-08,GASALLGCW,1.314,USD_per_gallon
2001-10-15,GASALLGCW,1.28,USD_per_gallon
2001-10-22,GASALLGCW,1.223,USD_per_gallon
2001-10-29,GASALLGCW,1.195,USD_per_gallon
2001-11-05,GASALLGCW,1.161,USD_per_gallon
2001-11-12,GASALLGCW,1.132,USD_per_gallon
2001-11-19,GASALLGCW,1.121,USD_per_gallon
2001-11-26,GASALLGCW,1.088,USD_per_gallon
2001-12-03,GASALLGCW,1.073,USD_per_gallon
2001-12-10,GASALLGCW,1.062,USD_per_gallon
2001-12-17,GASALLGCW,1.05,USD_per_gallon
2001-12-24,GASALLGCW,1.047,USD_per_gallon
2001-12-31,GASALLGCW,1.079,USD_per_gallon
2002-01-07,GASALLGCW,1.098,USD_per_gallon
2002-01-14,GASALLGCW,1.103,USD_per_gallon
2002-01-21,GASALLGCW,1.091,USD_per_gallon
2002-01-28,GASALLGCW,1.088,USD_per_gallon
2002-02-04,GASALLGCW,1.087,USD_per_gallon
2002-02-11,GASALLGCW,1.088,USD_per_gallon
2002-02-18,GASALLGCW,1.1,USD_per_gallon
2002-02-25,GASALLGCW,1.101,USD_per_gallon
2002-03-04,GASALLGCW,1.113,USD_per_gallon
2002-03-11,GASALLGCW,1.208,USD_per_gallon
2002-03-18,GASALLGCW,1.262,USD_per_gallon
2002-03-25,GASALLGCW,1.318,USD_per_gallon
2002-04-01,GASALLGCW,1.338,USD_per_gallon
2002-04-08,GASALLGCW,1.382,USD_per_gallon
2002-04-15,GASALLGCW,1.389,USD_per_gallon
2002-04-22,GASALLGCW,1.386,USD_per_gallon
2002-04-29,GASALLGCW,1.378,USD_per_gallon
2002-05-06,GASALLGCW,1.374,USD_per_gallon
2002-05-13,GASALLGCW,1.367,USD_per_gallon
2002-05-20,GASALLGCW,1.367,USD_per_gallon
2002-05-27,GASALLGCW,1.363,USD_per_gallon
2002-06-03,GASALLGCW,1.359,USD_per_gallon
2002-06-10,GASALLGCW,1.349,USD_per_gallon
2002-06-17,GASALLGCW,1.34,USD_per_gallon
2002-06-24,GASALLGCW,1.335,USD_per_gallon
2002-07-01,GASALLGCW,1.337,USD_per_gallon
2002-07-08,GASALLGCW,1.333,USD_per_gallon
2002-07-15,GASALLGCW,1.343,USD_per_gallon
2002-07-22,GASALLGCW,1.36,USD_per_gallon
2002-07-29,GASALLGCW,1.354,USD_per_gallon
2002-08-05,GASALLGCW,1.356,USD_per_gallon
2002-08-12,GASALLGCW,1.347,USD_per_gallon
2002-08-19,GASALLGCW,1.353,USD_per_gallon
2002-08-26,GASALLGCW,1.354,USD_per_gallon
2002-09-02,GASALLGCW,1.354,USD_per_gallon
2002-09-09,GASALLGCW,1.353,USD_per_gallon
2002-09-16,GASALLGCW,1.362,USD_per_gallon
2002-09-23,GASALLGCW,1.367,USD_per_gallon
2002-09-30,GASALLGCW,1.389,USD_per_gallon
2002-10-07,GASALLGCW,1.411,USD_per_gallon
2002-10-14,GASALLGCW,1.42,USD_per_gallon
2002-10-21,GASALLGCW,1.447,USD_per_gallon
2002-10-28,GASALLGCW,1.443,USD_per_gallon
2002-11-04,GASALLGCW,1.432,USD_per_gallon
2002-11-11,GASALLGCW,1.42,USD_per_gallon
2002-11-18,GASALLGCW,1.397,USD_per_gallon
2002-11-25,GASALLGCW,1.376,USD_per_gallon
2002-12-02,GASALLGCW,1.367,USD_per_gallon
2002-12-09,GASALLGCW,1.357,USD_per_gallon
2002-12-16,GASALLGCW,1.348,USD_per_gallon
2002-12-23,GASALLGCW,1.384,USD_per_gallon
2002-12-30,GASALLGCW,1.432,USD_per_gallon
2003-01-06,GASALLGCW,1.445,USD_per_gallon
2003-01-13,GASALLGCW,1.443,USD_per_gallon
2003-01-20,GASALLGCW,1.45,USD_per_gallon
2003-01-27,GASALLGCW,1.457,USD_per_gallon
2003-02-03,GASALLGCW,1.514,USD_per_gallon
2003-02-10,GASALLGCW,1.6,USD_per_gallon
2003-02-17,GASALLGCW,1.624,USD_per_gallon
2003-02-24,GASALLGCW,1.625,USD_per_gallon
2003-03-03,GASALLGCW,1.622,USD_per_gallon
2003-03-10,GASALLGCW,1.635,USD_per_gallon
2003-03-17,GASALLGCW,1.655,USD_per_gallon
2003-03-24,GASALLGCW,1.632,USD_per_gallon
2003-03-31,GASALLGCW,1.604,USD_per_gallon
2003-04-07,GASALLGCW,1.572,USD_per_gallon
2003-04-14,GASALLGCW,1.533,USD_per_gallon
2003-04-21,GASALLGCW,1.504,USD_per_gallon
2003-04-28,GASALLGCW,1.481,USD_per_gallon
2003-05-05,GASALLGCW,1.448,USD_per_gallon
2003-05-12,GASALLGCW,1.418,USD_per_gallon
2003-05-19,GASALLGCW,1.414,USD_per_gallon
2003-05-26,GASALLGCW,1.414,USD_per_gallon
2003-06-02,GASALLGCW,1.407,USD_per_gallon
2003-06-09,GASALLGCW,1.42,USD_per_gallon
2003-06-16,GASALLGCW,1.445,USD_per_gallon
2003-06-23,GASALLGCW,1.438,USD_per_gallon
2003-06-30,GASALLGCW,1.425,USD_per_gallon
2003-07-07,GASALLGCW,1.43,USD_per_gallon
2003-07-14,GASALLGCW,1.476,USD_per_gallon
2003-07-21,GASALLGCW,1.489,USD_per_gallon
2003-07-28,GASALLGCW,1.483,USD_per_gallon
2003-08-04,GASALLGCW,1.488,USD_per_gallon
2003-08-11,GASALLGCW,1.527,USD_per_gallon
2003-08-18,GASALLGCW,1.561,USD_per_gallon
2003-08-25,GASALLGCW,1.642,USD_per_gallon
2003-09-01,GASALLGCW,1.634,USD_per_gallon
2003-09-08,GASALLGCW,1.611,USD_per_gallon
2003-09-15,GASALLGCW,1.58,USD_per_gallon
2003-09-22,GASALLGCW,1.541,USD_per_gallon
2003-09-29,GASALLGCW,1.496,USD_per_gallon
2003-10-06,GASALLGCW,1.468,USD_per_gallon
2003-10-13,GASALLGCW,1.47,USD_per_gallon
2003-10-20,GASALLGCW,1.47,USD_per_gallon
2003-10-27,GASALLGCW,1.455,USD_per_gallon
2003-11-03,GASALLGCW,1.447,USD_per_gallon
2003-11-10,GASALLGCW,1.431,USD_per_gallon
2003-11-17,GASALLGCW,1.432,USD_per_gallon
2003-11-24,GASALLGCW,1.445,USD_per_gallon
2003-12-01,GASALLGCW,1.439,USD_per_gallon
2003-12-08,GASALLGCW,1.428,USD_per_gallon
2003-12-15,GASALLGCW,1.424,USD_per_gallon
2003-12-22,GASALLGCW,1.446,USD_per_gallon
2003-12-29,GASALLGCW,1.449,USD_per_gallon
2004-01-05,GASALLGCW,1.477,USD_per_gallon
2004-01-12,GASALLGCW,1.53,USD_per_gallon
2004-01-19,GASALLGCW,1.571,USD_per_gallon
2004-01-26,GASALLGCW,1.584,USD_per_gallon
2004-02-02,GASALLGCW,1.588,USD_per_gallon
2004-02-09,GASALLGCW,1.591,USD_per_gallon
2004-02-16,GASALLGCW,1.594,USD_per_gallon
2004-02-23,GASALLGCW,1.611,USD_per_gallon
2004-03-01,GASALLGCW,1.623,USD_per_gallon
2004-03-08,GASALLGCW,1.654,USD_per_gallon
2004-03-15,GASALLGCW,1.651,USD_per_gallon
2004-03-22,GASALLGCW,1.67,USD_per_gallon
2004-03-29,GASALLGCW,1.682,USD_per_gallon
2004-04-05,GASALLGCW,1.712,USD_per_gallon
2004-04-12,GASALLGCW,1.705,USD_per_gallon
2004-04-19,GASALLGCW,1.742,USD_per_gallon
2004-04-26,GASALLGCW,1.736,USD_per_gallon
2004-05-03,GASALLGCW,1.769,USD_per_gallon
2004-05-10,GASALLGCW,1.858,USD_per_gallon
2004-05-17,GASALLGCW,1.924,USD_per_gallon
2004-05-24,GASALLGCW,1.972,USD_per_gallon
2004-05-31,GASALLGCW,1.965,USD_per_gallon
2004-06-07,GASALLGCW,1.95,USD_per_gallon
2004-06-14,GASALLGCW,1.923,USD_per_gallon
2004-06-21,GASALLGCW,1.878,USD_per_gallon
2004-06-28,GASALLGCW,1.85,USD_per_gallon
2004-07-05,GASALLGCW,1.825,USD_per_gallon
2004-07-12,GASALLGCW,1.845,USD_per_gallon
2004-07-19,GASALLGCW,1.858,USD_per_gallon
2004-07-26,GASALLGCW,1.846,USD_per_gallon
2004-08-02,GASALLGCW,1.831,USD_per_gallon
2004-08-09,GASALLGCW,1.823,USD_per_gallon
2004-08-16,GASALLGCW,1.824,USD_per_gallon
2004-08-23,GASALLGCW,1.843,USD_per_gallon
2004-08-30,GASALLGCW,1.821,USD_per_gallon
2004-09-06,GASALLGCW,1.795,USD_per_gallon
2004-09-13,GASALLGCW,1.786,USD_per_gallon
2004-09-20,GASALLGCW,1.798,USD_per_gallon
2004-09-27,GASALLGCW,1.864,USD_per_gallon
2004-10-04,GASALLGCW,1.879,USD_per_gallon
2004-10-11,GASALLGCW,1.925,USD_per_gallon
2004-10-18,GASALLGCW,1.954,USD_per_gallon
2004-10-25,GASALLGCW,1.957,USD_per_gallon
2004-11-01,GASALLGCW,1.959,USD_per_gallon
2004-11-08,GASALLGCW,1.94,USD_per_gallon
2004-11-15,GASALLGCW,1.912,USD_per_gallon
2004-11-22,GASALLGCW,1.886,USD_per_gallon
2004-11-29,GASALLGCW,1.882,USD_per_gallon
2004-12-06,GASALLGCW,1.853,USD_per_gallon
2004-12-13,GASALLGCW,1.803,USD_per_gallon
2004-12-20,GASALLGCW,1.76,USD_per_gallon
2004-12-27,GASALLGCW,1.743,USD_per_gallon
2005-01-03,GASALLGCW,1.713,USD_per_gallon
2005-01-10,GASALLGCW,1.741,USD_per_gallon
2005-01-17,GASALLGCW,1.788,USD_per_gallon
2005-01-24,GASALLGCW,1.83,USD_per_gallon
2005-01-31,GASALLGCW,1.883,USD_per_gallon
2005-02-07,GASALLGCW,1.875,USD_per_gallon
2005-02-14,GASALLGCW,1.854,USD_per_gallon
2005-02-21,GASALLGCW,1.848,USD_per_gallon
2005-02-28,GASALLGCW,1.865,USD_per_gallon
2005-03-07,GASALLGCW,1.942,USD_per_gallon
2005-03-14,GASALLGCW,2.009,USD_per_gallon
2005-03-21,GASALLGCW,2.064,USD_per_gallon
2005-03-28,GASALLGCW,2.121,USD_per_gallon
2005-04-04,GASALLGCW,2.182,USD_per_gallon
2005-04-11,GASALLGCW,2.226,USD_per_gallon
2005-04-18,GASALLGCW,2.202,USD_per_gallon
2005-04-25,GASALLGCW,2.183,USD_per_gallon
2005-05-02,GASALLGCW,2.175,USD_per_gallon
2005-05-09,GASALLGCW,2.136,USD_per_gallon
2005-05-16,GASALLGCW,2.105,USD_per_gallon
2005-05-23,GASALLGCW,2.064,USD_per_gallon
2005-05-30,GASALLGCW,2.038,USD_per_gallon
2005-06-06,GASALLGCW,2.069,USD_per_gallon
2005-06-13,GASALLGCW,2.086,USD_per_gallon
2005-06-20,GASALLGCW,2.12,USD_per_gallon
2005-06-27,GASALLGCW,2.156,USD_per_gallon
2005-07-04,GASALLGCW,2.158,USD_per_gallon
2005-07-11,GASALLGCW,2.276,USD_per_gallon
2005-07-18,GASALLGCW,2.267,USD_per_gallon
2005-07-25,GASALLGCW,2.248,USD_per_gallon
2005-08-01,GASALLGCW,2.224,USD_per_gallon
2005-08-08,GASALLGCW,2.323,USD_per_gallon
2005-08-15,GASALLGCW,2.529,USD_per_gallon
2005-08-22,GASALLGCW,2.595,USD_per_gallon
2005-08-29,GASALLGCW,2.571,USD_per_gallon
2005-09-05,GASALLGCW,2.957,USD_per_gallon
2005-09-12,GASALLGCW,2.851,USD_per_gallon
2005-09-19,GASALLGCW,2.699,USD_per_gallon
2005-09-26,GASALLGCW,2.766,USD_per_gallon
2005-10-03,GASALLGCW,2.952,USD_per_gallon
2005-10-10,GASALLGCW,2.896,USD_per_gallon
2005-10-17,GASALLGCW,2.771,USD_per_gallon
2005-10-24,GASALLGCW,2.643,USD_per_gallon
2005-10-31,GASALLGCW,2.5,USD_per_gallon
2005-11-07,GASALLGCW,2.378,USD_per_gallon
2005-11-14,GASALLGCW,2.292,USD_per_gallon
2005-11-21,GASALLGCW,2.199,USD_per_gallon
2005-11-28,GASALLGCW,2.143,USD_per_gallon
2005-12-05,GASALLGCW,2.121,USD_per_gallon
2005-12-12,GASALLGCW,2.188,USD_per_gallon
2005-12-19,GASALLGCW,2.209,USD_per_gallon
2005-12-26,GASALLGCW,2.189,USD_per_gallon
2006-01-02,GASALLGCW,2.231,USD_per_gallon
2006-01-09,GASALLGCW,2.315,USD_per_gallon
2006-01-16,GASALLGCW,2.31,USD_per_gallon
2006-01-23,GASALLGCW,2.324,USD_per_gallon
2006-01-30,GASALLGCW,2.319,USD_per_gallon
2006-02-06,GASALLGCW,2.307,USD_per_gallon
2006-02-13,GASALLGCW,2.255,USD_per_gallon
2006-02-20,GASALLGCW,2.211,USD_per_gallon
2006-02-27,GASALLGCW,2.196,USD_per_gallon
2006-03-06,GASALLGCW,2.288,USD_per_gallon
2006-03-13,GASALLGCW,2.335,USD_per_gallon
2006-03-20,GASALLGCW,2.519,USD_per_gallon
2006-03-27,GASALLGCW,2.5,USD_per_gallon
2006-04-03,GASALLGCW,2.614,USD_per_gallon
2006-04-10,GASALLGCW,2.737,USD_per_gallon
2006-04-17,GASALLGCW,2.826,USD_per_gallon
2006-04-24,GASALLGCW,2.923,USD_per_gallon
2006-05-01,GASALLGCW,2.9,USD_per_gallon
2006-05-08,GASALLGCW,2.857,USD_per_gallon
2006-05-15,GASALLGCW,2.874,USD_per_gallon
2006-05-22,GASALLGCW,2.825,USD_per_gallon
2006-05-29,GASALLGCW,2.78,USD_per_gallon
2006-06-05,GASALLGCW,2.807,USD_per_gallon
2006-06-12,GASALLGCW,2.848,USD_per_gallon
2006-06-19,GASALLGCW,2.819,USD_per_gallon
2006-06-26,GASALLGCW,2.802,USD_per_gallon
2006-07-03,GASALLGCW,2.868,USD_per_gallon
2006-07-10,GASALLGCW,2.893,USD_per_gallon
2006-07-17,GASALLGCW,2.905,USD_per_gallon
2006-07-24,GASALLGCW,2.937,USD_per_gallon
2006-07-31,GASALLGCW,2.948,USD_per_gallon
2006-08-07,GASALLGCW,2.982,USD_per_gallon
2006-08-14,GASALLGCW,2.929,USD_per_gallon
2006-08-21,GASALLGCW,2.865,USD_per_gallon
2006-08-28,GASALLGCW,2.781,USD_per_gallon
2006-09-04,GASALLGCW,2.669,USD_per_gallon
2006-09-11,GASALLGCW,2.553,USD_per_gallon
2006-09-18,GASALLGCW,2.431,USD_per_gallon
2006-09-25,GASALLGCW,2.315,USD_per_gallon
2006-10-02,GASALLGCW,2.231,USD_per_gallon
2006-10-09,GASALLGCW,2.187,USD_per_gallon
2006-10-16,GASALLGCW,2.157,USD_per_gallon
2006-10-23,GASALLGCW,2.135,USD_per_gallon
2006-10-30,GASALLGCW,2.147,USD_per_gallon
2006-11-06,GASALLGCW,2.125,USD_per_gallon
2006-11-13,GASALLGCW,2.153,USD_per_gallon
2006-11-20,GASALLGCW,2.158,USD_per_gallon
2006-11-27,GASALLGCW,2.165,USD_per_gallon
2006-12-04,GASALLGCW,2.227,USD_per_gallon
2006-12-11,GASALLGCW,2.243,USD_per_gallon
2006-12-18,GASALLGCW,2.241,USD_per_gallon
2006-12-25,GASALLGCW,2.258,USD_per_gallon
2007-01-01,GASALLGCW,2.245,USD_per_gallon
2007-01-08,GASALLGCW,2.217,USD_per_gallon
2007-01-15,GASALLGCW,2.158,USD_per_gallon
2007-01-22,GASALLGCW,2.099,USD_per_gallon
2007-01-29,GASALLGCW,2.062,USD_per_gallon
2007-02-05,GASALLGCW,2.09,USD_per_gallon
2007-02-12,GASALLGCW,2.135,USD_per_gallon
2007-02-19,GASALLGCW,2.175,USD_per_gallon
2007-02-26,GASALLGCW,2.279,USD_per_gallon
2007-03-05,GASALLGCW,2.412,USD_per_gallon
2007-03-12,GASALLGCW,2.447,USD_per_gallon
2007-03-19,GASALLGCW,2.453,USD_per_gallon
2007-03-26,GASALLGCW,2.487,USD_per_gallon
2007-04-02,GASALLGCW,2.612,USD_per_gallon
2007-04-09,GASALLGCW,2.721,USD_per_gallon
2007-04-16,GASALLGCW,2.809,USD_per_gallon
2007-04-23,GASALLGCW,2.803,USD_per_gallon
2007-04-30,GASALLGCW,2.901,USD_per_gallon
2007-05-07,GASALLGCW,2.917,USD_per_gallon
2007-05-14,GASALLGCW,2.961,USD_per_gallon
2007-05-21,GASALLGCW,3.141,USD_per_gallon
2007-05-28,GASALLGCW,3.116,USD_per_gallon
2007-06-04,GASALLGCW,3.068,USD_per_gallon
2007-06-11,GASALLGCW,3.01,USD_per_gallon
2007-06-18,GASALLGCW,2.95,USD_per_gallon
2007-06-25,GASALLGCW,2.927,USD_per_gallon
2007-07-02,GASALLGCW,2.899,USD_per_gallon
2007-07-09,GASALLGCW,2.905,USD_per_gallon
2007-07-16,GASALLGCW,2.969,USD_per_gallon
2007-07-23,GASALLGCW,2.914,USD_per_gallon
2007-07-30,GASALLGCW,2.841,USD_per_gallon
2007-08-06,GASALLGCW,2.797,USD_per_gallon
2007-08-13,GASALLGCW,2.731,USD_per_gallon
2007-08-20,GASALLGCW,2.73,USD_per_gallon
2007-08-27,GASALLGCW,2.702,USD_per_gallon
2007-09-03,GASALLGCW,2.707,USD_per_gallon
2007-09-10,GASALLGCW,2.743,USD_per_gallon
2007-09-17,GASALLGCW,2.729,USD_per_gallon
2007-09-24,GASALLGCW,2.755,USD_per_gallon
2007-10-01,GASALLGCW,2.752,USD_per_gallon
2007-10-08,GASALLGCW,2.719,USD_per_gallon
2007-10-15,GASALLGCW,2.695,USD_per_gallon
2007-10-22,GASALLGCW,2.753,USD_per_gallon
2007-10-29,GASALLGCW,2.785,USD_per_gallon
2007-11-05,GASALLGCW,2.944,USD_per_gallon
2007-11-12,GASALLGCW,3.032,USD_per_gallon
2007-11-19,GASALLGCW,3.021,USD_per_gallon
2007-11-26,GASALLGCW,3.018,USD_per_gallon
2007-12-03,GASALLGCW,2.987,USD_per_gallon
2007-12-10,GASALLGCW,2.927,USD_per_gallon
2007-12-17,GASALLGCW,2.901,USD_per_gallon
2007-12-24,GASALLGCW,2.889,USD_per_gallon
2007-12-31,GASALLGCW,2.971,USD_per_gallon
2008-01-07,GASALLGCW,3.029,USD_per_gallon
2008-01-14,GASALLGCW,3.009,USD_per_gallon
2008-01-21,GASALLGCW,2.957,USD_per_gallon
2008-01-28,GASALLGCW,2.928,USD_per_gallon
2008-02-04,GASALLGCW,2.924,USD_per_gallon
2008-02-11,GASALLGCW,2.904,USD_per_gallon
2008-02-18,GASALLGCW,2.993,USD_per_gallon
2008-02-25,GASALLGCW,3.108,USD_per_gallon
2008-03-03,GASALLGCW,3.139,USD_per_gallon
2008-03-10,GASALLGCW,3.181,USD_per_gallon
2008-03-17,GASALLGCW,3.228,USD_per_gallon
2008-03-24,GASALLGCW,3.218,USD_per_gallon
2008-03-31,GASALLGCW,3.258,USD_per_gallon
2008-04-07,GASALLGCW,3.304,USD_per_gallon
2008-04-14,GASALLGCW,3.336,USD_per_gallon
2008-04-21,GASALLGCW,3.462,USD_per_gallon
2008-04-28,GASALLGCW,3.558,USD_per_gallon
2008-05-05,GASALLGCW,3.56,USD_per_gallon
2008-05-12,GASALLGCW,3.669,USD_per_gallon
2008-05-19,GASALLGCW,3.742,USD_per_gallon
2008-05-26,GASALLGCW,3.881,USD_per_gallon
2008-06-02,GASALLGCW,3.9,USD_per_gallon
2008-06-09,GASALLGCW,3.963,USD_per_gallon
2008-06-16,GASALLGCW,3.99,USD_per_gallon
2008-06-23,GASALLGCW,3.973,USD_per_gallon
2008-06-30,GASALLGCW,3.983,USD_per_gallon
2008-07-07,GASALLGCW,4.013,USD_per_gallon
2008-07-14,GASALLGCW,4.025,USD_per_gallon
2008-07-21,GASALLGCW,3.996,USD_per_gallon
2008-07-28,GASALLGCW,3.912,USD_per_gallon
2008-08-04,GASALLGCW,3.819,USD_per_gallon
2008-08-11,GASALLGCW,3.739,USD_per_gallon
2008-08-18,GASALLGCW,3.653,USD_per_gallon
2008-08-25,GASALLGCW,3.575,USD_per_gallon
2008-09-01,GASALLGCW,3.631,USD_per_gallon
2008-09-08,GASALLGCW,3.605,USD_per_gallon
2008-09-15,GASALLGCW,3.812,USD_per_gallon
2008-09-22,GASALLGCW,3.733,USD_per_gallon
2008-09-29,GASALLGCW,3.654,USD_per_gallon
2008-10-06,GASALLGCW,3.491,USD_per_gallon
2008-10-13,GASALLGCW,3.047,USD_per_gallon
2008-10-20,GASALLGCW,2.791,USD_per_gallon
2008-10-27,GASALLGCW,2.515,USD_per_gallon
2008-11-03,GASALLGCW,2.284,USD_per_gallon
2008-11-10,GASALLGCW,2.153,USD_per_gallon
2008-11-17,GASALLGCW,2.014,USD_per_gallon
2008-11-24,GASALLGCW,1.86,USD_per_gallon
2008-12-01,GASALLGCW,1.788,USD_per_gallon
2008-12-08,GASALLGCW,1.697,USD_per_gallon
2008-12-15,GASALLGCW,1.615,USD_per_gallon
2008-12-22,GASALLGCW,1.607,USD_per_gallon
2008-12-29,GASALLGCW,1.555,USD_per_gallon
2009-01-05,GASALLGCW,1.604,USD_per_gallon
2009-01-12,GASALLGCW,1.701,USD_per_gallon
2009-01-19,GASALLGCW,1.784,USD_per_gallon
2009-01-26,GASALLGCW,1.783,USD_per_gallon
2009-02-02,GASALLGCW,1.858,USD_per_gallon
2009-02-09,GASALLGCW,1.893,USD_per_gallon
2009-02-16,GASALLGCW,1.894,USD_per_gallon
2009-02-23,GASALLGCW,1.842,USD_per_gallon
2009-03-02,GASALLGCW,1.886,USD_per_gallon
2009-03-09,GASALLGCW,1.875,USD_per_gallon
2009-03-16,GASALLGCW,1.865,USD_per_gallon
2009-03-23,GASALLGCW,1.932,USD_per_gallon
2009-03-30,GASALLGCW,2.024,USD_per_gallon
2009-04-06,GASALLGCW,2.01,USD_per_gallon
2009-04-13,GASALLGCW,2.018,USD_per_gallon
2009-04-20,GASALLGCW,2.024,USD_per_gallon
2009-04-27,GASALLGCW,2.003,USD_per_gallon
2009-05-04,GASALLGCW,2.012,USD_per_gallon
2009-05-11,GASALLGCW,2.189,USD_per_gallon
2009-05-18,GASALLGCW,2.269,USD_per_gallon
2009-05-25,GASALLGCW,2.374,USD_per_gallon
2009-06-01,GASALLGCW,2.44,USD_per_gallon
2009-06-08,GASALLGCW,2.529,USD_per_gallon
2009-06-15,GASALLGCW,2.587,USD_per_gallon
2009-06-22,GASALLGCW,2.616,USD_per_gallon
2009-06-29,GASALLGCW,2.572,USD_per_gallon
2009-07-06,GASALLGCW,2.517,USD_per_gallon
2009-07-13,GASALLGCW,2.441,USD_per_gallon
2009-07-20,GASALLGCW,2.378,USD_per_gallon
2009-07-27,GASALLGCW,2.423,USD_per_gallon
2009-08-03,GASALLGCW,2.488,USD_per_gallon
2009-08-10,GASALLGCW,2.58,USD_per_gallon
2009-08-17,GASALLGCW,2.57,USD_per_gallon
2009-08-24,GASALLGCW,2.545,USD_per_gallon
2009-08-31,GASALLGCW,2.517,USD_per_gallon
2009-09-07,GASALLGCW,2.462,USD_per_gallon
2009-09-14,GASALLGCW,2.437,USD_per_gallon
2009-09-21,GASALLGCW,2.413,USD_per_gallon
2009-09-28,GASALLGCW,2.366,USD_per_gallon
2009-10-05,GASALLGCW,2.344,USD_per_gallon
2009-10-12,GASALLGCW,2.373,USD_per_gallon
2009-10-19,GASALLGCW,2.494,USD_per_gallon
2009-10-26,GASALLGCW,2.603,USD_per_gallon
2009-11-02,GASALLGCW,2.619,USD_per_gallon
2009-11-09,GASALLGCW,2.586,USD_per_gallon
2009-11-16,GASALLGCW,2.557,USD_per_gallon
2009-11-23,GASALLGCW,2.566,USD_per_gallon
2009-11-30,GASALLGCW,2.555,USD_per_gallon
2009-12-07,GASALLGCW,2.575,USD_per_gallon
2009-12-14,GASALLGCW,2.532,USD_per_gallon
2009-12-21,GASALLGCW,2.502,USD_per_gallon
2009-12-28,GASALLGCW,2.523,USD_per_gallon
2010-01-04,GASALLGCW,2.582,USD_per_gallon
2010-01-11,GASALLGCW,2.673,USD_per_gallon
2010-01-18,GASALLGCW,2.674,USD_per_gallon
2010-01-25,GASALLGCW,2.646,USD_per_gallon
2010-02-01,GASALLGCW,2.598,USD_per_gallon
2010-02-08,GASALLGCW,2.573,USD_per_gallon
2010-02-15,GASALLGCW,2.54,USD_per_gallon
2010-02-22,GASALLGCW,2.59,USD_per_gallon
2010-03-01,GASALLGCW,2.654,USD_per_gallon
2010-03-08,GASALLGCW,2.704,USD_per_gallon
2010-03-15,GASALLGCW,2.743,USD_per_gallon
2010-03-22,GASALLGCW,2.752,USD_per_gallon
2010-03-29,GASALLGCW,2.74,USD_per_gallon
2010-04-05,GASALLGCW,2.773,USD_per_gallon
2010-04-12,GASALLGCW,2.81,USD_per_gallon
2010-04-19,GASALLGCW,2.805,USD_per_gallon
2010-04-26,GASALLGCW,2.787,USD_per_gallon
2010-05-03,GASALLGCW,2.836,USD_per_gallon
2010-05-10,GASALLGCW,2.845,USD_per_gallon
2010-05-17,GASALLGCW,2.82,USD_per_gallon
2010-05-24,GASALLGCW,2.756,USD_per_gallon
2010-05-31,GASALLGCW,2.701,USD_per_gallon
2010-06-07,GASALLGCW,2.668,USD_per_gallon
2010-06-14,GASALLGCW,2.635,USD_per_gallon
2010-06-21,GASALLGCW,2.654,USD_per_gallon
2010-06-28,GASALLGCW,2.668,USD_per_gallon
2010-07-05,GASALLGCW,2.637,USD_per_gallon
2010-07-12,GASALLGCW,2.621,USD_per_gallon
2010-07-19,GASALLGCW,2.612,USD_per_gallon
2010-07-26,GASALLGCW,2.65,USD_per_gallon
2010-08-02,GASALLGCW,2.64,USD_per_gallon
2010-08-09,GASALLGCW,2.698,USD_per_gallon
2010-08-16,GASALLGCW,2.671,USD_per_gallon
2010-08-23,GASALLGCW,2.621,USD_per_gallon
2010-08-30,GASALLGCW,2.584,USD_per_gallon
2010-09-06,GASALLGCW,2.574,USD_per_gallon
2010-09-13,GASALLGCW,2.594,USD_per_gallon
2010-09-20,GASALLGCW,2.642,USD_per_gallon
2010-09-27,GASALLGCW,2.619,USD_per_gallon
2010-10-04,GASALLGCW,2.645,USD_per_gallon
2010-10-11,GASALLGCW,2.732,USD_per_gallon
2010-10-18,GASALLGCW,2.736,USD_per_gallon
2010-10-25,GASALLGCW,2.718,USD_per_gallon
2010-11-01,GASALLGCW,2.699,USD_per_gallon
2010-11-08,GASALLGCW,2.741,USD_per_gallon
2010-11-15,GASALLGCW,2.78,USD_per_gallon
2010-11-22,GASALLGCW,2.752,USD_per_gallon
2010-11-29,GASALLGCW,2.727,USD_per_gallon
2010-12-06,GASALLGCW,2.86,USD_per_gallon
2010-12-13,GASALLGCW,2.884,USD_per_gallon
2010-12-20,GASALLGCW,2.887,USD_per_gallon
2010-12-27,GASALLGCW,2.955,USD_per_gallon
2011-01-03,GASALLGCW,2.98,USD_per_gallon
2011-01-10,GASALLGCW,2.992,USD_per_gallon
2011-01-17,GASALLGCW,3.017,USD_per_gallon
2011-01-24,GASALLGCW,3.022,USD_per_gallon
2011-01-31,GASALLGCW,2.996,USD_per_gallon
2011-02-07,GASALLGCW,3.033,USD_per_gallon
2011-02-14,GASALLGCW,3.058,USD_per_gallon
2011-02-21,GASALLGCW,3.087,USD_per_gallon
2011-02-28,GASALLGCW,3.305,USD_per_gallon
2011-03-07,GASALLGCW,3.461,USD_per_gallon
2011-03-14,GASALLGCW,3.495,USD_per_gallon
2011-03-21,GASALLGCW,3.48,USD_per_gallon
2011-03-28,GASALLGCW,3.521,USD_per_gallon
2011-04-04,GASALLGCW,3.605,USD_per_gallon
2011-04-11,GASALLGCW,3.724,USD_per_gallon
2011-04-18,GASALLGCW,3.781,USD_per_gallon
2011-04-25,GASALLGCW,3.781,USD_per_gallon
2011-05-02,GASALLGCW,3.866,USD_per_gallon
2011-05-09,GASALLGCW,3.872,USD_per_gallon
2011-05-16,GASALLGCW,3.881,USD_per_gallon
2011-05-23,GASALLGCW,3.771,USD_per_gallon
2011-05-30,GASALLGCW,3.683,USD_per_gallon
2011-06-06,GASALLGCW,3.64,USD_per_gallon
2011-06-13,GASALLGCW,3.618,USD_per_gallon
2011-06-20,GASALLGCW,3.57,USD_per_gallon
2011-06-27,GASALLGCW,3.504,USD_per_gallon
2011-07-04,GASALLGCW,3.469,USD_per_gallon
2011-07-11,GASALLGCW,3.563,USD_per_gallon
2011-07-18,GASALLGCW,3.627,USD_per_gallon
2011-07-25,GASALLGCW,3.659,USD_per_gallon
2011-08-01,GASALLGCW,3.662,USD_per_gallon
2011-08-08,GASALLGCW,3.617,USD_per_gallon
2011-08-15,GASALLGCW,3.55,USD_per_gallon
2011-08-22,GASALLGCW,3.523,USD_per_gallon
2011-08-29,GASALLGCW,3.533,USD_per_gallon
2011-09-05,GASALLGCW,3.554,USD_per_gallon
2011-09-12,GASALLGCW,3.532,USD_per_gallon
2011-09-19,GASALLGCW,3.473,USD_per_gallon
2011-09-26,GASALLGCW,3.371,USD_per_gallon
2011-10-03,GASALLGCW,3.299,USD_per_gallon
2011-10-10,GASALLGCW,3.283,USD_per_gallon
2011-10-17,GASALLGCW,3.361,USD_per_gallon
2011-10-24,GASALLGCW,3.362,USD_per_gallon
2011-10-31,GASALLGCW,3.322,USD_per_gallon
2011-11-07,GASALLGCW,3.286,USD_per_gallon
2011-11-14,GASALLGCW,3.294,USD_per_gallon
2011-11-21,GASALLGCW,3.225,USD_per_gallon
2011-11-28,GASALLGCW,3.176,USD_per_gallon
2011-12-05,GASALLGCW,3.153,USD_per_gallon
2011-12-12,GASALLGCW,3.149,USD_per_gallon
2011-12-19,GASALLGCW,3.103,USD_per_gallon
2011-12-26,GASALLGCW,3.119,USD_per_gallon
2012-01-02,GASALLGCW,3.158,USD_per_gallon
2012-01-09,GASALLGCW,3.263,USD_per_gallon
2012-01-16,GASALLGCW,3.273,USD_per_gallon
2012-01-23,GASALLGCW,3.29,USD_per_gallon
2012-01-30,GASALLGCW,3.354,USD_per_gallon
2012-02-06,GASALLGCW,3.411,USD_per_gallon
2012-02-13,GASALLGCW,3.493,USD_per_gallon
2012-02-20,GASALLGCW,3.541,USD_per_gallon
2012-02-27,GASALLGCW,3.619,USD_per_gallon
2012-03-05,GASALLGCW,3.667,USD_per_gallon
2012-03-12,GASALLGCW,3.707,USD_per_gallon
2012-03-19,GASALLGCW,3.759,USD_per_gallon
2012-03-26,GASALLGCW,3.82,USD_per_gallon
2012-04-02,GASALLGCW,3.864,USD_per_gallon
2012-04-09,GASALLGCW,3.881,USD_per_gallon
2012-04-16,GASALLGCW,3.864,USD_per_gallon
2012-04-23,GASALLGCW,3.81,USD_per_gallon
2012-04-30,GASALLGCW,3.747,USD_per_gallon
2012-05-07,GASALLGCW,3.685,USD_per_gallon
2012-05-14,GASALLGCW,3.62,USD_per_gallon
2012-05-21,GASALLGCW,3.551,USD_per_gallon
2012-05-28,GASALLGCW,3.483,USD_per_gallon
2012-06-04,GASALLGCW,3.433,USD_per_gallon
2012-06-11,GASALLGCW,3.372,USD_per_gallon
2012-06-18,GASALLGCW,3.329,USD_per_gallon
2012-06-25,GASALLGCW,3.257,USD_per_gallon
2012-07-02,GASALLGCW,3.187,USD_per_gallon
2012-07-09,GASALLGCW,3.224,USD_per_gallon
2012-07-16,GASALLGCW,3.263,USD_per_gallon
2012-07-23,GASALLGCW,3.356,USD_per_gallon
2012-07-30,GASALLGCW,3.374,USD_per_gallon
2012-08-06,GASALLGCW,3.476,USD_per_gallon
2012-08-13,GASALLGCW,3.552,USD_per_gallon
2012-08-20,GASALLGCW,3.61,USD_per_gallon
2012-08-27,GASALLGCW,3.646,USD_per_gallon
2012-09-03,GASALLGCW,3.709,USD_per_gallon
2012-09-10,GASALLGCW,3.706,USD_per_gallon
2012-09-17,GASALLGCW,3.721,USD_per_gallon
2012-09-24,GASALLGCW,3.666,USD_per_gallon
2012-10-01,GASALLGCW,3.62,USD_per_gallon
2012-10-08,GASALLGCW,3.603,USD_per_gallon
2012-10-15,GASALLGCW,3.61,USD_per_gallon
2012-10-22,GASALLGCW,3.514,USD_per_gallon
2012-10-29,GASALLGCW,3.404,USD_per_gallon
2012-11-05,GASALLGCW,3.337,USD_per_gallon
2012-11-12,GASALLGCW,3.271,USD_per_gallon
2012-11-19,GASALLGCW,3.233,USD_per_gallon
2012-11-26,GASALLGCW,3.24,USD_per_gallon
2012-12-03,GASALLGCW,3.227,USD_per_gallon
2012-12-10,GASALLGCW,3.193,USD_per_gallon
2012-12-17,GASALLGCW,3.112,USD_per_gallon
2012-12-24,GASALLGCW,3.125,USD_per_gallon
2012-12-31,GASALLGCW,3.177,USD_per_gallon
2013-01-07,GASALLGCW,3.235,USD_per_gallon
2013-01-14,GASALLGCW,3.232,USD_per_gallon
2013-01-21,GASALLGCW,3.22,USD_per_gallon
2013-01-28,GASALLGCW,3.232,USD_per_gallon
2013-02-04,GASALLGCW,3.401,USD_per_gallon
2013-02-11,GASALLGCW,3.451,USD_per_gallon
2013-02-18,GASALLGCW,3.602,USD_per_gallon
2013-02-25,GASALLGCW,3.694,USD_per_gallon
2013-03-04,GASALLGCW,3.647,USD_per_gallon
2013-03-11,GASALLGCW,3.611,USD_per_gallon
2013-03-18,GASALLGCW,3.593,USD_per_gallon
2013-03-25,GASALLGCW,3.575,USD_per_gallon
2013-04-01,GASALLGCW,3.552,USD_per_gallon
2013-04-08,GASALLGCW,3.504,USD_per_gallon
2013-04-15,GASALLGCW,3.436,USD_per_gallon
2013-04-22,GASALLGCW,3.397,USD_per_gallon
2013-04-29,GASALLGCW,3.369,USD_per_gallon
2013-05-06,GASALLGCW,3.371,USD_per_gallon
2013-05-13,GASALLGCW,3.437,USD_per_gallon
2013-05-20,GASALLGCW,3.462,USD_per_gallon
2013-05-27,GASALLGCW,3.438,USD_per_gallon
2013-06-03,GASALLGCW,3.413,USD_per_gallon
2013-06-10,GASALLGCW,3.415,USD_per_gallon
2013-06-17,GASALLGCW,3.453,USD_per_gallon
2013-06-24,GASALLGCW,3.452,USD_per_gallon
2013-07-01,GASALLGCW,3.385,USD_per_gallon
2013-07-08,GASALLGCW,3.368,USD_per_gallon
2013-07-15,GASALLGCW,3.518,USD_per_gallon
2013-07-22,GASALLGCW,3.58,USD_per_gallon
2013-07-29,GASALLGCW,3.552,USD_per_gallon
2013-08-05,GASALLGCW,3.52,USD_per_gallon
2013-08-12,GASALLGCW,3.464,USD_per_gallon
2013-08-19,GASALLGCW,3.449,USD_per_gallon
2013-08-26,GASALLGCW,3.459,USD_per_gallon
2013-09-02,GASALLGCW,3.484,USD_per_gallon
2013-09-09,GASALLGCW,3.454,USD_per_gallon
2013-09-16,GASALLGCW,3.379,USD_per_gallon
2013-09-23,GASALLGCW,3.308,USD_per_gallon
2013-09-30,GASALLGCW,3.254,USD_per_gallon
2013-10-07,GASALLGCW,3.206,USD_per_gallon
2013-10-14,GASALLGCW,3.188,USD_per_gallon
2013-10-21,GASALLGCW,3.208,USD_per_gallon
2013-10-28,GASALLGCW,3.151,USD_per_gallon
2013-11-04,GASALLGCW,3.112,USD_per_gallon
2013-11-11,GASALLGCW,3.057,USD_per_gallon
2013-11-18,GASALLGCW,3.084,USD_per_gallon
2013-11-25,GASALLGCW,3.216,USD_per_gallon
2013-12-02,GASALLGCW,3.203,USD_per_gallon
2013-12-09,GASALLGCW,3.18,USD_per_gallon
2013-12-16,GASALLGCW,3.124,USD_per_gallon
2013-12-23,GASALLGCW,3.139,USD_per_gallon
2013-12-30,GASALLGCW,3.197,USD_per_gallon
2014-01-06,GASALLGCW,3.2,USD_per_gallon
2014-01-13,GASALLGCW,3.185,USD_per_gallon
2014-01-20,GASALLGCW,3.181,USD_per_gallon
2014-01-27,GASALLGCW,3.171,USD_per_gallon
2014-02-03,GASALLGCW,3.162,USD_per_gallon
2014-02-10,GASALLGCW,3.163,USD_per_gallon
2014-02-17,GASALLGCW,3.257,USD_per_gallon
2014-02-24,GASALLGCW,3.287,USD_per_gallon
2014-03-03,GASALLGCW,3.303,USD_per_gallon
2014-03-10,GASALLGCW,3.328,USD_per_gallon
2014-03-17,GASALLGCW,3.358,USD_per_gallon
2014-03-24,GASALLGCW,3.395,USD_per_gallon
2014-03-31,GASALLGCW,3.418,USD_per_gallon
2014-04-07,GASALLGCW,3.469,USD_per_gallon
2014-04-14,GASALLGCW,3.548,USD_per_gallon
2014-04-21,GASALLGCW,3.568,USD_per_gallon
2014-04-28,GASALLGCW,3.568,USD_per_gallon
2014-05-05,GASALLGCW,3.543,USD_per_gallon
2014-05-12,GASALLGCW,3.515,USD_per_gallon
2014-05-19,GASALLGCW,3.517,USD_per_gallon
2014-05-26,GASALLGCW,3.512,USD_per_gallon
2014-06-02,GASALLGCW,3.517,USD_per_gallon
2014-06-09,GASALLGCW,3.495,USD_per_gallon
2014-06-16,GASALLGCW,3.505,USD_per_gallon
2014-06-23,GASALLGCW,3.571,USD_per_gallon
2014-06-30,GASALLGCW,3.56,USD_per_gallon
2014-07-07,GASALLGCW,3.539,USD_per_gallon
2014-07-14,GASALLGCW,3.517,USD_per_gallon
2014-07-21,GASALLGCW,3.47,USD_per_gallon
2014-07-28,GASALLGCW,3.429,USD_per_gallon
2014-08-04,GASALLGCW,3.385,USD_per_gallon
2014-08-11,GASALLGCW,3.351,USD_per_gallon
2014-08-18,GASALLGCW,3.343,USD_per_gallon
2014-08-25,GASALLGCW,3.319,USD_per_gallon
2014-09-01,GASALLGCW,3.296,USD_per_gallon
2014-09-08,GASALLGCW,3.302,USD_per_gallon
2014-09-15,GASALLGCW,3.253,USD_per_gallon
2014-09-22,GASALLGCW,3.209,USD_per_gallon
2014-09-29,GASALLGCW,3.238,USD_per_gallon
2014-10-06,GASALLGCW,3.193,USD_per_gallon
2014-10-13,GASALLGCW,3.093,USD_per_gallon
2014-10-20,GASALLGCW,2.999,USD_per_gallon
2014-10-27,GASALLGCW,2.917,USD_per_gallon
2014-11-03,GASALLGCW,2.857,USD_per_gallon
2014-11-10,GASALLGCW,2.811,USD_per_gallon
2014-11-17,GASALLGCW,2.761,USD_per_gallon
2014-11-24,GASALLGCW,2.683,USD_per_gallon
2014-12-01,GASALLGCW,2.621,USD_per_gallon
2014-12-08,GASALLGCW,2.529,USD_per_gallon
2014-12-15,GASALLGCW,2.418,USD_per_gallon
2014-12-22,GASALLGCW,2.265,USD_per_gallon
2014-12-29,GASALLGCW,2.163,USD_per_gallon
2015-01-05,GASALLGCW,2.082,USD_per_gallon
2015-01-12,GASALLGCW,2.0,USD_per_gallon
2015-01-19,GASALLGCW,1.933,USD_per_gallon
2015-01-26,GASALLGCW,1.939,USD_per_gallon
2015-02-02,GASALLGCW,1.949,USD_per_gallon
2015-02-09,GASALLGCW,2.07,USD_per_gallon
2015-02-16,GASALLGCW,2.16,USD_per_gallon
2015-02-23,GASALLGCW,2.195,USD_per_gallon
2015-03-02,GASALLGCW,2.301,USD_per_gallon
2015-03-09,GASALLGCW,2.313,USD_per_gallon
2015-03-16,GASALLGCW,2.306,USD_per_gallon
2015-03-23,GASALLGCW,2.275,USD_per_gallon
2015-03-30,GASALLGCW,2.273,USD_per_gallon
2015-04-06,GASALLGCW,2.271,USD_per_gallon
2015-04-13,GASALLGCW,2.275,USD_per_gallon
2015-04-20,GASALLGCW,2.328,USD_per_gallon
2015-04-27,GASALLGCW,2.391,USD_per_gallon
2015-05-04,GASALLGCW,2.468,USD_per_gallon
2015-05-11,GASALLGCW,2.522,USD_per_gallon
2015-05-18,GASALLGCW,2.552,USD_per_gallon
2015-05-25,GASALLGCW,2.572,USD_per_gallon
2015-06-01,GASALLGCW,2.567,USD_per_gallon
2015-06-08,GASALLGCW,2.623,USD_per_gallon
2015-06-15,GASALLGCW,2.678,USD_per_gallon
2015-06-22,GASALLGCW,2.662,USD_per_gallon
2015-06-29,GASALLGCW,2.631,USD_per_gallon
2015-07-06,GASALLGCW,2.61,USD_per_gallon
2015-07-13,GASALLGCW,2.617,USD_per_gallon
2015-07-20,GASALLGCW,2.577,USD_per_gallon
2015-07-27,GASALLGCW,2.53,USD_per_gallon
2015-08-03,GASALLGCW,2.485,USD_per_gallon
2015-08-10,GASALLGCW,2.43,USD_per_gallon
2015-08-17,GASALLGCW,2.429,USD_per_gallon
2015-08-24,GASALLGCW,2.379,USD_per_gallon
2015-08-31,GASALLGCW,2.291,USD_per_gallon
2015-09-07,GASALLGCW,2.231,USD_per_gallon
2015-09-14,GASALLGCW,2.186,USD_per_gallon
2015-09-21,GASALLGCW,2.12,USD_per_gallon
2015-09-28,GASALLGCW,2.109,USD_per_gallon
2015-10-05,GASALLGCW,2.132,USD_per_gallon
2015-10-12,GASALLGCW,2.148,USD_per_gallon
2015-10-19,GASALLGCW,2.1,USD_per_gallon
2015-10-26,GASALLGCW,2.046,USD_per_gallon
2015-11-02,GASALLGCW,2.018,USD_per_gallon
2015-11-09,GASALLGCW,2.07,USD_per_gallon
2015-11-16,GASALLGCW,2.027,USD_per_gallon
2015-11-23,GASALLGCW,1.956,USD_per_gallon
2015-11-30,GASALLGCW,1.929,USD_per_gallon
2015-12-07,GASALLGCW,1.921,USD_per_gallon
2015-12-14,GASALLGCW,1.892,USD_per_gallon
2015-12-21,GASALLGCW,1.887,USD_per_gallon
2015-12-28,GASALLGCW,1.865,USD_per_gallon
2016-01-04,GASALLGCW,1.854,USD_per_gallon
2016-01-11,GASALLGCW,1.831,USD_per_gallon
2016-01-18,GASALLGCW,1.778,USD_per_gallon
2016-01-25,GASALLGCW,1.734,USD_per_gallon
2016-02-01,GASALLGCW,1.697,USD_per_gallon
2016-02-08,GASALLGCW,1.667,USD_per_gallon
2016-02-15,GASALLGCW,1.632,USD_per_gallon
2016-02-22,GASALLGCW,1.631,USD_per_gallon
2016-02-29,GASALLGCW,1.662,USD_per_gallon
2016-03-07,GASALLGCW,1.706,USD_per_gallon
2016-03-14,GASALLGCW,1.85,USD_per_gallon
2016-03-21,GASALLGCW,1.91,USD_per_gallon
2016-03-28,GASALLGCW,1.969,USD_per_gallon
2016-04-04,GASALLGCW,1.973,USD_per_gallon
2016-04-11,GASALLGCW,1.94,USD_per_gallon
2016-04-18,GASALLGCW,2.013,USD_per_gallon
2016-04-25,GASALLGCW,2.019,USD_per_gallon
2016-05-02,GASALLGCW,2.099,USD_per_gallon
2016-05-09,GASALLGCW,2.094,USD_per_gallon
2016-05-16,GASALLGCW,2.093,USD_per_gallon
2016-05-23,GASALLGCW,2.171,USD_per_gallon
2016-05-30,GASALLGCW,2.198,USD_per_gallon
2016-06-06,GASALLGCW,2.25,USD_per_gallon
2016-06-13,GASALLGCW,2.243,USD_per_gallon
2016-06-20,GASALLGCW,2.203,USD_per_gallon
2016-06-27,GASALLGCW,2.204,USD_per_gallon
2016-07-04,GASALLGCW,2.18,USD_per_gallon
2016-07-11,GASALLGCW,2.152,USD_per_gallon
2016-07-18,GASALLGCW,2.115,USD_per_gallon
2016-07-25,GASALLGCW,2.088,USD_per_gallon
2016-08-01,GASALLGCW,2.054,USD_per_gallon
2016-08-08,GASALLGCW,2.038,USD_per_gallon
2016-08-15,GASALLGCW,2.052,USD_per_gallon
2016-08-22,GASALLGCW,2.076,USD_per_gallon
2016-08-29,GASALLGCW,2.118,USD_per_gallon
2016-09-05,GASALLGCW,2.113,USD_per_gallon
2016-09-12,GASALLGCW,2.085,USD_per_gallon
2016-09-19,GASALLGCW,2.079,USD_per_gallon
2016-09-26,GASALLGCW,2.076,USD_per_gallon
2016-10-03,GASALLGCW,2.12,USD_per_gallon
2016-10-10,GASALLGCW,2.152,USD_per_gallon
2016-10-17,GASALLGCW,2.153,USD_per_gallon
2016-10-24,GASALLGCW,2.165,USD_per_gallon
2016-10-31,GASALLGCW,2.153,USD_per_gallon
2016-11-07,GASALLGCW,2.127,USD_per_gallon
2016-11-14,GASALLGCW,2.087,USD_per_gallon
2016-11-21,GASALLGCW,2.032,USD_per_gallon
2016-11-28,GASALLGCW,2.021,USD_per_gallon
2016-12-05,GASALLGCW,2.092,USD_per_gallon
2016-12-12,GASALLGCW,2.118,USD_per_gallon
2016-12-19,GASALLGCW,2.164,USD_per_gallon
2016-12-26,GASALLGCW,2.191,USD_per_gallon
2017-01-02,GASALLGCW,2.258,USD_per_gallon
2017-01-09,GASALLGCW,2.277,USD_per_gallon
2017-01-16,GASALLGCW,2.251,USD_per_gallon
2017-01-23,GASALLGCW,2.233,USD_per_gallon
2017-01-30,GASALLGCW,2.2,USD_per_gallon
2017-02-06,GASALLGCW,2.183,USD_per_gallon
2017-02-13,GASALLGCW,2.19,USD_per_gallon
2017-02-20,GASALLGCW,2.181,USD_per_gallon
2017-02-27,GASALLGCW,2.181,USD_per_gallon
2017-03-06,GASALLGCW,2.205,USD_per_gallon
2017-03-13,GASALLGCW,2.188,USD_per_gallon
2017-03-20,GASALLGCW,2.186,USD_per_gallon
2017-03-27,GASALLGCW,2.199,USD_per_gallon
2017-04-03,GASALLGCW,2.236,USD_per_gallon
2017-04-10,GASALLGCW,2.303,USD_per_gallon
2017-04-17,GASALLGCW,2.352,USD_per_gallon
2017-04-24,GASALLGCW,2.337,USD_per_gallon
2017-05-01,GASALLGCW,2.309,USD_per_gallon
2017-05-08,GASALLGCW,2.28,USD_per_gallon
2017-05-15,GASALLGCW,2.242,USD_per_gallon
2017-05-22,GASALLGCW,2.261,USD_per_gallon
2017-05-29,GASALLGCW,2.268,USD_per_gallon
2017-06-05,GASALLGCW,2.285,USD_per_gallon
2017-06-12,GASALLGCW,2.255,USD_per_gallon
2017-06-19,GASALLGCW,2.208,USD_per_gallon
2017-06-26,GASALLGCW,2.169,USD_per_gallon
2017-07-03,GASALLGCW,2.124,USD_per_gallon
2017-07-10,GASALLGCW,2.149,USD_per_gallon
2017-07-17,GASALLGCW,2.147,USD_per_gallon
2017-07-24,GASALLGCW,2.186,USD_per_gallon
2017-07-31,GASALLGCW,2.203,USD_per_gallon
2017-08-07,GASALLGCW,2.273,USD_per_gallon
2017-08-14,GASALLGCW,2.266,USD_per_gallon
2017-08-21,GASALLGCW,2.238,USD_per_gallon
2017-08-28,GASALLGCW,2.274,USD_per_gallon
2017-09-04,GASALLGCW,2.621,USD_per_gallon
2017-09-11,GASALLGCW,2.616,USD_per_gallon
2017-09-18,GASALLGCW,2.582,USD_per_gallon
2017-09-25,GASALLGCW,2.541,USD_per_gallon
2017-10-02,GASALLGCW,2.501,USD_per_gallon
2017-10-09,GASALLGCW,2.435,USD_per_gallon
2017-10-16,GASALLGCW,2.382,USD_per_gallon
2017-10-23,GASALLGCW,2.345,USD_per_gallon
2017-10-30,GASALLGCW,2.338,USD_per_gallon
2017-11-06,GASALLGCW,2.372,USD_per_gallon
2017-11-13,GASALLGCW,2.422,USD_per_gallon
2017-11-20,GASALLGCW,2.406,USD_per_gallon
2017-11-27,GASALLGCW,2.381,USD_per_gallon
2017-12-04,GASALLGCW,2.37,USD_per_gallon
2017-12-11,GASALLGCW,2.338,USD_per_gallon
2017-12-18,GASALLGCW,2.289,USD_per_gallon
2017-12-25,GASALLGCW,2.294,USD_per_gallon
2018-01-01,GASALLGCW,2.36,USD_per_gallon
2018-01-08,GASALLGCW,2.364,USD_per_gallon
2018-01-15,GASALLGCW,2.398,USD_per_gallon
2018-01-22,GASALLGCW,2.431,USD_per_gallon
2018-01-29,GASALLGCW,2.468,USD_per_gallon
2018-02-05,GASALLGCW,2.49,USD_per_gallon
2018-02-12,GASALLGCW,2.453,USD_per_gallon
2018-02-19,GASALLGCW,2.4,USD_per_gallon
2018-02-26,GASALLGCW,2.374,USD_per_gallon
2018-03-05,GASALLGCW,2.402,USD_per_gallon
2018-03-12,GASALLGCW,2.397,USD_per_gallon
2018-03-19,GASALLGCW,2.427,USD_per_gallon
2018-03-26,GASALLGCW,2.504,USD_per_gallon
2018-04-02,GASALLGCW,2.551,USD_per_gallon
2018-04-09,GASALLGCW,2.545,USD_per_gallon
2018-04-16,GASALLGCW,2.616,USD_per_gallon
2018-04-23,GASALLGCW,2.666,USD_per_gallon
2018-04-30,GASALLGCW,2.705,USD_per_gallon
2018-05-07,GASALLGCW,2.705,USD_per_gallon
2018-05-14,GASALLGCW,2.675,USD_per_gallon
2018-05-21,GASALLGCW,2.739,USD_per_gallon
2018-05-28,GASALLGCW,2.783,USD_per_gallon
2018-06-04,GASALLGCW,2.789,USD_per_gallon
2018-06-11,GASALLGCW,2.76,USD_per_gallon
2018-06-18,GASALLGCW,2.719,USD_per_gallon
2018-06-25,GASALLGCW,2.68,USD_per_gallon
2018-07-02,GASALLGCW,2.67,USD_per_gallon
2018-07-09,GASALLGCW,2.684,USD_per_gallon
2018-07-16,GASALLGCW,2.666,USD_per_gallon
2018-07-23,GASALLGCW,2.638,USD_per_gallon
2018-07-30,GASALLGCW,2.657,USD_per_gallon
2018-08-06,GASALLGCW,2.654,USD_per_gallon
2018-08-13,GASALLGCW,2.65,USD_per_gallon
2018-08-20,GASALLGCW,2.632,USD_per_gallon
2018-08-27,GASALLGCW,2.635,USD_per_gallon
2018-09-03,GASALLGCW,2.616,USD_per_gallon
2018-09-10,GASALLGCW,2.639,USD_per_gallon
2018-09-17,GASALLGCW,2.628,USD_per_gallon
2018-09-24,GASALLGCW,2.626,USD_per_gallon
2018-10-01,GASALLGCW,2.66,USD_per_gallon
2018-10-08,GASALLGCW,2.692,USD_per_gallon
2018-10-15,GASALLGCW,2.692,USD_per_gallon
2018-10-22,GASALLGCW,2.648,USD_per_gallon
2018-10-29,GASALLGCW,2.591,USD_per_gallon
2018-11-05,GASALLGCW,2.524,USD_per_gallon
2018-11-12,GASALLGCW,2.455,USD_per_gallon
2018-11-19,GASALLGCW,2.377,USD_per_gallon
2018-11-26,GASALLGCW,2.286,USD_per_gallon
2018-12-03,GASALLGCW,2.193,USD_per_gallon
2018-12-10,GASALLGCW,2.145,USD_per_gallon
2018-12-17,GASALLGCW,2.103,USD_per_gallon
2018-12-24,GASALLGCW,2.051,USD_per_gallon
2018-12-31,GASALLGCW,1.998,USD_per_gallon
2019-01-07,GASALLGCW,1.958,USD_per_gallon
2019-01-14,GASALLGCW,1.981,USD_per_gallon
2019-01-21,GASALLGCW,1.986,USD_per_gallon
2019-01-28,GASALLGCW,2.031,USD_per_gallon
2019-02-04,GASALLGCW,2.003,USD_per_gallon
2019-02-11,GASALLGCW,2.031,USD_per_gallon
2019-02-18,GASALLGCW,2.118,USD_per_gallon
2019-02-25,GASALLGCW,2.181,USD_per_gallon
2019-03-04,GASALLGCW,2.248,USD_per_gallon
2019-03-11,GASALLGCW,2.284,USD_per_gallon
2019-03-18,GASALLGCW,2.368,USD_per_gallon
2019-03-25,GASALLGCW,2.445,USD_per_gallon
2019-04-01,GASALLGCW,2.513,USD_per_gallon
2019-04-08,GASALLGCW,2.518,USD_per_gallon
2019-04-15,GASALLGCW,2.601,USD_per_gallon
2019-04-22,GASALLGCW,2.601,USD_per_gallon
2019-04-29,GASALLGCW,2.649,USD_per_gallon
2019-05-06,GASALLGCW,2.623,USD_per_gallon
2019-05-13,GASALLGCW,2.584,USD_per_gallon
2019-05-20,GASALLGCW,2.585,USD_per_gallon
2019-05-27,GASALLGCW,2.54,USD_per_gallon
2019-06-03,GASALLGCW,2.492,USD_per_gallon
2019-06-10,GASALLGCW,2.429,USD_per_gallon
2019-06-17,GASALLGCW,2.405,USD_per_gallon
2019-06-24,GASALLGCW,2.367,USD_per_gallon
2019-07-01,GASALLGCW,2.437,USD_per_gallon
2019-07-08,GASALLGCW,2.486,USD_per_gallon
2019-07-15,GASALLGCW,2.523,USD_per_gallon
2019-07-22,GASALLGCW,2.532,USD_per_gallon
2019-07-29,GASALLGCW,2.491,USD_per_gallon
2019-08-05,GASALLGCW,2.455,USD_per_gallon
2019-08-12,GASALLGCW,2.394,USD_per_gallon
2019-08-19,GASALLGCW,2.338,USD_per_gallon
2019-08-26,GASALLGCW,2.332,USD_per_gallon
2019-09-02,GASALLGCW,2.296,USD_per_gallon
2019-09-09,GASALLGCW,2.307,USD_per_gallon
2019-09-16,GASALLGCW,2.304,USD_per_gallon
2019-09-23,GASALLGCW,2.425,USD_per_gallon
2019-09-30,GASALLGCW,2.396,USD_per_gallon
2019-10-07,GASALLGCW,2.353,USD_per_gallon
2019-10-14,GASALLGCW,2.328,USD_per_gallon
2019-10-21,GASALLGCW,2.35,USD_per_gallon
2019-10-28,GASALLGCW,2.315,USD_per_gallon
2019-11-04,GASALLGCW,2.3,USD_per_gallon
2019-11-11,GASALLGCW,2.334,USD_per_gallon
2019-11-18,GASALLGCW,2.291,USD_per_gallon
2019-11-25,GASALLGCW,2.31,USD_per_gallon
2019-12-02,GASALLGCW,2.297,USD_per_gallon
2019-12-09,GASALLGCW,2.274,USD_per_gallon
2019-12-16,GASALLGCW,2.3,USD_per_gallon
2019-12-23,GASALLGCW,2.287,USD_per_gallon
2019-12-30,GASALLGCW,2.352,USD_per_gallon
2020-01-06,GASALLGCW,2.347,USD_per_gallon
2020-01-13,GASALLGCW,2.345,USD_per_gallon
2020-01-20,GASALLGCW,2.301,USD_per_gallon
2020-01-27,GASALLGCW,2.267,USD_per_gallon
2020-02-03,GASALLGCW,2.207,USD_per_gallon
2020-02-10,GASALLGCW,2.162,USD_per_gallon
2020-02-17,GASALLGCW,2.158,USD_per_gallon
2020-02-24,GASALLGCW,2.223,USD_per_gallon
2020-03-02,GASALLGCW,2.185,USD_per_gallon
2020-03-09,GASALLGCW,2.133,USD_per_gallon
2020-03-16,GASALLGCW,2.042,USD_per_gallon
2020-03-23,GASALLGCW,1.936,USD_per_gallon
2020-03-30,GASALLGCW,1.838,USD_per_gallon
2020-04-06,GASALLGCW,1.73,USD_per_gallon
2020-04-13,GASALLGCW,1.649,USD_per_gallon
2020-04-20,GASALLGCW,1.618,USD_per_gallon
2020-04-27,GASALLGCW,1.582,USD_per_gallon
2020-05-04,GASALLGCW,1.562,USD_per_gallon
2020-05-11,GASALLGCW,1.574,USD_per_gallon
2020-05-18,GASALLGCW,1.616,USD_per_gallon
2020-05-25,GASALLGCW,1.669,USD_per_gallon
2020-06-01,GASALLGCW,1.691,USD_per_gallon
2020-06-08,GASALLGCW,1.751,USD_per_gallon
2020-06-15,GASALLGCW,1.848,USD_per_gallon
2020-06-22,GASALLGCW,1.888,USD_per_gallon
2020-06-29,GASALLGCW,1.943,USD_per_gallon
2020-07-06,GASALLGCW,1.931,USD_per_gallon
2020-07-13,GASALLGCW,1.942,USD_per_gallon
2020-07-20,GASALLGCW,1.947,USD_per_gallon
2020-07-27,GASALLGCW,1.927,USD_per_gallon
2020-08-03,GASALLGCW,1.919,USD_per_gallon
2020-08-10,GASALLGCW,1.885,USD_per_gallon
2020-08-17,GASALLGCW,1.923,USD_per_gallon
2020-08-24,GASALLGCW,1.94,USD_per_gallon
2020-08-31,GASALLGCW,1.962,USD_per_gallon
2020-09-07,GASALLGCW,1.963,USD_per_gallon
2020-09-14,GASALLGCW,1.931,USD_per_gallon
2020-09-21,GASALLGCW,1.911,USD_per_gallon
2020-09-28,GASALLGCW,1.91,USD_per_gallon
2020-10-05,GASALLGCW,1.901,USD_per_gallon
2020-10-12,GASALLGCW,1.914,USD_per_gallon
2020-10-19,GASALLGCW,1.905,USD_per_gallon
2020-10-26,GASALLGCW,1.908,USD_per_gallon
2020-11-02,GASALLGCW,1.862,USD_per_gallon
2020-11-09,GASALLGCW,1.823,USD_per_gallon
2020-11-16,GASALLGCW,1.858,USD_per_gallon
2020-11-23,GASALLGCW,1.847,USD_per_gallon
2020-11-30,GASALLGCW,1.863,USD_per_gallon
2020-12-07,GASALLGCW,1.911,USD_per_gallon
2020-12-14,GASALLGCW,1.916,USD_per_gallon
2020-12-21,GASALLGCW,2.006,USD_per_gallon
2020-12-28,GASALLGCW,2.001,USD_per_gallon
2021-01-04,GASALLGCW,1.999,USD_per_gallon
2021-01-11,GASALLGCW,2.09,USD_per_gallon
2021-01-18,GASALLGCW,2.184,USD_per_gallon
2021-01-25,GASALLGCW,2.175,USD_per_gallon
2021-02-01,GASALLGCW,2.18,USD_per_gallon
2021-02-08,GASALLGCW,2.236,USD_per_gallon
2021-02-15,GASALLGCW,2.286,USD_per_gallon
2021-02-22,GASALLGCW,2.414,USD_per_gallon
2021-03-01,GASALLGCW,2.481,USD_per_gallon
2021-03-08,GASALLGCW,2.564,USD_per_gallon
2021-03-15,GASALLGCW,2.675,USD_per_gallon
2021-03-22,GASALLGCW,2.693,USD_per_gallon
2021-03-29,GASALLGCW,2.674,USD_per_gallon
2021-04-05,GASALLGCW,2.658,USD_per_gallon
2021-04-12,GASALLGCW,2.649,USD_per_gallon
2021-04-19,GASALLGCW,2.635,USD_per_gallon
2021-04-26,GASALLGCW,2.656,USD_per_gallon
2021-05-03,GASALLGCW,2.651,USD_per_gallon
2021-05-10,GASALLGCW,2.735,USD_per_gallon
2021-05-17,GASALLGCW,2.847,USD_per_gallon
2021-05-24,GASALLGCW,2.819,USD_per_gallon
2021-05-31,GASALLGCW,2.787,USD_per_gallon
2021-06-07,GASALLGCW,2.775,USD_per_gallon
2021-06-14,GASALLGCW,2.824,USD_per_gallon
2021-06-21,GASALLGCW,2.797,USD_per_gallon
2021-06-28,GASALLGCW,2.847,USD_per_gallon
2021-07-05,GASALLGCW,2.867,USD_per_gallon
2021-07-12,GASALLGCW,2.897,USD_per_gallon
2021-07-19,GASALLGCW,2.904,USD_per_gallon
2021-07-26,GASALLGCW,2.877,USD_per_gallon
2021-08-02,GASALLGCW,2.906,USD_per_gallon
2021-08-09,GASALLGCW,2.901,USD_per_gallon
2021-08-16,GASALLGCW,2.918,USD_per_gallon
2021-08-23,GASALLGCW,2.875,USD_per_gallon
2021-08-30,GASALLGCW,2.846,USD_per_gallon
2021-09-06,GASALLGCW,2.898,USD_per_gallon
2021-09-13,GASALLGCW,2.885,USD_per_gallon
2021-09-20,GASALLGCW,2.879,USD_per_gallon
2021-09-27,GASALLGCW,2.912,USD_per_gallon
2021-10-04,GASALLGCW,2.907,USD_per_gallon
2021-10-11,GASALLGCW,3.006,USD_per_gallon
2021-10-18,GASALLGCW,3.055,USD_per_gallon
2021-10-25,GASALLGCW,3.133,USD_per_gallon
2021-11-01,GASALLGCW,3.137,USD_per_gallon
2021-11-08,GASALLGCW,3.173,USD_per_gallon
2021-11-15,GASALLGCW,3.143,USD_per_gallon
2021-11-22,GASALLGCW,3.103,USD_per_gallon
2021-11-29,GASALLGCW,3.072,USD_per_gallon
2021-12-06,GASALLGCW,3.061,USD_per_gallon
2021-12-13,GASALLGCW,3.012,USD_per_gallon
2021-12-20,GASALLGCW,3.011,USD_per_gallon
2021-12-27,GASALLGCW,2.978,USD_per_gallon
2022-01-03,GASALLGCW,3.015,USD_per_gallon
2022-01-10,GASALLGCW,2.993,USD_per_gallon
2022-01-17,GASALLGCW,3.028,USD_per_gallon
2022-01-24,GASALLGCW,3.081,USD_per_gallon
2022-01-31,GASALLGCW,3.1,USD_per_gallon
2022-02-07,GASALLGCW,3.194,USD_per_gallon
2022-02-14,GASALLGCW,3.255,USD_per_gallon
2022-02-21,GASALLGCW,3.307,USD_per_gallon
2022-02-28,GASALLGCW,3.377,USD_per_gallon
2022-03-07,GASALLGCW,3.889,USD_per_gallon
2022-03-14,GASALLGCW,4.099,USD_per_gallon
2022-03-21,GASALLGCW,4.011,USD_per_gallon
2022-03-28,GASALLGCW,3.956,USD_per_gallon
2022-04-04,GASALLGCW,3.887,USD_per_gallon
2022-04-11,GASALLGCW,3.805,USD_per_gallon
2022-04-18,GASALLGCW,3.807,USD_per_gallon
2022-04-25,GASALLGCW,3.865,USD_per_gallon
2022-05-02,GASALLGCW,3.933,USD_per_gallon
2022-05-09,GASALLGCW,4.082,USD_per_gallon
2022-05-16,GASALLGCW,4.227,USD_per_gallon
2022-05-23,GASALLGCW,4.329,USD_per_gallon
2022-05-30,GASALLGCW,4.292,USD_per_gallon
2022-06-06,GASALLGCW,4.627,USD_per_gallon
2022-06-13,GASALLGCW,4.707,USD_per_gallon
2022-06-20,GASALLGCW,4.688,USD_per_gallon
2022-06-27,GASALLGCW,4.579,USD_per_gallon
2022-07-04,GASALLGCW,4.43,USD_per_gallon
2022-07-11,GASALLGCW,4.269,USD_per_gallon
2022-07-18,GASALLGCW,4.08,USD_per_gallon
2022-07-25,GASALLGCW,3.913,USD_per_gallon
2022-08-01,GASALLGCW,3.775,USD_per_gallon
2022-08-08,GASALLGCW,3.617,USD_per_gallon
2022-08-15,GASALLGCW,3.511,USD_per_gallon
2022-08-22,GASALLGCW,3.486,USD_per_gallon
2022-08-29,GASALLGCW,3.439,USD_per_gallon
2022-09-05,GASALLGCW,3.313,USD_per_gallon
2022-09-12,GASALLGCW,3.209,USD_per_gallon
2022-09-19,GASALLGCW,3.24,USD_per_gallon
2022-09-26,GASALLGCW,3.201,USD_per_gallon
2022-10-03,GASALLGCW,3.164,USD_per_gallon
2022-10-10,GASALLGCW,3.374,USD_per_gallon
2022-10-17,GASALLGCW,3.401,USD_per_gallon
2022-10-24,GASALLGCW,3.3,USD_per_gallon
2022-10-31,GASALLGCW,3.261,USD_per_gallon
2022-11-07,GASALLGCW,3.269,USD_per_gallon
2022-11-14,GASALLGCW,3.221,USD_per_gallon
2022-11-21,GASALLGCW,3.105,USD_per_gallon
2022-11-28,GASALLGCW,3.0,USD_per_gallon
2022-12-05,GASALLGCW,2.893,USD_per_gallon
2022-12-12,GASALLGCW,2.815,USD_per_gallon
2022-12-19,GASALLGCW,2.727,USD_per_gallon
2022-12-26,GASALLGCW,2.769,USD_per_gallon
2023-01-02,GASALLGCW,2.972,USD_per_gallon
2023-01-09,GASALLGCW,2.971,USD_per_gallon
2023-01-16,GASALLGCW,3.053,USD_per_gallon
2023-01-23,GASALLGCW,3.172,USD_per_gallon
2023-01-30,GASALLGCW,3.214,USD_per_gallon
2023-02-06,GASALLGCW,3.174,USD_per_gallon
2023-02-13,GASALLGCW,3.099,USD_per_gallon
2023-02-20,GASALLGCW,3.089,USD_per_gallon
2023-02-27,GASALLGCW,2.995,USD_per_gallon
2023-03-06,GASALLGCW,3.062,USD_per_gallon
2023-03-13,GASALLGCW,3.169,USD_per_gallon
2023-03-20,GASALLGCW,3.104,USD_per_gallon
2023-03-27,GASALLGCW,3.164,USD_per_gallon
2023-04-03,GASALLGCW,3.231,USD_per_gallon
2023-04-10,GASALLGCW,3.335,USD_per_gallon
2023-04-17,GASALLGCW,3.424,USD_per_gallon
2023-04-24,GASALLGCW,3.34,USD_per_gallon
2023-05-01,GASALLGCW,3.231,USD_per_gallon
2023-05-08,GASALLGCW,3.128,USD_per_gallon
2023-05-15,GASALLGCW,3.163,USD_per_gallon
2023-05-22,GASALLGCW,3.123,USD_per_gallon
2023-05-29,GASALLGCW,3.205,USD_per_gallon
2023-06-05,GASALLGCW,3.148,USD_per_gallon
2023-06-12,GASALLGCW,3.229,USD_per_gallon
2023-06-19,GASALLGCW,3.193,USD_per_gallon
2023-06-26,GASALLGCW,3.274,USD_per_gallon
2023-07-03,GASALLGCW,3.193,USD_per_gallon
2023-07-10,GASALLGCW,3.239,USD_per_gallon
2023-07-17,GASALLGCW,3.223,USD_per_gallon
2023-07-24,GASALLGCW,3.328,USD_per_gallon
2023-07-31,GASALLGCW,3.499,USD_per_gallon
2023-08-07,GASALLGCW,3.537,USD_per_gallon
2023-08-14,GASALLGCW,3.5,USD_per_gallon
2023-08-21,GASALLGCW,3.544,USD_per_gallon
2023-08-28,GASALLGCW,3.464,USD_per_gallon
2023-09-04,GASALLGCW,3.449,USD_per_gallon
2023-09-11,GASALLGCW,3.453,USD_per_gallon
2023-09-18,GASALLGCW,3.515,USD_per_gallon
2023-09-25,GASALLGCW,3.437,USD_per_gallon
2023-10-02,GASALLGCW,3.409,USD_per_gallon
2023-10-09,GASALLGCW,3.272,USD_per_gallon
2023-10-16,GASALLGCW,3.128,USD_per_gallon
2023-10-23,GASALLGCW,3.129,USD_per_gallon
2023-10-30,GASALLGCW,3.054,USD_per_gallon
2023-11-06,GASALLGCW,2.961,USD_per_gallon
2023-11-13,GASALLGCW,2.9,USD_per_gallon
2023-11-20,GASALLGCW,2.878,USD_per_gallon
2023-11-27,GASALLGCW,2.803,USD_per_gallon
2023-12-04,GASALLGCW,2.83,USD_per_gallon
2023-12-11,GASALLGCW,2.713,USD_per_gallon
2023-12-18,GASALLGCW,2.638,USD_per_gallon
2023-12-25,GASALLGCW,2.776,USD_per_gallon
2024-01-01,GASALLGCW,2.743,USD_per_gallon
2024-01-08,GASALLGCW,2.767,USD_per_gallon
2024-01-15,GASALLGCW,2.761,USD_per_gallon
2024-01-22,GASALLGCW,2.774,USD_per_gallon
2024-01-29,GASALLGCW,2.844,USD_per_gallon
2024-02-05,GASALLGCW,2.91,USD_per_gallon
2024-02-12,GASALLGCW,2.897,USD_per_gallon
2024-02-19,GASALLGCW,2.991,USD_per_gallon
2024-02-26,GASALLGCW,2.935,USD_per_gallon
2024-03-04,GASALLGCW,3.038,USD_per_gallon
2024-03-11,GASALLGCW,3.034,USD_per_gallon
2024-03-18,GASALLGCW,3.188,USD_per_gallon
2024-03-25,GASALLGCW,3.266,USD_per_gallon
2024-04-01,GASALLGCW,3.205,USD_per_gallon
2024-04-08,GASALLGCW,3.305,USD_per_gallon
2024-04-15,GASALLGCW,3.268,USD_per_gallon
2024-04-22,GASALLGCW,3.324,USD_per_gallon
2024-04-29,GASALLGCW,3.284,USD_per_gallon
2024-05-06,GASALLGCW,3.336,USD_per_gallon
2024-05-13,GASALLGCW,3.262,USD_per_gallon
2024-05-20,GASALLGCW,3.207,USD_per_gallon
2024-05-27,GASALLGCW,3.206,USD_per_gallon
2024-06-03,GASALLGCW,3.139,USD_per_gallon
2024-06-10,GASALLGCW,3.045,USD_per_gallon
2024-06-17,GASALLGCW,3.087,USD_per_gallon
2024-06-24,GASALLGCW,3.111,USD_per_gallon
2024-07-01,GASALLGCW,3.164,USD_per_gallon
2024-07-08,GASALLGCW,3.151,USD_per_gallon
2024-07-15,GASALLGCW,3.204,USD_per_gallon
2024-07-22,GASALLGCW,3.142,USD_per_gallon
2024-07-29,GASALLGCW,3.189,USD_per_gallon
2024-08-05,GASALLGCW,3.105,USD_per_gallon
2024-08-12,GASALLGCW,3.093,USD_per_gallon
2024-08-19,GASALLGCW,3.091,USD_per_gallon
2024-08-26,GASALLGCW,2.991,USD_per_gallon
2024-09-02,GASALLGCW,2.94,USD_per_gallon
2024-09-09,GASALLGCW,2.898,USD_per_gallon
2024-09-16,GASALLGCW,2.826,USD_per_gallon
2024-09-23,GASALLGCW,2.831,USD_per_gallon
2024-09-30,GASALLGCW,2.793,USD_per_gallon
2024-10-07,GASALLGCW,2.823,USD_per_gallon
2024-10-14,GASALLGCW,2.83,USD_per_gallon
2024-10-21,GASALLGCW,2.817,USD_per_gallon
2024-10-28,GASALLGCW,2.742,USD_per_gallon
2024-11-04,GASALLGCW,2.716,USD_per_gallon
2024-11-11,GASALLGCW,2.725,USD_per_gallon
2024-11-18,GASALLGCW,2.728,USD_per_gallon
2024-11-25,GASALLGCW,2.733,USD_per_gallon
2024-12-02,GASALLGCW,2.68,USD_per_gallon
2024-12-09,GASALLGCW,2.702,USD_per_gallon
2024-12-16,GASALLGCW,2.662,USD_per_gallon
2024-12-23,GASALLGCW,2.746,USD_per_gallon
2024-12-30,GASALLGCW,2.712,USD_per_gallon
2025-01-06,GASALLGCW,2.755,USD_per_gallon
2025-01-13,GASALLGCW,2.762,USD_per_gallon
2025-01-20,GASALLGCW,2.788,USD_per_gallon
2025-01-27,GASALLGCW,2.793,USD_per_gallon
2025-02-03,GASALLGCW,2.807,USD_per_gallon
2025-02-10,GASALLGCW,2.79,USD_per_gallon
2025-02-17,GASALLGCW,2.838,USD_per_gallon
2025-02-24,GASALLGCW,2.801,USD_per_gallon
2025-03-03,GASALLGCW,2.735,USD_per_gallon
2025-03-10,GASALLGCW,2.78,USD_per_gallon
2025-03-17,GASALLGCW,2.727,USD_per_gallon
2025-03-24,GASALLGCW,2.837,USD_per_gallon
2025-03-31,GASALLGCW,2.827,USD_per_gallon
2025-04-07,GASALLGCW,2.939,USD_per_gallon
2025-04-14,GASALLGCW,2.846,USD_per_gallon
2025-04-21,GASALLGCW,2.782,USD_per_gallon
2025-04-28,GASALLGCW,2.783,USD_per_gallon
2025-05-05,GASALLGCW,2.821,USD_per_gallon
2025-05-12,GASALLGCW,2.79,USD_per_gallon
2025-05-19,GASALLGCW,2.885,USD_per_gallon
2025-05-26,GASALLGCW,2.824,USD_per_gallon
2025-06-02,GASALLGCW,2.8,USD_per_gallon
2025-06-09,GASALLGCW,2.814,USD_per_gallon
2025-06-16,GASALLGCW,2.833,USD_per_gallon
2025-06-23,GASALLGCW,2.941,USD_per_gallon
2025-06-30,GASALLGCW,2.837,USD_per_gallon
2025-07-07,GASALLGCW,2.783,USD_per_gallon
2025-07-14,GASALLGCW,2.836,USD_per_gallon
2025-07-21,GASALLGCW,2.837,USD_per_gallon
2025-07-28,GASALLGCW,2.848,USD_per_gallon
2025-08-04,GASALLGCW,2.831,USD_per_gallon
2025-08-11,GASALLGCW,2.778,USD_per_gallon
2025-08-18,GASALLGCW,2.844,USD_per_gallon
2025-08-25,GASALLGCW,2.793,USD_per_gallon
2025-09-01,GASALLGCW,2.863,USD_per_gallon
2025-09-08,GASALLGCW,2.83,USD_per_gallon
2025-09-15,GASALLGCW,2.873,USD_per_gallon
2025-09-22,GASALLGCW,2.814,USD_per_gallon
2025-09-29,GASALLGCW,2.77,USD_per_gallon
2025-10-06,GASALLGCW,2.818,USD_per_gallon
2025-10-13,GASALLGCW,2.722,USD_per_gallon
2025-10-20,GASALLGCW,2.655,USD_per_gallon
2025-10-27,GASALLGCW,2.68,USD_per_gallon
2025-11-03,GASALLGCW,2.611,USD_per_gallon
2025-11-10,GASALLGCW,2.698,USD_per_gallon
2025-11-17,GASALLGCW,2.698,USD_per_gallon
2025-11-24,GASALLGCW,2.743,USD_per_gallon
2025-12-01,GASALLGCW,2.651,USD_per_gallon
2025-12-08,GASALLGCW,2.592,USD_per_gallon
2025-12-15,GASALLGCW,2.594,USD_per_gallon
2025-12-22,GASALLGCW,2.543,USD_per_gallon
2025-12-29,GASALLGCW,2.489,USD_per_gallon
2026-01-05,GASALLGCW,2.471,USD_per_gallon
2026-01-12,GASALLGCW,2.476,USD_per_gallon
2026-01-19,GASALLGCW,2.498,USD_per_gallon
2026-01-26,GASALLGCW,2.554,USD_per_gallon
2026-02-02,GASALLGCW,2.542,USD_per_gallon
2026-02-09,GASALLGCW,2.574,USD_per_gallon
2026-02-16,GASALLGCW,2.579,USD_per_gallon
2026-02-23,GASALLGCW,2.634,USD_per_gallon
2026-03-02,GASALLGCW,2.746,USD_per_gallon
2026-03-09,GASALLGCW,3.205,USD_per_gallon
2026-03-16,GASALLGCW,3.507,USD_per_gallon
2026-03-23,GASALLGCW,3.702,USD_per_gallon
2026-03-30,GASALLGCW,3.687,USD_per_gallon
2026-04-06,GASALLGCW,3.883,USD_per_gallon
2026-04-13,GASALLGCW,3.836,USD_per_gallon
2026-04-20,GASALLGCW,3.715,USD_per_gallon
2026-04-27,GASALLGCW,3.773,USD_per_gallon
2026-05-04,GASALLGCW,3.999,USD_per_gallon
1993-04-05,GASALLMWW,1.061,USD_per_gallon
1993-04-12,GASALLMWW,1.077,USD_per_gallon
1993-04-19,GASALLMWW,1.067,USD_per_gallon
1993-04-26,GASALLMWW,1.078,USD_per_gallon
1993-05-03,GASALLMWW,1.073,USD_per_gallon
1993-05-10,GASALLMWW,1.091,USD_per_gallon
1993-05-17,GASALLMWW,1.107,USD_per_gallon
1993-05-24,GASALLMWW,1.103,USD_per_gallon
1993-05-31,GASALLMWW,1.102,USD_per_gallon
1993-06-07,GASALLMWW,1.095,USD_per_gallon
1993-06-14,GASALLMWW,1.092,USD_per_gallon
1993-06-21,GASALLMWW,1.077,USD_per_gallon
1993-06-28,GASALLMWW,1.068,USD_per_gallon
1993-07-05,GASALLMWW,1.063,USD_per_gallon
1993-07-12,GASALLMWW,1.054,USD_per_gallon
1993-07-19,GASALLMWW,1.045,USD_per_gallon
1993-07-26,GASALLMWW,1.036,USD_per_gallon
1993-08-02,GASALLMWW,1.028,USD_per_gallon
1993-08-09,GASALLMWW,1.026,USD_per_gallon
1993-08-16,GASALLMWW,1.025,USD_per_gallon
1993-08-23,GASALLMWW,1.043,USD_per_gallon
1993-08-30,GASALLMWW,1.04,USD_per_gallon
1993-09-06,GASALLMWW,1.029,USD_per_gallon
1993-09-13,GASALLMWW,1.02,USD_per_gallon
1993-09-20,GASALLMWW,1.009,USD_per_gallon
1993-09-27,GASALLMWW,1.016,USD_per_gallon
1993-10-04,GASALLMWW,1.063,USD_per_gallon
1993-10-11,GASALLMWW,1.065,USD_per_gallon
1993-10-18,GASALLMWW,1.078,USD_per_gallon
1993-10-25,GASALLMWW,1.074,USD_per_gallon
1993-11-01,GASALLMWW,1.062,USD_per_gallon
1993-11-08,GASALLMWW,1.051,USD_per_gallon
1993-11-15,GASALLMWW,1.034,USD_per_gallon
1993-11-22,GASALLMWW,1.026,USD_per_gallon
1993-11-29,GASALLMWW,1.017,USD_per_gallon
1993-12-06,GASALLMWW,0.994,USD_per_gallon
1993-12-13,GASALLMWW,0.969,USD_per_gallon
1993-12-20,GASALLMWW,0.948,USD_per_gallon
1993-12-27,GASALLMWW,0.949,USD_per_gallon
1994-01-03,GASALLMWW,0.939,USD_per_gallon
1994-01-10,GASALLMWW,0.956,USD_per_gallon
1994-01-17,GASALLMWW,0.974,USD_per_gallon
1994-01-24,GASALLMWW,0.972,USD_per_gallon
1994-01-31,GASALLMWW,0.989,USD_per_gallon
1994-02-07,GASALLMWW,0.989,USD_per_gallon
1994-02-14,GASALLMWW,1.001,USD_per_gallon
1994-02-21,GASALLMWW,0.984,USD_per_gallon
1994-02-28,GASALLMWW,0.975,USD_per_gallon
1994-03-07,GASALLMWW,0.988,USD_per_gallon
1994-03-14,GASALLMWW,0.981,USD_per_gallon
1994-03-21,GASALLMWW,0.984,USD_per_gallon
1994-03-28,GASALLMWW,0.992,USD_per_gallon
1994-04-04,GASALLMWW,0.989,USD_per_gallon
1994-04-11,GASALLMWW,1.019,USD_per_gallon
1994-04-18,GASALLMWW,1.025,USD_per_gallon
1994-04-25,GASALLMWW,1.029,USD_per_gallon
1994-05-02,GASALLMWW,1.029,USD_per_gallon
1994-05-09,GASALLMWW,1.036,USD_per_gallon
1994-05-16,GASALLMWW,1.034,USD_per_gallon
1994-05-23,GASALLMWW,1.045,USD_per_gallon
1994-05-30,GASALLMWW,1.053,USD_per_gallon
1994-06-06,GASALLMWW,1.059,USD_per_gallon
1994-06-13,GASALLMWW,1.067,USD_per_gallon
1994-06-20,GASALLMWW,1.075,USD_per_gallon
1994-06-27,GASALLMWW,1.097,USD_per_gallon
1994-07-04,GASALLMWW,1.095,USD_per_gallon
1994-07-11,GASALLMWW,1.099,USD_per_gallon
1994-07-18,GASALLMWW,1.109,USD_per_gallon
1994-07-25,GASALLMWW,1.119,USD_per_gallon
1994-08-01,GASALLMWW,1.14,USD_per_gallon
1994-08-08,GASALLMWW,1.175,USD_per_gallon
1994-08-15,GASALLMWW,1.172,USD_per_gallon
1994-08-22,GASALLMWW,1.179,USD_per_gallon
1994-08-29,GASALLMWW,1.164,USD_per_gallon
1994-09-05,GASALLMWW,1.158,USD_per_gallon
1994-09-12,GASALLMWW,1.145,USD_per_gallon
1994-09-19,GASALLMWW,1.128,USD_per_gallon
1994-09-26,GASALLMWW,1.11,USD_per_gallon
1994-10-03,GASALLMWW,1.092,USD_per_gallon
1994-10-10,GASALLMWW,1.087,USD_per_gallon
1994-10-17,GASALLMWW,1.073,USD_per_gallon
1994-10-24,GASALLMWW,1.072,USD_per_gallon
1994-10-31,GASALLMWW,1.094,USD_per_gallon
1994-11-07,GASALLMWW,1.092,USD_per_gallon
1994-11-14,GASALLMWW,1.087,USD_per_gallon
1994-11-21,GASALLMWW,1.072,USD_per_gallon
1994-11-28,GASALLMWW,1.064,USD_per_gallon
1994-12-05,GASALLMWW,1.061,USD_per_gallon
1994-12-12,GASALLMWW,1.054,USD_per_gallon
1994-12-19,GASALLMWW,1.053,USD_per_gallon
1994-12-26,GASALLMWW,1.041,USD_per_gallon
1995-01-02,GASALLMWW,1.045,USD_per_gallon
1995-01-09,GASALLMWW,1.066,USD_per_gallon
1995-01-16,GASALLMWW,1.051,USD_per_gallon
1995-01-23,GASALLMWW,1.071,USD_per_gallon
1995-01-30,GASALLMWW,1.072,USD_per_gallon
1995-02-06,GASALLMWW,1.062,USD_per_gallon
1995-02-13,GASALLMWW,1.058,USD_per_gallon
1995-02-20,GASALLMWW,1.049,USD_per_gallon
1995-02-27,GASALLMWW,1.068,USD_per_gallon
1995-03-06,GASALLMWW,1.068,USD_per_gallon
1995-03-13,GASALLMWW,1.057,USD_per_gallon
1995-03-20,GASALLMWW,1.064,USD_per_gallon
1995-03-27,GASALLMWW,1.08,USD_per_gallon
1995-04-03,GASALLMWW,1.104,USD_per_gallon
1995-04-10,GASALLMWW,1.122,USD_per_gallon
1995-04-17,GASALLMWW,1.137,USD_per_gallon
1995-04-24,GASALLMWW,1.16,USD_per_gallon
1995-05-01,GASALLMWW,1.158,USD_per_gallon
1995-05-08,GASALLMWW,1.191,USD_per_gallon
1995-05-15,GASALLMWW,1.197,USD_per_gallon
1995-05-22,GASALLMWW,1.224,USD_per_gallon
1995-05-29,GASALLMWW,1.217,USD_per_gallon
1995-06-05,GASALLMWW,1.217,USD_per_gallon
1995-06-12,GASALLMWW,1.21,USD_per_gallon
1995-06-19,GASALLMWW,1.197,USD_per_gallon
1995-06-26,GASALLMWW,1.185,USD_per_gallon
1995-07-03,GASALLMWW,1.174,USD_per_gallon
1995-07-10,GASALLMWW,1.157,USD_per_gallon
1995-07-17,GASALLMWW,1.142,USD_per_gallon
1995-07-24,GASALLMWW,1.129,USD_per_gallon
1995-07-31,GASALLMWW,1.114,USD_per_gallon
1995-08-07,GASALLMWW,1.116,USD_per_gallon
1995-08-14,GASALLMWW,1.117,USD_per_gallon
1995-08-21,GASALLMWW,1.122,USD_per_gallon
1995-08-28,GASALLMWW,1.11,USD_per_gallon
1995-09-04,GASALLMWW,1.112,USD_per_gallon
1995-09-11,GASALLMWW,1.109,USD_per_gallon
1995-09-18,GASALLMWW,1.112,USD_per_gallon
1995-09-25,GASALLMWW,1.114,USD_per_gallon
1995-10-02,GASALLMWW,1.106,USD_per_gallon
1995-10-09,GASALLMWW,1.092,USD_per_gallon
1995-10-16,GASALLMWW,1.076,USD_per_gallon
1995-10-23,GASALLMWW,1.066,USD_per_gallon
1995-10-30,GASALLMWW,1.049,USD_per_gallon
1995-11-06,GASALLMWW,1.056,USD_per_gallon
1995-11-13,GASALLMWW,1.059,USD_per_gallon
1995-11-20,GASALLMWW,1.056,USD_per_gallon
1995-11-27,GASALLMWW,1.061,USD_per_gallon
1995-12-04,GASALLMWW,1.068,USD_per_gallon
1995-12-11,GASALLMWW,1.066,USD_per_gallon
1995-12-18,GASALLMWW,1.103,USD_per_gallon
1995-12-25,GASALLMWW,1.103,USD_per_gallon
1996-01-01,GASALLMWW,1.104,USD_per_gallon
1996-01-08,GASALLMWW,1.124,USD_per_gallon
1996-01-15,GASALLMWW,1.122,USD_per_gallon
1996-01-22,GASALLMWW,1.107,USD_per_gallon
1996-01-29,GASALLMWW,1.094,USD_per_gallon
1996-02-05,GASALLMWW,1.094,USD_per_gallon
1996-02-12,GASALLMWW,1.092,USD_per_gallon
1996-02-19,GASALLMWW,1.103,USD_per_gallon
1996-02-26,GASALLMWW,1.144,USD_per_gallon
1996-03-04,GASALLMWW,1.16,USD_per_gallon
1996-03-11,GASALLMWW,1.151,USD_per_gallon
1996-03-18,GASALLMWW,1.167,USD_per_gallon
1996-03-25,GASALLMWW,1.202,USD_per_gallon
1996-04-01,GASALLMWW,1.209,USD_per_gallon
1996-04-08,GASALLMWW,1.232,USD_per_gallon
1996-04-15,GASALLMWW,1.268,USD_per_gallon
1996-04-22,GASALLMWW,1.258,USD_per_gallon
1996-04-29,GASALLMWW,1.27,USD_per_gallon
1996-05-06,GASALLMWW,1.26,USD_per_gallon
1996-05-13,GASALLMWW,1.266,USD_per_gallon
1996-05-20,GASALLMWW,1.284,USD_per_gallon
1996-05-27,GASALLMWW,1.267,USD_per_gallon
1996-06-03,GASALLMWW,1.256,USD_per_gallon
1996-06-10,GASALLMWW,1.251,USD_per_gallon
1996-06-17,GASALLMWW,1.247,USD_per_gallon
1996-06-24,GASALLMWW,1.233,USD_per_gallon
1996-07-01,GASALLMWW,1.218,USD_per_gallon
1996-07-08,GASALLMWW,1.222,USD_per_gallon
1996-07-15,GASALLMWW,1.225,USD_per_gallon
1996-07-22,GASALLMWW,1.228,USD_per_gallon
1996-07-29,GASALLMWW,1.213,USD_per_gallon
1996-08-05,GASALLMWW,1.198,USD_per_gallon
1996-08-12,GASALLMWW,1.192,USD_per_gallon
1996-08-19,GASALLMWW,1.208,USD_per_gallon
1996-08-26,GASALLMWW,1.218,USD_per_gallon
1996-09-02,GASALLMWW,1.204,USD_per_gallon
1996-09-09,GASALLMWW,1.221,USD_per_gallon
1996-09-16,GASALLMWW,1.224,USD_per_gallon
1996-09-23,GASALLMWW,1.226,USD_per_gallon
1996-09-30,GASALLMWW,1.218,USD_per_gallon
1996-10-07,GASALLMWW,1.205,USD_per_gallon
1996-10-14,GASALLMWW,1.228,USD_per_gallon
1996-10-21,GASALLMWW,1.227,USD_per_gallon
1996-10-28,GASALLMWW,1.252,USD_per_gallon
1996-11-04,GASALLMWW,1.264,USD_per_gallon
1996-11-11,GASALLMWW,1.274,USD_per_gallon
1996-11-18,GASALLMWW,1.284,USD_per_gallon
1996-11-25,GASALLMWW,1.296,USD_per_gallon
1996-12-02,GASALLMWW,1.292,USD_per_gallon
1996-12-09,GASALLMWW,1.288,USD_per_gallon
1996-12-16,GASALLMWW,1.271,USD_per_gallon
1996-12-23,GASALLMWW,1.26,USD_per_gallon
1996-12-30,GASALLMWW,1.253,USD_per_gallon
1997-01-06,GASALLMWW,1.245,USD_per_gallon
1997-01-13,GASALLMWW,1.275,USD_per_gallon
1997-01-20,GASALLMWW,1.273,USD_per_gallon
1997-01-27,GASALLMWW,1.265,USD_per_gallon
1997-02-03,GASALLMWW,1.26,USD_per_gallon
1997-02-10,GASALLMWW,1.246,USD_per_gallon
1997-02-17,GASALLMWW,1.232,USD_per_gallon
1997-02-24,GASALLMWW,1.232,USD_per_gallon
1997-03-03,GASALLMWW,1.216,USD_per_gallon
1997-03-10,GASALLMWW,1.202,USD_per_gallon
1997-03-17,GASALLMWW,1.188,USD_per_gallon
1997-03-24,GASALLMWW,1.203,USD_per_gallon
1997-03-31,GASALLMWW,1.193,USD_per_gallon
1997-04-07,GASALLMWW,1.19,USD_per_gallon
1997-04-14,GASALLMWW,1.185,USD_per_gallon
1997-04-21,GASALLMWW,1.194,USD_per_gallon
1997-04-28,GASALLMWW,1.194,USD_per_gallon
1997-05-05,GASALLMWW,1.195,USD_per_gallon
1997-05-12,GASALLMWW,1.199,USD_per_gallon
1997-05-19,GASALLMWW,1.228,USD_per_gallon
1997-05-26,GASALLMWW,1.247,USD_per_gallon
1997-06-02,GASALLMWW,1.25,USD_per_gallon
1997-06-09,GASALLMWW,1.24,USD_per_gallon
1997-06-16,GASALLMWW,1.225,USD_per_gallon
1997-06-23,GASALLMWW,1.211,USD_per_gallon
1997-06-30,GASALLMWW,1.198,USD_per_gallon
1997-07-07,GASALLMWW,1.198,USD_per_gallon
1997-07-14,GASALLMWW,1.192,USD_per_gallon
1997-07-21,GASALLMWW,1.209,USD_per_gallon
1997-07-28,GASALLMWW,1.196,USD_per_gallon
1997-08-04,GASALLMWW,1.228,USD_per_gallon
1997-08-11,GASALLMWW,1.273,USD_per_gallon
1997-08-18,GASALLMWW,1.26,USD_per_gallon
1997-08-25,GASALLMWW,1.271,USD_per_gallon
1997-09-01,GASALLMWW,1.262,USD_per_gallon
1997-09-08,GASALLMWW,1.252,USD_per_gallon
1997-09-15,GASALLMWW,1.236,USD_per_gallon
1997-09-22,GASALLMWW,1.215,USD_per_gallon
1997-09-29,GASALLMWW,1.193,USD_per_gallon
1997-10-06,GASALLMWW,1.201,USD_per_gallon
1997-10-13,GASALLMWW,1.186,USD_per_gallon
1997-10-20,GASALLMWW,1.173,USD_per_gallon
1997-10-27,GASALLMWW,1.161,USD_per_gallon
1997-11-03,GASALLMWW,1.157,USD_per_gallon
1997-11-10,GASALLMWW,1.167,USD_per_gallon
1997-11-17,GASALLMWW,1.155,USD_per_gallon
1997-11-24,GASALLMWW,1.156,USD_per_gallon
1997-12-01,GASALLMWW,1.14,USD_per_gallon
1997-12-08,GASALLMWW,1.121,USD_per_gallon
1997-12-15,GASALLMWW,1.108,USD_per_gallon
1997-12-22,GASALLMWW,1.099,USD_per_gallon
1997-12-29,GASALLMWW,1.086,USD_per_gallon
1998-01-05,GASALLMWW,1.072,USD_per_gallon
1998-01-12,GASALLMWW,1.071,USD_per_gallon
1998-01-19,GASALLMWW,1.057,USD_per_gallon
1998-01-26,GASALLMWW,1.033,USD_per_gallon
1998-02-02,GASALLMWW,1.048,USD_per_gallon
1998-02-09,GASALLMWW,1.048,USD_per_gallon
1998-02-16,GASALLMWW,1.035,USD_per_gallon
1998-02-23,GASALLMWW,1.062,USD_per_gallon
1998-03-02,GASALLMWW,1.044,USD_per_gallon
1998-03-09,GASALLMWW,1.036,USD_per_gallon
1998-03-16,GASALLMWW,1.03,USD_per_gallon
1998-03-23,GASALLMWW,1.026,USD_per_gallon
1998-03-30,GASALLMWW,1.069,USD_per_gallon
1998-04-06,GASALLMWW,1.057,USD_per_gallon
1998-04-13,GASALLMWW,1.045,USD_per_gallon
1998-04-20,GASALLMWW,1.058,USD_per_gallon
1998-04-27,GASALLMWW,1.078,USD_per_gallon
1998-05-04,GASALLMWW,1.085,USD_per_gallon
1998-05-11,GASALLMWW,1.103,USD_per_gallon
1998-05-18,GASALLMWW,1.11,USD_per_gallon
1998-05-25,GASALLMWW,1.105,USD_per_gallon
1998-06-01,GASALLMWW,1.096,USD_per_gallon
1998-06-08,GASALLMWW,1.119,USD_per_gallon
1998-06-15,GASALLMWW,1.099,USD_per_gallon
1998-06-22,GASALLMWW,1.085,USD_per_gallon
1998-06-29,GASALLMWW,1.09,USD_per_gallon
1998-07-06,GASALLMWW,1.1,USD_per_gallon
1998-07-13,GASALLMWW,1.087,USD_per_gallon
1998-07-20,GASALLMWW,1.102,USD_per_gallon
1998-07-27,GASALLMWW,1.086,USD_per_gallon
1998-08-03,GASALLMWW,1.068,USD_per_gallon
1998-08-10,GASALLMWW,1.06,USD_per_gallon
1998-08-17,GASALLMWW,1.048,USD_per_gallon
1998-08-24,GASALLMWW,1.035,USD_per_gallon
1998-08-31,GASALLMWW,1.032,USD_per_gallon
1998-09-07,GASALLMWW,1.027,USD_per_gallon
1998-09-14,GASALLMWW,1.02,USD_per_gallon
1998-09-21,GASALLMWW,1.047,USD_per_gallon
1998-09-28,GASALLMWW,1.041,USD_per_gallon
1998-10-05,GASALLMWW,1.05,USD_per_gallon
1998-10-12,GASALLMWW,1.045,USD_per_gallon
1998-10-19,GASALLMWW,1.038,USD_per_gallon
1998-10-26,GASALLMWW,1.032,USD_per_gallon
1998-11-02,GASALLMWW,1.025,USD_per_gallon
1998-11-09,GASALLMWW,1.026,USD_per_gallon
1998-11-16,GASALLMWW,1.0,USD_per_gallon
1998-11-23,GASALLMWW,0.991,USD_per_gallon
1998-11-30,GASALLMWW,0.965,USD_per_gallon
1998-12-07,GASALLMWW,0.935,USD_per_gallon
1998-12-14,GASALLMWW,0.932,USD_per_gallon
1998-12-21,GASALLMWW,0.939,USD_per_gallon
1998-12-28,GASALLMWW,0.93,USD_per_gallon
1999-01-04,GASALLMWW,0.927,USD_per_gallon
1999-01-11,GASALLMWW,0.946,USD_per_gallon
1999-01-18,GASALLMWW,0.952,USD_per_gallon
1999-01-25,GASALLMWW,0.941,USD_per_gallon
1999-02-01,GASALLMWW,0.933,USD_per_gallon
1999-02-08,GASALLMWW,0.933,USD_per_gallon
1999-02-15,GASALLMWW,0.919,USD_per_gallon
1999-02-22,GASALLMWW,0.892,USD_per_gallon
1999-03-01,GASALLMWW,0.914,USD_per_gallon
1999-03-08,GASALLMWW,0.923,USD_per_gallon
1999-03-15,GASALLMWW,1.009,USD_per_gallon
1999-03-22,GASALLMWW,1.057,USD_per_gallon
1999-03-29,GASALLMWW,1.109,USD_per_gallon
1999-04-05,GASALLMWW,1.122,USD_per_gallon
1999-04-12,GASALLMWW,1.139,USD_per_gallon
1999-04-19,GASALLMWW,1.124,USD_per_gallon
1999-04-26,GASALLMWW,1.115,USD_per_gallon
1999-05-03,GASALLMWW,1.128,USD_per_gallon
1999-05-10,GASALLMWW,1.136,USD_per_gallon
1999-05-17,GASALLMWW,1.145,USD_per_gallon
1999-05-24,GASALLMWW,1.122,USD_per_gallon
1999-05-31,GASALLMWW,1.102,USD_per_gallon
1999-06-07,GASALLMWW,1.118,USD_per_gallon
1999-06-14,GASALLMWW,1.114,USD_per_gallon
1999-06-21,GASALLMWW,1.145,USD_per_gallon
1999-06-28,GASALLMWW,1.119,USD_per_gallon
1999-07-05,GASALLMWW,1.139,USD_per_gallon
1999-07-12,GASALLMWW,1.149,USD_per_gallon
1999-07-19,GASALLMWW,1.171,USD_per_gallon
1999-07-26,GASALLMWW,1.207,USD_per_gallon
1999-08-02,GASALLMWW,1.196,USD_per_gallon
1999-08-09,GASALLMWW,1.192,USD_per_gallon
1999-08-16,GASALLMWW,1.25,USD_per_gallon
1999-08-23,GASALLMWW,1.234,USD_per_gallon
1999-08-30,GASALLMWW,1.229,USD_per_gallon
1999-09-06,GASALLMWW,1.259,USD_per_gallon
1999-09-13,GASALLMWW,1.264,USD_per_gallon
1999-09-20,GASALLMWW,1.3,USD_per_gallon
1999-09-27,GASALLMWW,1.284,USD_per_gallon
1999-10-04,GASALLMWW,1.265,USD_per_gallon
1999-10-11,GASALLMWW,1.246,USD_per_gallon
1999-10-18,GASALLMWW,1.218,USD_per_gallon
1999-10-25,GASALLMWW,1.232,USD_per_gallon
1999-11-01,GASALLMWW,1.227,USD_per_gallon
1999-11-08,GASALLMWW,1.244,USD_per_gallon
1999-11-15,GASALLMWW,1.282,USD_per_gallon
1999-11-22,GASALLMWW,1.302,USD_per_gallon
1999-11-29,GASALLMWW,1.291,USD_per_gallon
1999-12-06,GASALLMWW,1.281,USD_per_gallon
1999-12-13,GASALLMWW,1.29,USD_per_gallon
1999-12-20,GASALLMWW,1.28,USD_per_gallon
1999-12-27,GASALLMWW,1.295,USD_per_gallon
2000-01-03,GASALLMWW,1.291,USD_per_gallon
2000-01-10,GASALLMWW,1.274,USD_per_gallon
2000-01-17,GASALLMWW,1.314,USD_per_gallon
2000-01-24,GASALLMWW,1.379,USD_per_gallon
2000-01-31,GASALLMWW,1.358,USD_per_gallon
2000-02-07,GASALLMWW,1.366,USD_per_gallon
2000-02-14,GASALLMWW,1.412,USD_per_gallon
2000-02-21,GASALLMWW,1.487,USD_per_gallon
2000-02-28,GASALLMWW,1.482,USD_per_gallon
2000-03-06,GASALLMWW,1.555,USD_per_gallon
2000-03-13,GASALLMWW,1.544,USD_per_gallon
2000-03-20,GASALLMWW,1.517,USD_per_gallon
2000-03-27,GASALLMWW,1.477,USD_per_gallon
2000-04-03,GASALLMWW,1.482,USD_per_gallon
2000-04-10,GASALLMWW,1.439,USD_per_gallon
2000-04-17,GASALLMWW,1.396,USD_per_gallon
2000-04-24,GASALLMWW,1.413,USD_per_gallon
2000-05-01,GASALLMWW,1.389,USD_per_gallon
2000-05-08,GASALLMWW,1.471,USD_per_gallon
2000-05-15,GASALLMWW,1.533,USD_per_gallon
2000-05-22,GASALLMWW,1.585,USD_per_gallon
2000-05-29,GASALLMWW,1.631,USD_per_gallon
2000-06-05,GASALLMWW,1.676,USD_per_gallon
2000-06-12,GASALLMWW,1.826,USD_per_gallon
2000-06-19,GASALLMWW,1.902,USD_per_gallon
2000-06-26,GASALLMWW,1.822,USD_per_gallon
2000-07-03,GASALLMWW,1.708,USD_per_gallon
2000-07-10,GASALLMWW,1.62,USD_per_gallon
2000-07-17,GASALLMWW,1.518,USD_per_gallon
2000-07-24,GASALLMWW,1.476,USD_per_gallon
2000-07-31,GASALLMWW,1.392,USD_per_gallon
2000-08-07,GASALLMWW,1.404,USD_per_gallon
2000-08-14,GASALLMWW,1.382,USD_per_gallon
2000-08-21,GASALLMWW,1.439,USD_per_gallon
2000-08-28,GASALLMWW,1.46,USD_per_gallon
2000-09-04,GASALLMWW,1.557,USD_per_gallon
2000-09-11,GASALLMWW,1.583,USD_per_gallon
2000-09-18,GASALLMWW,1.58,USD_per_gallon
2000-09-25,GASALLMWW,1.543,USD_per_gallon
2000-10-02,GASALLMWW,1.498,USD_per_gallon
2000-10-09,GASALLMWW,1.466,USD_per_gallon
2000-10-16,GASALLMWW,1.553,USD_per_gallon
2000-10-23,GASALLMWW,1.59,USD_per_gallon
2000-10-30,GASALLMWW,1.573,USD_per_gallon
2000-11-06,GASALLMWW,1.535,USD_per_gallon
2000-11-13,GASALLMWW,1.539,USD_per_gallon
2000-11-20,GASALLMWW,1.523,USD_per_gallon
2000-11-27,GASALLMWW,1.526,USD_per_gallon
2000-12-04,GASALLMWW,1.487,USD_per_gallon
2000-12-11,GASALLMWW,1.429,USD_per_gallon
2000-12-18,GASALLMWW,1.403,USD_per_gallon
2000-12-25,GASALLMWW,1.414,USD_per_gallon
2001-01-01,GASALLMWW,1.41,USD_per_gallon
2001-01-08,GASALLMWW,1.461,USD_per_gallon
2001-01-15,GASALLMWW,1.537,USD_per_gallon
2001-01-22,GASALLMWW,1.52,USD_per_gallon
2001-01-29,GASALLMWW,1.5,USD_per_gallon
2001-02-05,GASALLMWW,1.463,USD_per_gallon
2001-02-12,GASALLMWW,1.524,USD_per_gallon
2001-02-19,GASALLMWW,1.456,USD_per_gallon
2001-02-26,GASALLMWW,1.423,USD_per_gallon
2001-03-05,GASALLMWW,1.399,USD_per_gallon
2001-03-12,GASALLMWW,1.406,USD_per_gallon
2001-03-19,GASALLMWW,1.401,USD_per_gallon
2001-03-26,GASALLMWW,1.411,USD_per_gallon
2001-04-02,GASALLMWW,1.481,USD_per_gallon
2001-04-09,GASALLMWW,1.553,USD_per_gallon
2001-04-16,GASALLMWW,1.623,USD_per_gallon
2001-04-23,GASALLMWW,1.704,USD_per_gallon
2001-04-30,GASALLMWW,1.693,USD_per_gallon
2001-05-07,GASALLMWW,1.834,USD_per_gallon
2001-05-14,GASALLMWW,1.84,USD_per_gallon
2001-05-21,GASALLMWW,1.782,USD_per_gallon
2001-05-28,GASALLMWW,1.815,USD_per_gallon
2001-06-04,GASALLMWW,1.767,USD_per_gallon
2001-06-11,GASALLMWW,1.677,USD_per_gallon
2001-06-18,GASALLMWW,1.578,USD_per_gallon
2001-06-25,GASALLMWW,1.453,USD_per_gallon
2001-07-02,GASALLMWW,1.352,USD_per_gallon
2001-07-09,GASALLMWW,1.325,USD_per_gallon
2001-07-16,GASALLMWW,1.329,USD_per_gallon
2001-07-23,GASALLMWW,1.338,USD_per_gallon
2001-07-30,GASALLMWW,1.358,USD_per_gallon
2001-08-06,GASALLMWW,1.37,USD_per_gallon
2001-08-13,GASALLMWW,1.427,USD_per_gallon
2001-08-20,GASALLMWW,1.523,USD_per_gallon
2001-08-27,GASALLMWW,1.689,USD_per_gallon
2001-09-03,GASALLMWW,1.753,USD_per_gallon
2001-09-10,GASALLMWW,1.676,USD_per_gallon
2001-09-17,GASALLMWW,1.659,USD_per_gallon
2001-09-24,GASALLMWW,1.557,USD_per_gallon
2001-10-01,GASALLMWW,1.428,USD_per_gallon
2001-10-08,GASALLMWW,1.319,USD_per_gallon
2001-10-15,GASALLMWW,1.259,USD_per_gallon
2001-10-22,GASALLMWW,1.212,USD_per_gallon
2001-10-29,GASALLMWW,1.188,USD_per_gallon
2001-11-05,GASALLMWW,1.175,USD_per_gallon
2001-11-12,GASALLMWW,1.165,USD_per_gallon
2001-11-19,GASALLMWW,1.178,USD_per_gallon
2001-11-26,GASALLMWW,1.122,USD_per_gallon
2001-12-03,GASALLMWW,1.124,USD_per_gallon
2001-12-10,GASALLMWW,1.127,USD_per_gallon
2001-12-17,GASALLMWW,1.062,USD_per_gallon
2001-12-24,GASALLMWW,1.116,USD_per_gallon
2001-12-31,GASALLMWW,1.166,USD_per_gallon
2002-01-07,GASALLMWW,1.172,USD_per_gallon
2002-01-14,GASALLMWW,1.124,USD_per_gallon
2002-01-21,GASALLMWW,1.116,USD_per_gallon
2002-01-28,GASALLMWW,1.104,USD_per_gallon
2002-02-04,GASALLMWW,1.147,USD_per_gallon
2002-02-11,GASALLMWW,1.113,USD_per_gallon
2002-02-18,GASALLMWW,1.125,USD_per_gallon
2002-02-25,GASALLMWW,1.117,USD_per_gallon
2002-03-04,GASALLMWW,1.184,USD_per_gallon
2002-03-11,GASALLMWW,1.261,USD_per_gallon
2002-03-18,GASALLMWW,1.336,USD_per_gallon
2002-03-25,GASALLMWW,1.376,USD_per_gallon
2002-04-01,GASALLMWW,1.403,USD_per_gallon
2002-04-08,GASALLMWW,1.455,USD_per_gallon
2002-04-15,GASALLMWW,1.408,USD_per_gallon
2002-04-22,GASALLMWW,1.41,USD_per_gallon
2002-04-29,GASALLMWW,1.384,USD_per_gallon
2002-05-06,GASALLMWW,1.399,USD_per_gallon
2002-05-13,GASALLMWW,1.396,USD_per_gallon
2002-05-20,GASALLMWW,1.437,USD_per_gallon
2002-05-27,GASALLMWW,1.409,USD_per_gallon
2002-06-03,GASALLMWW,1.428,USD_per_gallon
2002-06-10,GASALLMWW,1.386,USD_per_gallon
2002-06-17,GASALLMWW,1.394,USD_per_gallon
2002-06-24,GASALLMWW,1.401,USD_per_gallon
2002-07-01,GASALLMWW,1.431,USD_per_gallon
2002-07-08,GASALLMWW,1.402,USD_per_gallon
2002-07-15,GASALLMWW,1.437,USD_per_gallon
2002-07-22,GASALLMWW,1.448,USD_per_gallon
2002-07-29,GASALLMWW,1.444,USD_per_gallon
2002-08-05,GASALLMWW,1.398,USD_per_gallon
2002-08-12,GASALLMWW,1.399,USD_per_gallon
2002-08-19,GASALLMWW,1.405,USD_per_gallon
2002-08-26,GASALLMWW,1.432,USD_per_gallon
2002-09-02,GASALLMWW,1.403,USD_per_gallon
2002-09-09,GASALLMWW,1.414,USD_per_gallon
2002-09-16,GASALLMWW,1.427,USD_per_gallon
2002-09-23,GASALLMWW,1.406,USD_per_gallon
2002-09-30,GASALLMWW,1.44,USD_per_gallon
2002-10-07,GASALLMWW,1.495,USD_per_gallon
2002-10-14,GASALLMWW,1.503,USD_per_gallon
2002-10-21,GASALLMWW,1.532,USD_per_gallon
2002-10-28,GASALLMWW,1.495,USD_per_gallon
2002-11-04,GASALLMWW,1.499,USD_per_gallon
2002-11-11,GASALLMWW,1.461,USD_per_gallon
2002-11-18,GASALLMWW,1.394,USD_per_gallon
2002-11-25,GASALLMWW,1.338,USD_per_gallon
2002-12-02,GASALLMWW,1.307,USD_per_gallon
2002-12-09,GASALLMWW,1.322,USD_per_gallon
2002-12-16,GASALLMWW,1.352,USD_per_gallon
2002-12-23,GASALLMWW,1.422,USD_per_gallon
2002-12-30,GASALLMWW,1.481,USD_per_gallon
2003-01-06,GASALLMWW,1.449,USD_per_gallon
2003-01-13,GASALLMWW,1.472,USD_per_gallon
2003-01-20,GASALLMWW,1.469,USD_per_gallon
2003-01-27,GASALLMWW,1.489,USD_per_gallon
2003-02-03,GASALLMWW,1.555,USD_per_gallon
2003-02-10,GASALLMWW,1.638,USD_per_gallon
2003-02-17,GASALLMWW,1.695,USD_per_gallon
2003-02-24,GASALLMWW,1.653,USD_per_gallon
2003-03-03,GASALLMWW,1.695,USD_per_gallon
2003-03-10,GASALLMWW,1.722,USD_per_gallon
2003-03-17,GASALLMWW,1.713,USD_per_gallon
2003-03-24,GASALLMWW,1.627,USD_per_gallon
2003-03-31,GASALLMWW,1.553,USD_per_gallon
2003-04-07,GASALLMWW,1.544,USD_per_gallon
2003-04-14,GASALLMWW,1.503,USD_per_gallon
2003-04-21,GASALLMWW,1.512,USD_per_gallon
2003-04-28,GASALLMWW,1.504,USD_per_gallon
2003-05-05,GASALLMWW,1.434,USD_per_gallon
2003-05-12,GASALLMWW,1.443,USD_per_gallon
2003-05-19,GASALLMWW,1.503,USD_per_gallon
2003-05-26,GASALLMWW,1.499,USD_per_gallon
2003-06-02,GASALLMWW,1.476,USD_per_gallon
2003-06-09,GASALLMWW,1.533,USD_per_gallon
2003-06-16,GASALLMWW,1.545,USD_per_gallon
2003-06-23,GASALLMWW,1.478,USD_per_gallon
2003-06-30,GASALLMWW,1.47,USD_per_gallon
2003-07-07,GASALLMWW,1.477,USD_per_gallon
2003-07-14,GASALLMWW,1.522,USD_per_gallon
2003-07-21,GASALLMWW,1.525,USD_per_gallon
2003-07-28,GASALLMWW,1.51,USD_per_gallon
2003-08-04,GASALLMWW,1.567,USD_per_gallon
2003-08-11,GASALLMWW,1.594,USD_per_gallon
2003-08-18,GASALLMWW,1.624,USD_per_gallon
2003-08-25,GASALLMWW,1.751,USD_per_gallon
2003-09-01,GASALLMWW,1.725,USD_per_gallon
2003-09-08,GASALLMWW,1.676,USD_per_gallon
2003-09-15,GASALLMWW,1.685,USD_per_gallon
2003-09-22,GASALLMWW,1.598,USD_per_gallon
2003-09-29,GASALLMWW,1.518,USD_per_gallon
2003-10-06,GASALLMWW,1.532,USD_per_gallon
2003-10-13,GASALLMWW,1.555,USD_per_gallon
2003-10-20,GASALLMWW,1.59,USD_per_gallon
2003-10-27,GASALLMWW,1.539,USD_per_gallon
2003-11-03,GASALLMWW,1.548,USD_per_gallon
2003-11-10,GASALLMWW,1.491,USD_per_gallon
2003-11-17,GASALLMWW,1.479,USD_per_gallon
2003-11-24,GASALLMWW,1.515,USD_per_gallon
2003-12-01,GASALLMWW,1.463,USD_per_gallon
2003-12-08,GASALLMWW,1.453,USD_per_gallon
2003-12-15,GASALLMWW,1.442,USD_per_gallon
2003-12-22,GASALLMWW,1.486,USD_per_gallon
2003-12-29,GASALLMWW,1.469,USD_per_gallon
2004-01-05,GASALLMWW,1.529,USD_per_gallon
2004-01-12,GASALLMWW,1.573,USD_per_gallon
2004-01-19,GASALLMWW,1.609,USD_per_gallon
2004-01-26,GASALLMWW,1.647,USD_per_gallon
2004-02-02,GASALLMWW,1.609,USD_per_gallon
2004-02-09,GASALLMWW,1.649,USD_per_gallon
2004-02-16,GASALLMWW,1.652,USD_per_gallon
2004-02-23,GASALLMWW,1.68,USD_per_gallon
2004-03-01,GASALLMWW,1.702,USD_per_gallon
2004-03-08,GASALLMWW,1.713,USD_per_gallon
2004-03-15,GASALLMWW,1.675,USD_per_gallon
2004-03-22,GASALLMWW,1.712,USD_per_gallon
2004-03-29,GASALLMWW,1.744,USD_per_gallon
2004-04-05,GASALLMWW,1.758,USD_per_gallon
2004-04-12,GASALLMWW,1.765,USD_per_gallon
2004-04-19,GASALLMWW,1.806,USD_per_gallon
2004-04-26,GASALLMWW,1.802,USD_per_gallon
2004-05-03,GASALLMWW,1.848,USD_per_gallon
2004-05-10,GASALLMWW,1.938,USD_per_gallon
2004-05-17,GASALLMWW,2.03,USD_per_gallon
2004-05-24,GASALLMWW,2.077,USD_per_gallon
2004-05-31,GASALLMWW,2.027,USD_per_gallon
2004-06-07,GASALLMWW,2.003,USD_per_gallon
2004-06-14,GASALLMWW,1.911,USD_per_gallon
2004-06-21,GASALLMWW,1.842,USD_per_gallon
2004-06-28,GASALLMWW,1.846,USD_per_gallon
2004-07-05,GASALLMWW,1.832,USD_per_gallon
2004-07-12,GASALLMWW,1.895,USD_per_gallon
2004-07-19,GASALLMWW,1.92,USD_per_gallon
2004-07-26,GASALLMWW,1.875,USD_per_gallon
2004-08-02,GASALLMWW,1.873,USD_per_gallon
2004-08-09,GASALLMWW,1.875,USD_per_gallon
2004-08-16,GASALLMWW,1.889,USD_per_gallon
2004-08-23,GASALLMWW,1.892,USD_per_gallon
2004-08-30,GASALLMWW,1.838,USD_per_gallon
2004-09-06,GASALLMWW,1.822,USD_per_gallon
2004-09-13,GASALLMWW,1.832,USD_per_gallon
2004-09-20,GASALLMWW,1.877,USD_per_gallon
2004-09-27,GASALLMWW,1.936,USD_per_gallon
2004-10-04,GASALLMWW,1.923,USD_per_gallon
2004-10-11,GASALLMWW,1.978,USD_per_gallon
2004-10-18,GASALLMWW,2.019,USD_per_gallon
2004-10-25,GASALLMWW,1.997,USD_per_gallon
2004-11-01,GASALLMWW,2.014,USD_per_gallon
2004-11-08,GASALLMWW,1.954,USD_per_gallon
2004-11-15,GASALLMWW,1.906,USD_per_gallon
2004-11-22,GASALLMWW,1.901,USD_per_gallon
2004-11-29,GASALLMWW,1.914,USD_per_gallon
2004-12-06,GASALLMWW,1.862,USD_per_gallon
2004-12-13,GASALLMWW,1.759,USD_per_gallon
2004-12-20,GASALLMWW,1.758,USD_per_gallon
2004-12-27,GASALLMWW,1.734,USD_per_gallon
2005-01-03,GASALLMWW,1.749,USD_per_gallon
2005-01-10,GASALLMWW,1.802,USD_per_gallon
2005-01-17,GASALLMWW,1.833,USD_per_gallon
2005-01-24,GASALLMWW,1.877,USD_per_gallon
2005-01-31,GASALLMWW,1.942,USD_per_gallon
2005-02-07,GASALLMWW,1.926,USD_per_gallon
2005-02-14,GASALLMWW,1.896,USD_per_gallon
2005-02-21,GASALLMWW,1.902,USD_per_gallon
2005-02-28,GASALLMWW,1.948,USD_per_gallon
2005-03-07,GASALLMWW,2.039,USD_per_gallon
2005-03-14,GASALLMWW,2.084,USD_per_gallon
2005-03-21,GASALLMWW,2.147,USD_per_gallon
2005-03-28,GASALLMWW,2.167,USD_per_gallon
2005-04-04,GASALLMWW,2.226,USD_per_gallon
2005-04-11,GASALLMWW,2.276,USD_per_gallon
2005-04-18,GASALLMWW,2.178,USD_per_gallon
2005-04-25,GASALLMWW,2.194,USD_per_gallon
2005-05-02,GASALLMWW,2.185,USD_per_gallon
2005-05-09,GASALLMWW,2.105,USD_per_gallon
2005-05-16,GASALLMWW,2.1,USD_per_gallon
2005-05-23,GASALLMWW,2.058,USD_per_gallon
2005-05-30,GASALLMWW,2.03,USD_per_gallon
2005-06-06,GASALLMWW,2.078,USD_per_gallon
2005-06-13,GASALLMWW,2.11,USD_per_gallon
2005-06-20,GASALLMWW,2.152,USD_per_gallon
2005-06-27,GASALLMWW,2.229,USD_per_gallon
2005-07-04,GASALLMWW,2.223,USD_per_gallon
2005-07-11,GASALLMWW,2.344,USD_per_gallon
2005-07-18,GASALLMWW,2.296,USD_per_gallon
2005-07-25,GASALLMWW,2.227,USD_per_gallon
2005-08-01,GASALLMWW,2.248,USD_per_gallon
2005-08-08,GASALLMWW,2.357,USD_per_gallon
2005-08-15,GASALLMWW,2.56,USD_per_gallon
2005-08-22,GASALLMWW,2.635,USD_per_gallon
2005-08-29,GASALLMWW,2.633,USD_per_gallon
2005-09-05,GASALLMWW,3.067,USD_per_gallon
2005-09-12,GASALLMWW,2.922,USD_per_gallon
2005-09-19,GASALLMWW,2.708,USD_per_gallon
2005-09-26,GASALLMWW,2.75,USD_per_gallon
2005-10-03,GASALLMWW,2.932,USD_per_gallon
2005-10-10,GASALLMWW,2.793,USD_per_gallon
2005-10-17,GASALLMWW,2.627,USD_per_gallon
2005-10-24,GASALLMWW,2.483,USD_per_gallon
2005-10-31,GASALLMWW,2.357,USD_per_gallon
2005-11-07,GASALLMWW,2.262,USD_per_gallon
2005-11-14,GASALLMWW,2.21,USD_per_gallon
2005-11-21,GASALLMWW,2.116,USD_per_gallon
2005-11-28,GASALLMWW,2.083,USD_per_gallon
2005-12-05,GASALLMWW,2.149,USD_per_gallon
2005-12-12,GASALLMWW,2.208,USD_per_gallon
2005-12-19,GASALLMWW,2.247,USD_per_gallon
2005-12-26,GASALLMWW,2.224,USD_per_gallon
2006-01-02,GASALLMWW,2.292,USD_per_gallon
2006-01-09,GASALLMWW,2.362,USD_per_gallon
2006-01-16,GASALLMWW,2.293,USD_per_gallon
2006-01-23,GASALLMWW,2.313,USD_per_gallon
2006-01-30,GASALLMWW,2.344,USD_per_gallon
2006-02-06,GASALLMWW,2.31,USD_per_gallon
2006-02-13,GASALLMWW,2.219,USD_per_gallon
2006-02-20,GASALLMWW,2.196,USD_per_gallon
2006-02-27,GASALLMWW,2.288,USD_per_gallon
2006-03-06,GASALLMWW,2.41,USD_per_gallon
2006-03-13,GASALLMWW,2.415,USD_per_gallon
2006-03-20,GASALLMWW,2.532,USD_per_gallon
2006-03-27,GASALLMWW,2.501,USD_per_gallon
2006-04-03,GASALLMWW,2.606,USD_per_gallon
2006-04-10,GASALLMWW,2.684,USD_per_gallon
2006-04-17,GASALLMWW,2.787,USD_per_gallon
2006-04-24,GASALLMWW,2.899,USD_per_gallon
2006-05-01,GASALLMWW,2.856,USD_per_gallon
2006-05-08,GASALLMWW,2.814,USD_per_gallon
2006-05-15,GASALLMWW,2.896,USD_per_gallon
2006-05-22,GASALLMWW,2.786,USD_per_gallon
2006-05-29,GASALLMWW,2.79,USD_per_gallon
2006-06-05,GASALLMWW,2.846,USD_per_gallon
2006-06-12,GASALLMWW,2.86,USD_per_gallon
2006-06-19,GASALLMWW,2.807,USD_per_gallon
2006-06-26,GASALLMWW,2.851,USD_per_gallon
2006-07-03,GASALLMWW,2.943,USD_per_gallon
2006-07-10,GASALLMWW,2.998,USD_per_gallon
2006-07-17,GASALLMWW,3.015,USD_per_gallon
2006-07-24,GASALLMWW,3.023,USD_per_gallon
2006-07-31,GASALLMWW,3.016,USD_per_gallon
2006-08-07,GASALLMWW,3.083,USD_per_gallon
2006-08-14,GASALLMWW,3.0,USD_per_gallon
2006-08-21,GASALLMWW,2.889,USD_per_gallon
2006-08-28,GASALLMWW,2.791,USD_per_gallon
2006-09-04,GASALLMWW,2.628,USD_per_gallon
2006-09-11,GASALLMWW,2.48,USD_per_gallon
2006-09-18,GASALLMWW,2.351,USD_per_gallon
2006-09-25,GASALLMWW,2.24,USD_per_gallon
2006-10-02,GASALLMWW,2.201,USD_per_gallon
2006-10-09,GASALLMWW,2.184,USD_per_gallon
2006-10-16,GASALLMWW,2.161,USD_per_gallon
2006-10-23,GASALLMWW,2.179,USD_per_gallon
2006-10-30,GASALLMWW,2.226,USD_per_gallon
2006-11-06,GASALLMWW,2.219,USD_per_gallon
2006-11-13,GASALLMWW,2.249,USD_per_gallon
2006-11-20,GASALLMWW,2.24,USD_per_gallon
2006-11-27,GASALLMWW,2.237,USD_per_gallon
2006-12-04,GASALLMWW,2.291,USD_per_gallon
2006-12-11,GASALLMWW,2.254,USD_per_gallon
2006-12-18,GASALLMWW,2.303,USD_per_gallon
2006-12-25,GASALLMWW,2.304,USD_per_gallon
2007-01-01,GASALLMWW,2.295,USD_per_gallon
2007-01-08,GASALLMWW,2.242,USD_per_gallon
2007-01-15,GASALLMWW,2.11,USD_per_gallon
2007-01-22,GASALLMWW,2.025,USD_per_gallon
2007-01-29,GASALLMWW,2.115,USD_per_gallon
2007-02-05,GASALLMWW,2.174,USD_per_gallon
2007-02-12,GASALLMWW,2.256,USD_per_gallon
2007-02-19,GASALLMWW,2.316,USD_per_gallon
2007-02-26,GASALLMWW,2.4,USD_per_gallon
2007-03-05,GASALLMWW,2.496,USD_per_gallon
2007-03-12,GASALLMWW,2.517,USD_per_gallon
2007-03-19,GASALLMWW,2.516,USD_per_gallon
2007-03-26,GASALLMWW,2.548,USD_per_gallon
2007-04-02,GASALLMWW,2.643,USD_per_gallon
2007-04-09,GASALLMWW,2.776,USD_per_gallon
2007-04-16,GASALLMWW,2.838,USD_per_gallon
2007-04-23,GASALLMWW,2.808,USD_per_gallon
2007-04-30,GASALLMWW,2.957,USD_per_gallon
2007-05-07,GASALLMWW,3.106,USD_per_gallon
2007-05-14,GASALLMWW,3.2,USD_per_gallon
2007-05-21,GASALLMWW,3.353,USD_per_gallon
2007-05-28,GASALLMWW,3.35,USD_per_gallon
2007-06-04,GASALLMWW,3.256,USD_per_gallon
2007-06-11,GASALLMWW,3.105,USD_per_gallon
2007-06-18,GASALLMWW,3.015,USD_per_gallon
2007-06-25,GASALLMWW,3.0,USD_per_gallon
2007-07-02,GASALLMWW,2.984,USD_per_gallon
2007-07-09,GASALLMWW,3.072,USD_per_gallon
2007-07-16,GASALLMWW,3.197,USD_per_gallon
2007-07-23,GASALLMWW,3.011,USD_per_gallon
2007-07-30,GASALLMWW,2.877,USD_per_gallon
2007-08-06,GASALLMWW,2.857,USD_per_gallon
2007-08-13,GASALLMWW,2.799,USD_per_gallon
2007-08-20,GASALLMWW,2.901,USD_per_gallon
2007-08-27,GASALLMWW,2.869,USD_per_gallon
2007-09-03,GASALLMWW,3.002,USD_per_gallon
2007-09-10,GASALLMWW,3.007,USD_per_gallon
2007-09-17,GASALLMWW,2.889,USD_per_gallon
2007-09-24,GASALLMWW,2.892,USD_per_gallon
2007-10-01,GASALLMWW,2.814,USD_per_gallon
2007-10-08,GASALLMWW,2.788,USD_per_gallon
2007-10-15,GASALLMWW,2.769,USD_per_gallon
2007-10-22,GASALLMWW,2.821,USD_per_gallon
2007-10-29,GASALLMWW,2.898,USD_per_gallon
2007-11-05,GASALLMWW,3.069,USD_per_gallon
2007-11-12,GASALLMWW,3.158,USD_per_gallon
2007-11-19,GASALLMWW,3.101,USD_per_gallon
2007-11-26,GASALLMWW,3.09,USD_per_gallon
2007-12-03,GASALLMWW,3.028,USD_per_gallon
2007-12-10,GASALLMWW,2.929,USD_per_gallon
2007-12-17,GASALLMWW,2.977,USD_per_gallon
2007-12-24,GASALLMWW,2.95,USD_per_gallon
2007-12-31,GASALLMWW,3.064,USD_per_gallon
2008-01-07,GASALLMWW,3.133,USD_per_gallon
2008-01-14,GASALLMWW,3.043,USD_per_gallon
2008-01-21,GASALLMWW,2.991,USD_per_gallon
2008-01-28,GASALLMWW,2.955,USD_per_gallon
2008-02-04,GASALLMWW,2.995,USD_per_gallon
2008-02-11,GASALLMWW,2.974,USD_per_gallon
2008-02-18,GASALLMWW,3.078,USD_per_gallon
2008-02-25,GASALLMWW,3.111,USD_per_gallon
2008-03-03,GASALLMWW,3.111,USD_per_gallon
2008-03-10,GASALLMWW,3.224,USD_per_gallon
2008-03-17,GASALLMWW,3.284,USD_per_gallon
2008-03-24,GASALLMWW,3.225,USD_per_gallon
2008-03-31,GASALLMWW,3.28,USD_per_gallon
2008-04-07,GASALLMWW,3.33,USD_per_gallon
2008-04-14,GASALLMWW,3.391,USD_per_gallon
2008-04-21,GASALLMWW,3.502,USD_per_gallon
2008-04-28,GASALLMWW,3.6,USD_per_gallon
2008-05-05,GASALLMWW,3.611,USD_per_gallon
2008-05-12,GASALLMWW,3.769,USD_per_gallon
2008-05-19,GASALLMWW,3.832,USD_per_gallon
2008-05-26,GASALLMWW,3.983,USD_per_gallon
2008-06-02,GASALLMWW,3.984,USD_per_gallon
2008-06-09,GASALLMWW,4.015,USD_per_gallon
2008-06-16,GASALLMWW,4.03,USD_per_gallon
2008-06-23,GASALLMWW,4.03,USD_per_gallon
2008-06-30,GASALLMWW,4.064,USD_per_gallon
2008-07-07,GASALLMWW,4.092,USD_per_gallon
2008-07-14,GASALLMWW,4.099,USD_per_gallon
2008-07-21,GASALLMWW,4.014,USD_per_gallon
2008-07-28,GASALLMWW,3.86,USD_per_gallon
2008-08-04,GASALLMWW,3.806,USD_per_gallon
2008-08-11,GASALLMWW,3.765,USD_per_gallon
2008-08-18,GASALLMWW,3.74,USD_per_gallon
2008-08-25,GASALLMWW,3.719,USD_per_gallon
2008-09-01,GASALLMWW,3.705,USD_per_gallon
2008-09-08,GASALLMWW,3.669,USD_per_gallon
2008-09-15,GASALLMWW,3.984,USD_per_gallon
2008-09-22,GASALLMWW,3.792,USD_per_gallon
2008-09-29,GASALLMWW,3.647,USD_per_gallon
2008-10-06,GASALLMWW,3.431,USD_per_gallon
2008-10-13,GASALLMWW,3.028,USD_per_gallon
2008-10-20,GASALLMWW,2.807,USD_per_gallon
2008-10-27,GASALLMWW,2.534,USD_per_gallon
2008-11-03,GASALLMWW,2.272,USD_per_gallon
2008-11-10,GASALLMWW,2.095,USD_per_gallon
2008-11-17,GASALLMWW,1.967,USD_per_gallon
2008-11-24,GASALLMWW,1.785,USD_per_gallon
2008-12-01,GASALLMWW,1.753,USD_per_gallon
2008-12-08,GASALLMWW,1.636,USD_per_gallon
2008-12-15,GASALLMWW,1.678,USD_per_gallon
2008-12-22,GASALLMWW,1.657,USD_per_gallon
2008-12-29,GASALLMWW,1.601,USD_per_gallon
2009-01-05,GASALLMWW,1.767,USD_per_gallon
2009-01-12,GASALLMWW,1.857,USD_per_gallon
2009-01-19,GASALLMWW,1.908,USD_per_gallon
2009-01-26,GASALLMWW,1.853,USD_per_gallon
2009-02-02,GASALLMWW,1.904,USD_per_gallon
2009-02-09,GASALLMWW,1.897,USD_per_gallon
2009-02-16,GASALLMWW,1.939,USD_per_gallon
2009-02-23,GASALLMWW,1.843,USD_per_gallon
2009-03-02,GASALLMWW,1.921,USD_per_gallon
2009-03-09,GASALLMWW,1.952,USD_per_gallon
2009-03-16,GASALLMWW,1.885,USD_per_gallon
2009-03-23,GASALLMWW,1.982,USD_per_gallon
2009-03-30,GASALLMWW,2.064,USD_per_gallon
2009-04-06,GASALLMWW,2.02,USD_per_gallon
2009-04-13,GASALLMWW,2.04,USD_per_gallon
2009-04-20,GASALLMWW,2.042,USD_per_gallon
2009-04-27,GASALLMWW,2.023,USD_per_gallon
2009-05-04,GASALLMWW,2.085,USD_per_gallon
2009-05-11,GASALLMWW,2.292,USD_per_gallon
2009-05-18,GASALLMWW,2.333,USD_per_gallon
2009-05-25,GASALLMWW,2.504,USD_per_gallon
2009-06-01,GASALLMWW,2.619,USD_per_gallon
2009-06-08,GASALLMWW,2.738,USD_per_gallon
2009-06-15,GASALLMWW,2.721,USD_per_gallon
2009-06-22,GASALLMWW,2.699,USD_per_gallon
2009-06-29,GASALLMWW,2.607,USD_per_gallon
2009-07-06,GASALLMWW,2.583,USD_per_gallon
2009-07-13,GASALLMWW,2.469,USD_per_gallon
2009-07-20,GASALLMWW,2.392,USD_per_gallon
2009-07-27,GASALLMWW,2.493,USD_per_gallon
2009-08-03,GASALLMWW,2.547,USD_per_gallon
2009-08-10,GASALLMWW,2.628,USD_per_gallon
2009-08-17,GASALLMWW,2.581,USD_per_gallon
2009-08-24,GASALLMWW,2.58,USD_per_gallon
2009-08-31,GASALLMWW,2.555,USD_per_gallon
2009-09-07,GASALLMWW,2.497,USD_per_gallon
2009-09-14,GASALLMWW,2.498,USD_per_gallon
2009-09-21,GASALLMWW,2.48,USD_per_gallon
2009-09-28,GASALLMWW,2.41,USD_per_gallon
2009-10-05,GASALLMWW,2.393,USD_per_gallon
2009-10-12,GASALLMWW,2.474,USD_per_gallon
2009-10-19,GASALLMWW,2.574,USD_per_gallon
2009-10-26,GASALLMWW,2.69,USD_per_gallon
2009-11-02,GASALLMWW,2.705,USD_per_gallon
2009-11-09,GASALLMWW,2.648,USD_per_gallon
2009-11-16,GASALLMWW,2.579,USD_per_gallon
2009-11-23,GASALLMWW,2.616,USD_per_gallon
2009-11-30,GASALLMWW,2.604,USD_per_gallon
2009-12-07,GASALLMWW,2.601,USD_per_gallon
2009-12-14,GASALLMWW,2.55,USD_per_gallon
2009-12-21,GASALLMWW,2.56,USD_per_gallon
2009-12-28,GASALLMWW,2.593,USD_per_gallon
2010-01-04,GASALLMWW,2.671,USD_per_gallon
2010-01-11,GASALLMWW,2.761,USD_per_gallon
2010-01-18,GASALLMWW,2.716,USD_per_gallon
2010-01-25,GASALLMWW,2.659,USD_per_gallon
2010-02-01,GASALLMWW,2.598,USD_per_gallon
2010-02-08,GASALLMWW,2.61,USD_per_gallon
2010-02-15,GASALLMWW,2.538,USD_per_gallon
2010-02-22,GASALLMWW,2.641,USD_per_gallon
2010-03-01,GASALLMWW,2.676,USD_per_gallon
2010-03-08,GASALLMWW,2.73,USD_per_gallon
2010-03-15,GASALLMWW,2.774,USD_per_gallon
2010-03-22,GASALLMWW,2.839,USD_per_gallon
2010-03-29,GASALLMWW,2.789,USD_per_gallon
2010-04-05,GASALLMWW,2.839,USD_per_gallon
2010-04-12,GASALLMWW,2.869,USD_per_gallon
2010-04-19,GASALLMWW,2.881,USD_per_gallon
2010-04-26,GASALLMWW,2.843,USD_per_gallon
2010-05-03,GASALLMWW,2.918,USD_per_gallon
2010-05-10,GASALLMWW,2.906,USD_per_gallon
2010-05-17,GASALLMWW,2.838,USD_per_gallon
2010-05-24,GASALLMWW,2.731,USD_per_gallon
2010-05-31,GASALLMWW,2.665,USD_per_gallon
2010-06-07,GASALLMWW,2.7,USD_per_gallon
2010-06-14,GASALLMWW,2.68,USD_per_gallon
2010-06-21,GASALLMWW,2.749,USD_per_gallon
2010-06-28,GASALLMWW,2.766,USD_per_gallon
2010-07-05,GASALLMWW,2.71,USD_per_gallon
2010-07-12,GASALLMWW,2.716,USD_per_gallon
2010-07-19,GASALLMWW,2.736,USD_per_gallon
2010-07-26,GASALLMWW,2.774,USD_per_gallon
2010-08-02,GASALLMWW,2.73,USD_per_gallon
2010-08-09,GASALLMWW,2.791,USD_per_gallon
2010-08-16,GASALLMWW,2.717,USD_per_gallon
2010-08-23,GASALLMWW,2.662,USD_per_gallon
2010-08-30,GASALLMWW,2.672,USD_per_gallon
2010-09-06,GASALLMWW,2.709,USD_per_gallon
2010-09-13,GASALLMWW,2.813,USD_per_gallon
2010-09-20,GASALLMWW,2.778,USD_per_gallon
2010-09-27,GASALLMWW,2.712,USD_per_gallon
2010-10-04,GASALLMWW,2.771,USD_per_gallon
2010-10-11,GASALLMWW,2.867,USD_per_gallon
2010-10-18,GASALLMWW,2.842,USD_per_gallon
2010-10-25,GASALLMWW,2.801,USD_per_gallon
2010-11-01,GASALLMWW,2.795,USD_per_gallon
2010-11-08,GASALLMWW,2.928,USD_per_gallon
2010-11-15,GASALLMWW,2.913,USD_per_gallon
2010-11-22,GASALLMWW,2.861,USD_per_gallon
2010-11-29,GASALLMWW,2.823,USD_per_gallon
2010-12-06,GASALLMWW,2.962,USD_per_gallon
2010-12-13,GASALLMWW,2.967,USD_per_gallon
2010-12-20,GASALLMWW,2.972,USD_per_gallon
2010-12-27,GASALLMWW,3.085,USD_per_gallon
2011-01-03,GASALLMWW,3.1,USD_per_gallon
2011-01-10,GASALLMWW,3.12,USD_per_gallon
2011-01-17,GASALLMWW,3.125,USD_per_gallon
2011-01-24,GASALLMWW,3.122,USD_per_gallon
2011-01-31,GASALLMWW,3.122,USD_per_gallon
2011-02-07,GASALLMWW,3.159,USD_per_gallon
2011-02-14,GASALLMWW,3.125,USD_per_gallon
2011-02-21,GASALLMWW,3.175,USD_per_gallon
2011-02-28,GASALLMWW,3.403,USD_per_gallon
2011-03-07,GASALLMWW,3.521,USD_per_gallon
2011-03-14,GASALLMWW,3.561,USD_per_gallon
2011-03-21,GASALLMWW,3.554,USD_per_gallon
2011-03-28,GASALLMWW,3.587,USD_per_gallon
2011-04-04,GASALLMWW,3.718,USD_per_gallon
2011-04-11,GASALLMWW,3.841,USD_per_gallon
2011-04-18,GASALLMWW,3.883,USD_per_gallon
2011-04-25,GASALLMWW,3.938,USD_per_gallon
2011-05-02,GASALLMWW,4.047,USD_per_gallon
2011-05-09,GASALLMWW,4.018,USD_per_gallon
2011-05-16,GASALLMWW,4.01,USD_per_gallon
2011-05-23,GASALLMWW,3.852,USD_per_gallon
2011-05-30,GASALLMWW,3.836,USD_per_gallon
2011-06-06,GASALLMWW,3.894,USD_per_gallon
2011-06-13,GASALLMWW,3.76,USD_per_gallon
2011-06-20,GASALLMWW,3.651,USD_per_gallon
2011-06-27,GASALLMWW,3.529,USD_per_gallon
2011-07-04,GASALLMWW,3.631,USD_per_gallon
2011-07-11,GASALLMWW,3.704,USD_per_gallon
2011-07-18,GASALLMWW,3.729,USD_per_gallon
2011-07-25,GASALLMWW,3.73,USD_per_gallon
2011-08-01,GASALLMWW,3.753,USD_per_gallon
2011-08-08,GASALLMWW,3.701,USD_per_gallon
2011-08-15,GASALLMWW,3.619,USD_per_gallon
2011-08-22,GASALLMWW,3.605,USD_per_gallon
2011-08-29,GASALLMWW,3.709,USD_per_gallon
2011-09-05,GASALLMWW,3.745,USD_per_gallon
2011-09-12,GASALLMWW,3.717,USD_per_gallon
2011-09-19,GASALLMWW,3.609,USD_per_gallon
2011-09-26,GASALLMWW,3.467,USD_per_gallon
2011-10-03,GASALLMWW,3.358,USD_per_gallon
2011-10-10,GASALLMWW,3.373,USD_per_gallon
2011-10-17,GASALLMWW,3.45,USD_per_gallon
2011-10-24,GASALLMWW,3.396,USD_per_gallon
2011-10-31,GASALLMWW,3.422,USD_per_gallon
2011-11-07,GASALLMWW,3.375,USD_per_gallon
2011-11-14,GASALLMWW,3.414,USD_per_gallon
2011-11-21,GASALLMWW,3.308,USD_per_gallon
2011-11-28,GASALLMWW,3.227,USD_per_gallon
2011-12-05,GASALLMWW,3.251,USD_per_gallon
2011-12-12,GASALLMWW,3.266,USD_per_gallon
2011-12-19,GASALLMWW,3.186,USD_per_gallon
2011-12-26,GASALLMWW,3.27,USD_per_gallon
2012-01-02,GASALLMWW,3.308,USD_per_gallon
2012-01-09,GASALLMWW,3.395,USD_per_gallon
2012-01-16,GASALLMWW,3.403,USD_per_gallon
2012-01-23,GASALLMWW,3.346,USD_per_gallon
2012-01-30,GASALLMWW,3.39,USD_per_gallon
2012-02-06,GASALLMWW,3.45,USD_per_gallon
2012-02-13,GASALLMWW,3.444,USD_per_gallon
2012-02-20,GASALLMWW,3.504,USD_per_gallon
2012-02-27,GASALLMWW,3.662,USD_per_gallon
2012-03-05,GASALLMWW,3.781,USD_per_gallon
2012-03-12,GASALLMWW,3.847,USD_per_gallon
2012-03-19,GASALLMWW,3.877,USD_per_gallon
2012-03-26,GASALLMWW,3.937,USD_per_gallon
2012-04-02,GASALLMWW,3.941,USD_per_gallon
2012-04-09,GASALLMWW,3.897,USD_per_gallon
2012-04-16,GASALLMWW,3.891,USD_per_gallon
2012-04-23,GASALLMWW,3.811,USD_per_gallon
2012-04-30,GASALLMWW,3.788,USD_per_gallon
2012-05-07,GASALLMWW,3.761,USD_per_gallon
2012-05-14,GASALLMWW,3.679,USD_per_gallon
2012-05-21,GASALLMWW,3.665,USD_per_gallon
2012-05-28,GASALLMWW,3.631,USD_per_gallon
2012-06-04,GASALLMWW,3.558,USD_per_gallon
2012-06-11,GASALLMWW,3.578,USD_per_gallon
2012-06-18,GASALLMWW,3.598,USD_per_gallon
2012-06-25,GASALLMWW,3.466,USD_per_gallon
2012-07-02,GASALLMWW,3.357,USD_per_gallon
2012-07-09,GASALLMWW,3.48,USD_per_gallon
2012-07-16,GASALLMWW,3.458,USD_per_gallon
2012-07-23,GASALLMWW,3.52,USD_per_gallon
2012-07-30,GASALLMWW,3.553,USD_per_gallon
2012-08-06,GASALLMWW,3.813,USD_per_gallon
2012-08-13,GASALLMWW,3.826,USD_per_gallon
2012-08-20,GASALLMWW,3.801,USD_per_gallon
2012-08-27,GASALLMWW,3.818,USD_per_gallon
2012-09-03,GASALLMWW,3.914,USD_per_gallon
2012-09-10,GASALLMWW,3.897,USD_per_gallon
2012-09-17,GASALLMWW,3.932,USD_per_gallon
2012-09-24,GASALLMWW,3.853,USD_per_gallon
2012-10-01,GASALLMWW,3.823,USD_per_gallon
2012-10-08,GASALLMWW,3.812,USD_per_gallon
2012-10-15,GASALLMWW,3.726,USD_per_gallon
2012-10-22,GASALLMWW,3.528,USD_per_gallon
2012-10-29,GASALLMWW,3.435,USD_per_gallon
2012-11-05,GASALLMWW,3.367,USD_per_gallon
2012-11-12,GASALLMWW,3.377,USD_per_gallon
2012-11-19,GASALLMWW,3.387,USD_per_gallon
2012-11-26,GASALLMWW,3.432,USD_per_gallon
2012-12-03,GASALLMWW,3.364,USD_per_gallon
2012-12-10,GASALLMWW,3.328,USD_per_gallon
2012-12-17,GASALLMWW,3.187,USD_per_gallon
2012-12-24,GASALLMWW,3.217,USD_per_gallon
2012-12-31,GASALLMWW,3.266,USD_per_gallon
2013-01-07,GASALLMWW,3.19,USD_per_gallon
2013-01-14,GASALLMWW,3.204,USD_per_gallon
2013-01-21,GASALLMWW,3.269,USD_per_gallon
2013-01-28,GASALLMWW,3.333,USD_per_gallon
2013-02-04,GASALLMWW,3.556,USD_per_gallon
2013-02-11,GASALLMWW,3.624,USD_per_gallon
2013-02-18,GASALLMWW,3.806,USD_per_gallon
2013-02-25,GASALLMWW,3.778,USD_per_gallon
2013-03-04,GASALLMWW,3.752,USD_per_gallon
2013-03-11,GASALLMWW,3.661,USD_per_gallon
2013-03-18,GASALLMWW,3.689,USD_per_gallon
2013-03-25,GASALLMWW,3.699,USD_per_gallon
2013-04-01,GASALLMWW,3.641,USD_per_gallon
2013-04-08,GASALLMWW,3.596,USD_per_gallon
2013-04-15,GASALLMWW,3.497,USD_per_gallon
2013-04-22,GASALLMWW,3.591,USD_per_gallon
2013-04-29,GASALLMWW,3.596,USD_per_gallon
2013-05-06,GASALLMWW,3.651,USD_per_gallon
2013-05-13,GASALLMWW,3.715,USD_per_gallon
2013-05-20,GASALLMWW,3.903,USD_per_gallon
2013-05-27,GASALLMWW,3.818,USD_per_gallon
2013-06-03,GASALLMWW,3.877,USD_per_gallon
2013-06-10,GASALLMWW,3.91,USD_per_gallon
2013-06-17,GASALLMWW,3.78,USD_per_gallon
2013-06-24,GASALLMWW,3.59,USD_per_gallon
2013-07-01,GASALLMWW,3.439,USD_per_gallon
2013-07-08,GASALLMWW,3.456,USD_per_gallon
2013-07-15,GASALLMWW,3.686,USD_per_gallon
2013-07-22,GASALLMWW,3.708,USD_per_gallon
2013-07-29,GASALLMWW,3.623,USD_per_gallon
2013-08-05,GASALLMWW,3.637,USD_per_gallon
2013-08-12,GASALLMWW,3.525,USD_per_gallon
2013-08-19,GASALLMWW,3.548,USD_per_gallon
2013-08-26,GASALLMWW,3.572,USD_per_gallon
2013-09-02,GASALLMWW,3.679,USD_per_gallon
2013-09-09,GASALLMWW,3.619,USD_per_gallon
2013-09-16,GASALLMWW,3.535,USD_per_gallon
2013-09-23,GASALLMWW,3.506,USD_per_gallon
2013-09-30,GASALLMWW,3.399,USD_per_gallon
2013-10-07,GASALLMWW,3.324,USD_per_gallon
2013-10-14,GASALLMWW,3.349,USD_per_gallon
2013-10-21,GASALLMWW,3.367,USD_per_gallon
2013-10-28,GASALLMWW,3.255,USD_per_gallon
2013-11-04,GASALLMWW,3.243,USD_per_gallon
2013-11-11,GASALLMWW,3.133,USD_per_gallon
2013-11-18,GASALLMWW,3.185,USD_per_gallon
2013-11-25,GASALLMWW,3.249,USD_per_gallon
2013-12-02,GASALLMWW,3.179,USD_per_gallon
2013-12-09,GASALLMWW,3.19,USD_per_gallon
2013-12-16,GASALLMWW,3.135,USD_per_gallon
2013-12-23,GASALLMWW,3.216,USD_per_gallon
2013-12-30,GASALLMWW,3.319,USD_per_gallon
2014-01-06,GASALLMWW,3.278,USD_per_gallon
2014-01-13,GASALLMWW,3.309,USD_per_gallon
2014-01-20,GASALLMWW,3.255,USD_per_gallon
2014-01-27,GASALLMWW,3.272,USD_per_gallon
2014-02-03,GASALLMWW,3.289,USD_per_gallon
2014-02-10,GASALLMWW,3.339,USD_per_gallon
2014-02-17,GASALLMWW,3.413,USD_per_gallon
2014-02-24,GASALLMWW,3.493,USD_per_gallon
2014-03-03,GASALLMWW,3.55,USD_per_gallon
2014-03-10,GASALLMWW,3.589,USD_per_gallon
2014-03-17,GASALLMWW,3.627,USD_per_gallon
2014-03-24,GASALLMWW,3.604,USD_per_gallon
2014-03-31,GASALLMWW,3.641,USD_per_gallon
2014-04-07,GASALLMWW,3.632,USD_per_gallon
2014-04-14,GASALLMWW,3.687,USD_per_gallon
2014-04-21,GASALLMWW,3.695,USD_per_gallon
2014-04-28,GASALLMWW,3.717,USD_per_gallon
2014-05-05,GASALLMWW,3.65,USD_per_gallon
2014-05-12,GASALLMWW,3.653,USD_per_gallon
2014-05-19,GASALLMWW,3.667,USD_per_gallon
2014-05-26,GASALLMWW,3.708,USD_per_gallon
2014-06-02,GASALLMWW,3.771,USD_per_gallon
2014-06-09,GASALLMWW,3.747,USD_per_gallon
2014-06-16,GASALLMWW,3.769,USD_per_gallon
2014-06-23,GASALLMWW,3.748,USD_per_gallon
2014-06-30,GASALLMWW,3.724,USD_per_gallon
2014-07-07,GASALLMWW,3.669,USD_per_gallon
2014-07-14,GASALLMWW,3.593,USD_per_gallon
2014-07-21,GASALLMWW,3.552,USD_per_gallon
2014-07-28,GASALLMWW,3.464,USD_per_gallon
2014-08-04,GASALLMWW,3.473,USD_per_gallon
2014-08-11,GASALLMWW,3.508,USD_per_gallon
2014-08-18,GASALLMWW,3.451,USD_per_gallon
2014-08-25,GASALLMWW,3.456,USD_per_gallon
2014-09-01,GASALLMWW,3.493,USD_per_gallon
2014-09-08,GASALLMWW,3.499,USD_per_gallon
2014-09-15,GASALLMWW,3.416,USD_per_gallon
2014-09-22,GASALLMWW,3.334,USD_per_gallon
2014-09-29,GASALLMWW,3.359,USD_per_gallon
2014-10-06,GASALLMWW,3.257,USD_per_gallon
2014-10-13,GASALLMWW,3.144,USD_per_gallon
2014-10-20,GASALLMWW,3.089,USD_per_gallon
2014-10-27,GASALLMWW,3.075,USD_per_gallon
2014-11-03,GASALLMWW,3.02,USD_per_gallon
2014-11-10,GASALLMWW,2.966,USD_per_gallon
2014-11-17,GASALLMWW,2.918,USD_per_gallon
2014-11-24,GASALLMWW,2.825,USD_per_gallon
2014-12-01,GASALLMWW,2.778,USD_per_gallon
2014-12-08,GASALLMWW,2.65,USD_per_gallon
2014-12-15,GASALLMWW,2.479,USD_per_gallon
2014-12-22,GASALLMWW,2.288,USD_per_gallon
2014-12-29,GASALLMWW,2.151,USD_per_gallon
2015-01-05,GASALLMWW,2.038,USD_per_gallon
2015-01-12,GASALLMWW,2.018,USD_per_gallon
2015-01-19,GASALLMWW,1.984,USD_per_gallon
2015-01-26,GASALLMWW,2.001,USD_per_gallon
2015-02-02,GASALLMWW,2.093,USD_per_gallon
2015-02-09,GASALLMWW,2.231,USD_per_gallon
2015-02-16,GASALLMWW,2.302,USD_per_gallon
2015-02-23,GASALLMWW,2.336,USD_per_gallon
2015-03-02,GASALLMWW,2.44,USD_per_gallon
2015-03-09,GASALLMWW,2.4,USD_per_gallon
2015-03-16,GASALLMWW,2.344,USD_per_gallon
2015-03-23,GASALLMWW,2.451,USD_per_gallon
2015-03-30,GASALLMWW,2.44,USD_per_gallon
2015-04-06,GASALLMWW,2.375,USD_per_gallon
2015-04-13,GASALLMWW,2.367,USD_per_gallon
2015-04-20,GASALLMWW,2.463,USD_per_gallon
2015-04-27,GASALLMWW,2.506,USD_per_gallon
2015-05-04,GASALLMWW,2.565,USD_per_gallon
2015-05-11,GASALLMWW,2.573,USD_per_gallon
2015-05-18,GASALLMWW,2.664,USD_per_gallon
2015-05-25,GASALLMWW,2.721,USD_per_gallon
2015-06-01,GASALLMWW,2.762,USD_per_gallon
2015-06-08,GASALLMWW,2.745,USD_per_gallon
2015-06-15,GASALLMWW,2.862,USD_per_gallon
2015-06-22,GASALLMWW,2.811,USD_per_gallon
2015-06-29,GASALLMWW,2.806,USD_per_gallon
2015-07-06,GASALLMWW,2.805,USD_per_gallon
2015-07-13,GASALLMWW,2.791,USD_per_gallon
2015-07-20,GASALLMWW,2.738,USD_per_gallon
2015-07-27,GASALLMWW,2.649,USD_per_gallon
2015-08-03,GASALLMWW,2.584,USD_per_gallon
2015-08-10,GASALLMWW,2.544,USD_per_gallon
2015-08-17,GASALLMWW,2.866,USD_per_gallon
2015-08-24,GASALLMWW,2.746,USD_per_gallon
2015-08-31,GASALLMWW,2.545,USD_per_gallon
2015-09-07,GASALLMWW,2.419,USD_per_gallon
2015-09-14,GASALLMWW,2.359,USD_per_gallon
2015-09-21,GASALLMWW,2.354,USD_per_gallon
2015-09-28,GASALLMWW,2.407,USD_per_gallon
2015-10-05,GASALLMWW,2.435,USD_per_gallon
2015-10-12,GASALLMWW,2.486,USD_per_gallon
2015-10-19,GASALLMWW,2.382,USD_per_gallon
2015-10-26,GASALLMWW,2.308,USD_per_gallon
2015-11-02,GASALLMWW,2.351,USD_per_gallon
2015-11-09,GASALLMWW,2.299,USD_per_gallon
2015-11-16,GASALLMWW,2.168,USD_per_gallon
2015-11-23,GASALLMWW,2.015,USD_per_gallon
2015-11-30,GASALLMWW,1.959,USD_per_gallon
2015-12-07,GASALLMWW,1.974,USD_per_gallon
2015-12-14,GASALLMWW,1.986,USD_per_gallon
2015-12-21,GASALLMWW,1.929,USD_per_gallon
2015-12-28,GASALLMWW,1.959,USD_per_gallon
2016-01-04,GASALLMWW,1.945,USD_per_gallon
2016-01-11,GASALLMWW,1.906,USD_per_gallon
2016-01-18,GASALLMWW,1.796,USD_per_gallon
2016-01-25,GASALLMWW,1.714,USD_per_gallon
2016-02-01,GASALLMWW,1.708,USD_per_gallon
2016-02-08,GASALLMWW,1.602,USD_per_gallon
2016-02-15,GASALLMWW,1.606,USD_per_gallon
2016-02-22,GASALLMWW,1.693,USD_per_gallon
2016-02-29,GASALLMWW,1.803,USD_per_gallon
2016-03-07,GASALLMWW,1.896,USD_per_gallon
2016-03-14,GASALLMWW,2.012,USD_per_gallon
2016-03-21,GASALLMWW,2.021,USD_per_gallon
2016-03-28,GASALLMWW,2.038,USD_per_gallon
2016-04-04,GASALLMWW,2.07,USD_per_gallon
2016-04-11,GASALLMWW,2.048,USD_per_gallon
2016-04-18,GASALLMWW,2.139,USD_per_gallon
2016-04-25,GASALLMWW,2.181,USD_per_gallon
2016-05-02,GASALLMWW,2.269,USD_per_gallon
2016-05-09,GASALLMWW,2.202,USD_per_gallon
2016-05-16,GASALLMWW,2.263,USD_per_gallon
2016-05-23,GASALLMWW,2.365,USD_per_gallon
2016-05-30,GASALLMWW,2.425,USD_per_gallon
2016-06-06,GASALLMWW,2.495,USD_per_gallon
2016-06-13,GASALLMWW,2.554,USD_per_gallon
2016-06-20,GASALLMWW,2.458,USD_per_gallon
2016-06-27,GASALLMWW,2.378,USD_per_gallon
2016-07-04,GASALLMWW,2.297,USD_per_gallon
2016-07-11,GASALLMWW,2.243,USD_per_gallon
2016-07-18,GASALLMWW,2.242,USD_per_gallon
2016-07-25,GASALLMWW,2.165,USD_per_gallon
2016-08-01,GASALLMWW,2.164,USD_per_gallon
2016-08-08,GASALLMWW,2.204,USD_per_gallon
2016-08-15,GASALLMWW,2.208,USD_per_gallon
2016-08-22,GASALLMWW,2.259,USD_per_gallon
2016-08-29,GASALLMWW,2.313,USD_per_gallon
2016-09-05,GASALLMWW,2.269,USD_per_gallon
2016-09-12,GASALLMWW,2.222,USD_per_gallon
2016-09-19,GASALLMWW,2.244,USD_per_gallon
2016-09-26,GASALLMWW,2.236,USD_per_gallon
2016-10-03,GASALLMWW,2.266,USD_per_gallon
2016-10-10,GASALLMWW,2.313,USD_per_gallon
2016-10-17,GASALLMWW,2.247,USD_per_gallon
2016-10-24,GASALLMWW,2.198,USD_per_gallon
2016-10-31,GASALLMWW,2.166,USD_per_gallon
2016-11-07,GASALLMWW,2.174,USD_per_gallon
2016-11-14,GASALLMWW,2.087,USD_per_gallon
2016-11-21,GASALLMWW,2.108,USD_per_gallon
2016-11-28,GASALLMWW,2.131,USD_per_gallon
2016-12-05,GASALLMWW,2.201,USD_per_gallon
2016-12-12,GASALLMWW,2.254,USD_per_gallon
2016-12-19,GASALLMWW,2.284,USD_per_gallon
2016-12-26,GASALLMWW,2.372,USD_per_gallon
2017-01-02,GASALLMWW,2.435,USD_per_gallon
2017-01-09,GASALLMWW,2.433,USD_per_gallon
2017-01-16,GASALLMWW,2.37,USD_per_gallon
2017-01-23,GASALLMWW,2.306,USD_per_gallon
2017-01-30,GASALLMWW,2.255,USD_per_gallon
2017-02-06,GASALLMWW,2.269,USD_per_gallon
2017-02-13,GASALLMWW,2.302,USD_per_gallon
2017-02-20,GASALLMWW,2.279,USD_per_gallon
2017-02-27,GASALLMWW,2.301,USD_per_gallon
2017-03-06,GASALLMWW,2.358,USD_per_gallon
2017-03-13,GASALLMWW,2.306,USD_per_gallon
2017-03-20,GASALLMWW,2.313,USD_per_gallon
2017-03-27,GASALLMWW,2.276,USD_per_gallon
2017-04-03,GASALLMWW,2.372,USD_per_gallon
2017-04-10,GASALLMWW,2.454,USD_per_gallon
2017-04-17,GASALLMWW,2.431,USD_per_gallon
2017-04-24,GASALLMWW,2.451,USD_per_gallon
2017-05-01,GASALLMWW,2.382,USD_per_gallon
2017-05-08,GASALLMWW,2.323,USD_per_gallon
2017-05-15,GASALLMWW,2.363,USD_per_gallon
2017-05-22,GASALLMWW,2.409,USD_per_gallon
2017-05-29,GASALLMWW,2.393,USD_per_gallon
2017-06-05,GASALLMWW,2.414,USD_per_gallon
2017-06-12,GASALLMWW,2.341,USD_per_gallon
2017-06-19,GASALLMWW,2.277,USD_per_gallon
2017-06-26,GASALLMWW,2.269,USD_per_gallon
2017-07-03,GASALLMWW,2.235,USD_per_gallon
2017-07-10,GASALLMWW,2.323,USD_per_gallon
2017-07-17,GASALLMWW,2.277,USD_per_gallon
2017-07-24,GASALLMWW,2.312,USD_per_gallon
2017-07-31,GASALLMWW,2.377,USD_per_gallon
2017-08-07,GASALLMWW,2.38,USD_per_gallon
2017-08-14,GASALLMWW,2.396,USD_per_gallon
2017-08-21,GASALLMWW,2.345,USD_per_gallon
2017-08-28,GASALLMWW,2.406,USD_per_gallon
2017-09-04,GASALLMWW,2.639,USD_per_gallon
2017-09-11,GASALLMWW,2.64,USD_per_gallon
2017-09-18,GASALLMWW,2.544,USD_per_gallon
2017-09-25,GASALLMWW,2.466,USD_per_gallon
2017-10-02,GASALLMWW,2.503,USD_per_gallon
2017-10-09,GASALLMWW,2.432,USD_per_gallon
2017-10-16,GASALLMWW,2.474,USD_per_gallon
2017-10-23,GASALLMWW,2.49,USD_per_gallon
2017-10-30,GASALLMWW,2.524,USD_per_gallon
2017-11-06,GASALLMWW,2.645,USD_per_gallon
2017-11-13,GASALLMWW,2.622,USD_per_gallon
2017-11-20,GASALLMWW,2.595,USD_per_gallon
2017-11-27,GASALLMWW,2.52,USD_per_gallon
2017-12-04,GASALLMWW,2.455,USD_per_gallon
2017-12-11,GASALLMWW,2.47,USD_per_gallon
2017-12-18,GASALLMWW,2.422,USD_per_gallon
2017-12-25,GASALLMWW,2.508,USD_per_gallon
2018-01-01,GASALLMWW,2.553,USD_per_gallon
2018-01-08,GASALLMWW,2.527,USD_per_gallon
2018-01-15,GASALLMWW,2.605,USD_per_gallon
2018-01-22,GASALLMWW,2.567,USD_per_gallon
2018-01-29,GASALLMWW,2.608,USD_per_gallon
2018-02-05,GASALLMWW,2.633,USD_per_gallon
2018-02-12,GASALLMWW,2.56,USD_per_gallon
2018-02-19,GASALLMWW,2.487,USD_per_gallon
2018-02-26,GASALLMWW,2.502,USD_per_gallon
2018-03-05,GASALLMWW,2.526,USD_per_gallon
2018-03-12,GASALLMWW,2.537,USD_per_gallon
2018-03-19,GASALLMWW,2.594,USD_per_gallon
2018-03-26,GASALLMWW,2.612,USD_per_gallon
2018-04-02,GASALLMWW,2.661,USD_per_gallon
2018-04-09,GASALLMWW,2.651,USD_per_gallon
2018-04-16,GASALLMWW,2.701,USD_per_gallon
2018-04-23,GASALLMWW,2.757,USD_per_gallon
2018-04-30,GASALLMWW,2.823,USD_per_gallon
2018-05-07,GASALLMWW,2.796,USD_per_gallon
2018-05-14,GASALLMWW,2.835,USD_per_gallon
2018-05-21,GASALLMWW,2.904,USD_per_gallon
2018-05-28,GASALLMWW,2.935,USD_per_gallon
2018-06-04,GASALLMWW,2.902,USD_per_gallon
2018-06-11,GASALLMWW,2.871,USD_per_gallon
2018-06-18,GASALLMWW,2.844,USD_per_gallon
2018-06-25,GASALLMWW,2.773,USD_per_gallon
2018-07-02,GASALLMWW,2.818,USD_per_gallon
2018-07-09,GASALLMWW,2.838,USD_per_gallon
2018-07-16,GASALLMWW,2.851,USD_per_gallon
2018-07-23,GASALLMWW,2.793,USD_per_gallon
2018-07-30,GASALLMWW,2.821,USD_per_gallon
2018-08-06,GASALLMWW,2.828,USD_per_gallon
2018-08-13,GASALLMWW,2.803,USD_per_gallon
2018-08-20,GASALLMWW,2.785,USD_per_gallon
2018-08-27,GASALLMWW,2.814,USD_per_gallon
2018-09-03,GASALLMWW,2.784,USD_per_gallon
2018-09-10,GASALLMWW,2.794,USD_per_gallon
2018-09-17,GASALLMWW,2.815,USD_per_gallon
2018-09-24,GASALLMWW,2.843,USD_per_gallon
2018-10-01,GASALLMWW,2.843,USD_per_gallon
2018-10-08,GASALLMWW,2.876,USD_per_gallon
2018-10-15,GASALLMWW,2.811,USD_per_gallon
2018-10-22,GASALLMWW,2.742,USD_per_gallon
2018-10-29,GASALLMWW,2.735,USD_per_gallon
2018-11-05,GASALLMWW,2.659,USD_per_gallon
2018-11-12,GASALLMWW,2.567,USD_per_gallon
2018-11-19,GASALLMWW,2.472,USD_per_gallon
2018-11-26,GASALLMWW,2.372,USD_per_gallon
2018-12-03,GASALLMWW,2.256,USD_per_gallon
2018-12-10,GASALLMWW,2.268,USD_per_gallon
2018-12-17,GASALLMWW,2.192,USD_per_gallon
2018-12-24,GASALLMWW,2.139,USD_per_gallon
2018-12-31,GASALLMWW,2.06,USD_per_gallon
2019-01-07,GASALLMWW,2.059,USD_per_gallon
2019-01-14,GASALLMWW,2.102,USD_per_gallon
2019-01-21,GASALLMWW,2.094,USD_per_gallon
2019-01-28,GASALLMWW,2.104,USD_per_gallon
2019-02-04,GASALLMWW,2.132,USD_per_gallon
2019-02-11,GASALLMWW,2.203,USD_per_gallon
2019-02-18,GASALLMWW,2.259,USD_per_gallon
2019-02-25,GASALLMWW,2.357,USD_per_gallon
2019-03-04,GASALLMWW,2.38,USD_per_gallon
2019-03-11,GASALLMWW,2.45,USD_per_gallon
2019-03-18,GASALLMWW,2.527,USD_per_gallon
2019-03-25,GASALLMWW,2.614,USD_per_gallon
2019-04-01,GASALLMWW,2.679,USD_per_gallon
2019-04-08,GASALLMWW,2.724,USD_per_gallon
2019-04-15,GASALLMWW,2.788,USD_per_gallon
2019-04-22,GASALLMWW,2.775,USD_per_gallon
2019-04-29,GASALLMWW,2.817,USD_per_gallon
2019-05-06,GASALLMWW,2.821,USD_per_gallon
2019-05-13,GASALLMWW,2.791,USD_per_gallon
2019-05-20,GASALLMWW,2.796,USD_per_gallon
2019-05-27,GASALLMWW,2.766,USD_per_gallon
2019-06-03,GASALLMWW,2.801,USD_per_gallon
2019-06-10,GASALLMWW,2.676,USD_per_gallon
2019-06-17,GASALLMWW,2.597,USD_per_gallon
2019-06-24,GASALLMWW,2.619,USD_per_gallon
2019-07-01,GASALLMWW,2.684,USD_per_gallon
2019-07-08,GASALLMWW,2.724,USD_per_gallon
2019-07-15,GASALLMWW,2.82,USD_per_gallon
2019-07-22,GASALLMWW,2.745,USD_per_gallon
2019-07-29,GASALLMWW,2.716,USD_per_gallon
2019-08-05,GASALLMWW,2.69,USD_per_gallon
2019-08-12,GASALLMWW,2.579,USD_per_gallon
2019-08-19,GASALLMWW,2.574,USD_per_gallon
2019-08-26,GASALLMWW,2.552,USD_per_gallon
2019-09-02,GASALLMWW,2.521,USD_per_gallon
2019-09-09,GASALLMWW,2.494,USD_per_gallon
2019-09-16,GASALLMWW,2.513,USD_per_gallon
2019-09-23,GASALLMWW,2.641,USD_per_gallon
2019-09-30,GASALLMWW,2.545,USD_per_gallon
2019-10-07,GASALLMWW,2.556,USD_per_gallon
2019-10-14,GASALLMWW,2.536,USD_per_gallon
2019-10-21,GASALLMWW,2.532,USD_per_gallon
2019-10-28,GASALLMWW,2.466,USD_per_gallon
2019-11-04,GASALLMWW,2.471,USD_per_gallon
2019-11-11,GASALLMWW,2.493,USD_per_gallon
2019-11-18,GASALLMWW,2.493,USD_per_gallon
2019-11-25,GASALLMWW,2.461,USD_per_gallon
2019-12-02,GASALLMWW,2.48,USD_per_gallon
2019-12-09,GASALLMWW,2.482,USD_per_gallon
2019-12-16,GASALLMWW,2.448,USD_per_gallon
2019-12-23,GASALLMWW,2.46,USD_per_gallon
2019-12-30,GASALLMWW,2.507,USD_per_gallon
2020-01-06,GASALLMWW,2.49,USD_per_gallon
2020-01-13,GASALLMWW,2.498,USD_per_gallon
2020-01-20,GASALLMWW,2.447,USD_per_gallon
2020-01-27,GASALLMWW,2.43,USD_per_gallon
2020-02-03,GASALLMWW,2.372,USD_per_gallon
2020-02-10,GASALLMWW,2.319,USD_per_gallon
2020-02-17,GASALLMWW,2.363,USD_per_gallon
2020-02-24,GASALLMWW,2.412,USD_per_gallon
2020-03-02,GASALLMWW,2.36,USD_per_gallon
2020-03-09,GASALLMWW,2.294,USD_per_gallon
2020-03-16,GASALLMWW,2.098,USD_per_gallon
2020-03-23,GASALLMWW,1.935,USD_per_gallon
2020-03-30,GASALLMWW,1.799,USD_per_gallon
2020-04-06,GASALLMWW,1.691,USD_per_gallon
2020-04-13,GASALLMWW,1.613,USD_per_gallon
2020-04-20,GASALLMWW,1.572,USD_per_gallon
2020-04-27,GASALLMWW,1.539,USD_per_gallon
2020-05-04,GASALLMWW,1.633,USD_per_gallon
2020-05-11,GASALLMWW,1.808,USD_per_gallon
2020-05-18,GASALLMWW,1.841,USD_per_gallon
2020-05-25,GASALLMWW,1.943,USD_per_gallon
2020-06-01,GASALLMWW,1.951,USD_per_gallon
2020-06-08,GASALLMWW,2.043,USD_per_gallon
2020-06-15,GASALLMWW,2.081,USD_per_gallon
2020-06-22,GASALLMWW,2.112,USD_per_gallon
2020-06-29,GASALLMWW,2.166,USD_per_gallon
2020-07-06,GASALLMWW,2.158,USD_per_gallon
2020-07-13,GASALLMWW,2.182,USD_per_gallon
2020-07-20,GASALLMWW,2.148,USD_per_gallon
2020-07-27,GASALLMWW,2.134,USD_per_gallon
2020-08-03,GASALLMWW,2.113,USD_per_gallon
2020-08-10,GASALLMWW,2.117,USD_per_gallon
2020-08-17,GASALLMWW,2.108,USD_per_gallon
2020-08-24,GASALLMWW,2.13,USD_per_gallon
2020-08-31,GASALLMWW,2.179,USD_per_gallon
2020-09-07,GASALLMWW,2.124,USD_per_gallon
2020-09-14,GASALLMWW,2.085,USD_per_gallon
2020-09-21,GASALLMWW,2.091,USD_per_gallon
2020-09-28,GASALLMWW,2.116,USD_per_gallon
2020-10-05,GASALLMWW,2.106,USD_per_gallon
2020-10-12,GASALLMWW,2.089,USD_per_gallon
2020-10-19,GASALLMWW,2.057,USD_per_gallon
2020-10-26,GASALLMWW,2.069,USD_per_gallon
2020-11-02,GASALLMWW,2.026,USD_per_gallon
2020-11-09,GASALLMWW,2.025,USD_per_gallon
2020-11-16,GASALLMWW,2.021,USD_per_gallon
2020-11-23,GASALLMWW,1.999,USD_per_gallon
2020-11-30,GASALLMWW,2.005,USD_per_gallon
2020-12-07,GASALLMWW,2.063,USD_per_gallon
2020-12-14,GASALLMWW,2.065,USD_per_gallon
2020-12-21,GASALLMWW,2.174,USD_per_gallon
2020-12-28,GASALLMWW,2.227,USD_per_gallon
2021-01-04,GASALLMWW,2.207,USD_per_gallon
2021-01-11,GASALLMWW,2.272,USD_per_gallon
2021-01-18,GASALLMWW,2.335,USD_per_gallon
2021-01-25,GASALLMWW,2.335,USD_per_gallon
2021-02-01,GASALLMWW,2.37,USD_per_gallon
2021-02-08,GASALLMWW,2.418,USD_per_gallon
2021-02-15,GASALLMWW,2.455,USD_per_gallon
2021-02-22,GASALLMWW,2.618,USD_per_gallon
2021-03-01,GASALLMWW,2.718,USD_per_gallon
2021-03-08,GASALLMWW,2.763,USD_per_gallon
2021-03-15,GASALLMWW,2.822,USD_per_gallon
2021-03-22,GASALLMWW,2.801,USD_per_gallon
2021-03-29,GASALLMWW,2.804,USD_per_gallon
2021-04-05,GASALLMWW,2.84,USD_per_gallon
2021-04-12,GASALLMWW,2.812,USD_per_gallon
2021-04-19,GASALLMWW,2.83,USD_per_gallon
2021-04-26,GASALLMWW,2.853,USD_per_gallon
2021-05-03,GASALLMWW,2.864,USD_per_gallon
2021-05-10,GASALLMWW,2.922,USD_per_gallon
2021-05-17,GASALLMWW,2.973,USD_per_gallon
2021-05-24,GASALLMWW,2.955,USD_per_gallon
2021-05-31,GASALLMWW,2.989,USD_per_gallon
2021-06-07,GASALLMWW,3.01,USD_per_gallon
2021-06-14,GASALLMWW,3.046,USD_per_gallon
2021-06-21,GASALLMWW,3.024,USD_per_gallon
2021-06-28,GASALLMWW,3.049,USD_per_gallon
2021-07-05,GASALLMWW,3.086,USD_per_gallon
2021-07-12,GASALLMWW,3.082,USD_per_gallon
2021-07-19,GASALLMWW,3.12,USD_per_gallon
2021-07-26,GASALLMWW,3.089,USD_per_gallon
2021-08-02,GASALLMWW,3.109,USD_per_gallon
2021-08-09,GASALLMWW,3.124,USD_per_gallon
2021-08-16,GASALLMWW,3.113,USD_per_gallon
2021-08-23,GASALLMWW,3.059,USD_per_gallon
2021-08-30,GASALLMWW,3.064,USD_per_gallon
2021-09-06,GASALLMWW,3.106,USD_per_gallon
2021-09-13,GASALLMWW,3.088,USD_per_gallon
2021-09-20,GASALLMWW,3.124,USD_per_gallon
2021-09-27,GASALLMWW,3.095,USD_per_gallon
2021-10-04,GASALLMWW,3.13,USD_per_gallon
2021-10-11,GASALLMWW,3.201,USD_per_gallon
2021-10-18,GASALLMWW,3.261,USD_per_gallon
2021-10-25,GASALLMWW,3.275,USD_per_gallon
2021-11-01,GASALLMWW,3.271,USD_per_gallon
2021-11-08,GASALLMWW,3.316,USD_per_gallon
2021-11-15,GASALLMWW,3.277,USD_per_gallon
2021-11-22,GASALLMWW,3.256,USD_per_gallon
2021-11-29,GASALLMWW,3.229,USD_per_gallon
2021-12-06,GASALLMWW,3.167,USD_per_gallon
2021-12-13,GASALLMWW,3.144,USD_per_gallon
2021-12-20,GASALLMWW,3.111,USD_per_gallon
2021-12-27,GASALLMWW,3.092,USD_per_gallon
2022-01-03,GASALLMWW,3.093,USD_per_gallon
2022-01-10,GASALLMWW,3.168,USD_per_gallon
2022-01-17,GASALLMWW,3.166,USD_per_gallon
2022-01-24,GASALLMWW,3.183,USD_per_gallon
2022-01-31,GASALLMWW,3.246,USD_per_gallon
2022-02-07,GASALLMWW,3.346,USD_per_gallon
2022-02-14,GASALLMWW,3.379,USD_per_gallon
2022-02-21,GASALLMWW,3.411,USD_per_gallon
2022-02-28,GASALLMWW,3.526,USD_per_gallon
2022-03-07,GASALLMWW,3.975,USD_per_gallon
2022-03-14,GASALLMWW,4.152,USD_per_gallon
2022-03-21,GASALLMWW,4.097,USD_per_gallon
2022-03-28,GASALLMWW,4.114,USD_per_gallon
2022-04-04,GASALLMWW,4.034,USD_per_gallon
2022-04-11,GASALLMWW,3.955,USD_per_gallon
2022-04-18,GASALLMWW,3.938,USD_per_gallon
2022-04-25,GASALLMWW,3.982,USD_per_gallon
2022-05-02,GASALLMWW,4.051,USD_per_gallon
2022-05-09,GASALLMWW,4.214,USD_per_gallon
2022-05-16,GASALLMWW,4.363,USD_per_gallon
2022-05-23,GASALLMWW,4.464,USD_per_gallon
2022-05-30,GASALLMWW,4.523,USD_per_gallon
2022-06-06,GASALLMWW,4.88,USD_per_gallon
2022-06-13,GASALLMWW,5.039,USD_per_gallon
2022-06-20,GASALLMWW,4.979,USD_per_gallon
2022-06-27,GASALLMWW,4.894,USD_per_gallon
2022-07-04,GASALLMWW,4.8,USD_per_gallon
2022-07-11,GASALLMWW,4.67,USD_per_gallon
2022-07-18,GASALLMWW,4.499,USD_per_gallon
2022-07-25,GASALLMWW,4.299,USD_per_gallon
2022-08-01,GASALLMWW,4.108,USD_per_gallon
2022-08-08,GASALLMWW,3.923,USD_per_gallon
2022-08-15,GASALLMWW,3.826,USD_per_gallon
2022-08-22,GASALLMWW,3.801,USD_per_gallon
2022-08-29,GASALLMWW,3.747,USD_per_gallon
2022-09-05,GASALLMWW,3.71,USD_per_gallon
2022-09-12,GASALLMWW,3.642,USD_per_gallon
2022-09-19,GASALLMWW,3.588,USD_per_gallon
2022-09-26,GASALLMWW,3.699,USD_per_gallon
2022-10-03,GASALLMWW,3.789,USD_per_gallon
2022-10-10,GASALLMWW,3.95,USD_per_gallon
2022-10-17,GASALLMWW,3.859,USD_per_gallon
2022-10-24,GASALLMWW,3.76,USD_per_gallon
2022-10-31,GASALLMWW,3.713,USD_per_gallon
2022-11-07,GASALLMWW,3.848,USD_per_gallon
2022-11-14,GASALLMWW,3.751,USD_per_gallon
2022-11-21,GASALLMWW,3.593,USD_per_gallon
2022-11-28,GASALLMWW,3.448,USD_per_gallon
2022-12-05,GASALLMWW,3.286,USD_per_gallon
2022-12-12,GASALLMWW,3.109,USD_per_gallon
2022-12-19,GASALLMWW,2.985,USD_per_gallon
2022-12-26,GASALLMWW,2.972,USD_per_gallon
2023-01-02,GASALLMWW,3.12,USD_per_gallon
2023-01-09,GASALLMWW,3.214,USD_per_gallon
2023-01-16,GASALLMWW,3.275,USD_per_gallon
2023-01-23,GASALLMWW,3.374,USD_per_gallon
2023-01-30,GASALLMWW,3.454,USD_per_gallon
2023-02-06,GASALLMWW,3.369,USD_per_gallon
2023-02-13,GASALLMWW,3.308,USD_per_gallon
2023-02-20,GASALLMWW,3.292,USD_per_gallon
2023-02-27,GASALLMWW,3.241,USD_per_gallon
2023-03-06,GASALLMWW,3.335,USD_per_gallon
2023-03-13,GASALLMWW,3.38,USD_per_gallon
2023-03-20,GASALLMWW,3.333,USD_per_gallon
2023-03-27,GASALLMWW,3.313,USD_per_gallon
2023-04-03,GASALLMWW,3.46,USD_per_gallon
2023-04-10,GASALLMWW,3.588,USD_per_gallon
2023-04-17,GASALLMWW,3.662,USD_per_gallon
2023-04-24,GASALLMWW,3.625,USD_per_gallon
2023-05-01,GASALLMWW,3.558,USD_per_gallon
2023-05-08,GASALLMWW,3.468,USD_per_gallon
2023-05-15,GASALLMWW,3.513,USD_per_gallon
2023-05-22,GASALLMWW,3.544,USD_per_gallon
2023-05-29,GASALLMWW,3.557,USD_per_gallon
2023-06-05,GASALLMWW,3.505,USD_per_gallon
2023-06-12,GASALLMWW,3.588,USD_per_gallon
2023-06-19,GASALLMWW,3.566,USD_per_gallon
2023-06-26,GASALLMWW,3.53,USD_per_gallon
2023-07-03,GASALLMWW,3.465,USD_per_gallon
2023-07-10,GASALLMWW,3.438,USD_per_gallon
2023-07-17,GASALLMWW,3.488,USD_per_gallon
2023-07-24,GASALLMWW,3.48,USD_per_gallon
2023-07-31,GASALLMWW,3.685,USD_per_gallon
2023-08-07,GASALLMWW,3.75,USD_per_gallon
2023-08-14,GASALLMWW,3.842,USD_per_gallon
2023-08-21,GASALLMWW,3.795,USD_per_gallon
2023-08-28,GASALLMWW,3.713,USD_per_gallon
2023-09-04,GASALLMWW,3.705,USD_per_gallon
2023-09-11,GASALLMWW,3.756,USD_per_gallon
2023-09-18,GASALLMWW,3.783,USD_per_gallon
2023-09-25,GASALLMWW,3.712,USD_per_gallon
2023-10-02,GASALLMWW,3.613,USD_per_gallon
2023-10-09,GASALLMWW,3.495,USD_per_gallon
2023-10-16,GASALLMWW,3.401,USD_per_gallon
2023-10-23,GASALLMWW,3.39,USD_per_gallon
2023-10-30,GASALLMWW,3.328,USD_per_gallon
2023-11-06,GASALLMWW,3.284,USD_per_gallon
2023-11-13,GASALLMWW,3.261,USD_per_gallon
2023-11-20,GASALLMWW,3.201,USD_per_gallon
2023-11-27,GASALLMWW,3.108,USD_per_gallon
2023-12-04,GASALLMWW,3.068,USD_per_gallon
2023-12-11,GASALLMWW,2.978,USD_per_gallon
2023-12-18,GASALLMWW,2.874,USD_per_gallon
2023-12-25,GASALLMWW,2.934,USD_per_gallon
2024-01-01,GASALLMWW,2.87,USD_per_gallon
2024-01-08,GASALLMWW,2.844,USD_per_gallon
2024-01-15,GASALLMWW,2.898,USD_per_gallon
2024-01-22,GASALLMWW,2.966,USD_per_gallon
2024-01-29,GASALLMWW,2.948,USD_per_gallon
2024-02-05,GASALLMWW,2.985,USD_per_gallon
2024-02-12,GASALLMWW,3.119,USD_per_gallon
2024-02-19,GASALLMWW,3.198,USD_per_gallon
2024-02-26,GASALLMWW,3.172,USD_per_gallon
2024-03-04,GASALLMWW,3.346,USD_per_gallon
2024-03-11,GASALLMWW,3.363,USD_per_gallon
2024-03-18,GASALLMWW,3.384,USD_per_gallon
2024-03-25,GASALLMWW,3.482,USD_per_gallon
2024-04-01,GASALLMWW,3.442,USD_per_gallon
2024-04-08,GASALLMWW,3.536,USD_per_gallon
2024-04-15,GASALLMWW,3.543,USD_per_gallon
2024-04-22,GASALLMWW,3.54,USD_per_gallon
2024-04-29,GASALLMWW,3.533,USD_per_gallon
2024-05-06,GASALLMWW,3.474,USD_per_gallon
2024-05-13,GASALLMWW,3.513,USD_per_gallon
2024-05-20,GASALLMWW,3.511,USD_per_gallon
2024-05-27,GASALLMWW,3.539,USD_per_gallon
2024-06-03,GASALLMWW,3.43,USD_per_gallon
2024-06-10,GASALLMWW,3.343,USD_per_gallon
2024-06-17,GASALLMWW,3.396,USD_per_gallon
2024-06-24,GASALLMWW,3.403,USD_per_gallon
2024-07-01,GASALLMWW,3.495,USD_per_gallon
2024-07-08,GASALLMWW,3.448,USD_per_gallon
2024-07-15,GASALLMWW,3.45,USD_per_gallon
2024-07-22,GASALLMWW,3.507,USD_per_gallon
2024-07-29,GASALLMWW,3.557,USD_per_gallon
2024-08-05,GASALLMWW,3.509,USD_per_gallon
2024-08-12,GASALLMWW,3.475,USD_per_gallon
2024-08-19,GASALLMWW,3.403,USD_per_gallon
2024-08-26,GASALLMWW,3.289,USD_per_gallon
2024-09-02,GASALLMWW,3.25,USD_per_gallon
2024-09-09,GASALLMWW,3.179,USD_per_gallon
2024-09-16,GASALLMWW,3.085,USD_per_gallon
2024-09-23,GASALLMWW,3.156,USD_per_gallon
2024-09-30,GASALLMWW,3.186,USD_per_gallon
2024-10-07,GASALLMWW,3.117,USD_per_gallon
2024-10-14,GASALLMWW,3.181,USD_per_gallon
2024-10-21,GASALLMWW,3.087,USD_per_gallon
2024-10-28,GASALLMWW,3.003,USD_per_gallon
2024-11-04,GASALLMWW,3.017,USD_per_gallon
2024-11-11,GASALLMWW,2.946,USD_per_gallon
2024-11-18,GASALLMWW,2.962,USD_per_gallon
2024-11-25,GASALLMWW,2.947,USD_per_gallon
2024-12-02,GASALLMWW,2.984,USD_per_gallon
2024-12-09,GASALLMWW,2.891,USD_per_gallon
2024-12-16,GASALLMWW,2.965,USD_per_gallon
2024-12-23,GASALLMWW,3.016,USD_per_gallon
2024-12-30,GASALLMWW,2.957,USD_per_gallon
2025-01-06,GASALLMWW,3.018,USD_per_gallon
2025-01-13,GASALLMWW,2.979,USD_per_gallon
2025-01-20,GASALLMWW,3.064,USD_per_gallon
2025-01-27,GASALLMWW,3.027,USD_per_gallon
2025-02-03,GASALLMWW,3.0,USD_per_gallon
2025-02-10,GASALLMWW,3.065,USD_per_gallon
2025-02-17,GASALLMWW,3.063,USD_per_gallon
2025-02-24,GASALLMWW,3.019,USD_per_gallon
2025-03-03,GASALLMWW,2.962,USD_per_gallon
2025-03-10,GASALLMWW,2.979,USD_per_gallon
2025-03-17,GASALLMWW,2.974,USD_per_gallon
2025-03-24,GASALLMWW,3.101,USD_per_gallon
2025-03-31,GASALLMWW,3.156,USD_per_gallon
2025-04-07,GASALLMWW,3.184,USD_per_gallon
2025-04-14,GASALLMWW,3.089,USD_per_gallon
2025-04-21,GASALLMWW,3.093,USD_per_gallon
2025-04-28,GASALLMWW,3.074,USD_per_gallon
2025-05-05,GASALLMWW,3.107,USD_per_gallon
2025-05-12,GASALLMWW,3.06,USD_per_gallon
2025-05-19,GASALLMWW,3.109,USD_per_gallon
2025-05-26,GASALLMWW,3.1,USD_per_gallon
2025-06-02,GASALLMWW,3.05,USD_per_gallon
2025-06-09,GASALLMWW,3.047,USD_per_gallon
2025-06-16,GASALLMWW,3.11,USD_per_gallon
2025-06-23,GASALLMWW,3.169,USD_per_gallon
2025-06-30,GASALLMWW,3.133,USD_per_gallon
2025-07-07,GASALLMWW,3.064,USD_per_gallon
2025-07-14,GASALLMWW,3.116,USD_per_gallon
2025-07-21,GASALLMWW,3.069,USD_per_gallon
2025-07-28,GASALLMWW,3.095,USD_per_gallon
2025-08-04,GASALLMWW,3.127,USD_per_gallon
2025-08-11,GASALLMWW,3.08,USD_per_gallon
2025-08-18,GASALLMWW,3.079,USD_per_gallon
2025-08-25,GASALLMWW,3.16,USD_per_gallon
2025-09-01,GASALLMWW,3.174,USD_per_gallon
2025-09-08,GASALLMWW,3.14,USD_per_gallon
2025-09-15,GASALLMWW,3.065,USD_per_gallon
2025-09-22,GASALLMWW,3.093,USD_per_gallon
2025-09-29,GASALLMWW,3.013,USD_per_gallon
2025-10-06,GASALLMWW,3.019,USD_per_gallon
2025-10-13,GASALLMWW,2.897,USD_per_gallon
2025-10-20,GASALLMWW,2.89,USD_per_gallon
2025-10-27,GASALLMWW,2.957,USD_per_gallon
2025-11-03,GASALLMWW,2.913,USD_per_gallon
2025-11-10,GASALLMWW,2.994,USD_per_gallon
2025-11-17,GASALLMWW,2.991,USD_per_gallon
2025-11-24,GASALLMWW,2.943,USD_per_gallon
2025-12-01,GASALLMWW,2.825,USD_per_gallon
2025-12-08,GASALLMWW,2.804,USD_per_gallon
2025-12-15,GASALLMWW,2.774,USD_per_gallon
2025-12-22,GASALLMWW,2.69,USD_per_gallon
2025-12-29,GASALLMWW,2.692,USD_per_gallon
2026-01-05,GASALLMWW,2.67,USD_per_gallon
2026-01-12,GASALLMWW,2.688,USD_per_gallon
2026-01-19,GASALLMWW,2.732,USD_per_gallon
2026-01-26,GASALLMWW,2.777,USD_per_gallon
2026-02-02,GASALLMWW,2.734,USD_per_gallon
2026-02-09,GASALLMWW,2.774,USD_per_gallon
2026-02-16,GASALLMWW,2.769,USD_per_gallon
2026-02-23,GASALLMWW,2.76,USD_per_gallon
2026-03-02,GASALLMWW,2.879,USD_per_gallon
2026-03-09,GASALLMWW,3.361,USD_per_gallon
2026-03-16,GASALLMWW,3.476,USD_per_gallon
2026-03-23,GASALLMWW,3.772,USD_per_gallon
2026-03-30,GASALLMWW,3.797,USD_per_gallon
2026-04-06,GASALLMWW,3.858,USD_per_gallon
2026-04-13,GASALLMWW,3.971,USD_per_gallon
2026-04-20,GASALLMWW,3.875,USD_per_gallon
2026-04-27,GASALLMWW,3.969,USD_per_gallon
2026-05-04,GASALLMWW,4.486,USD_per_gallon
1993-04-05,GASALLRMW,1.093,USD_per_gallon
1993-04-12,GASALLRMW,1.118,USD_per_gallon
1993-04-19,GASALLRMW,1.12,USD_per_gallon
1993-04-26,GASALLRMW,1.169,USD_per_gallon
1993-05-03,GASALLRMW,1.161,USD_per_gallon
1993-05-10,GASALLRMW,1.143,USD_per_gallon
1993-05-17,GASALLRMW,1.136,USD_per_gallon
1993-05-24,GASALLRMW,1.17,USD_per_gallon
1993-05-31,GASALLRMW,1.164,USD_per_gallon
1993-06-07,GASALLRMW,1.149,USD_per_gallon
1993-06-14,GASALLRMW,1.137,USD_per_gallon
1993-06-21,GASALLRMW,1.132,USD_per_gallon
1993-06-28,GASALLRMW,1.12,USD_per_gallon
1993-07-05,GASALLRMW,1.111,USD_per_gallon
1993-07-12,GASALLRMW,1.134,USD_per_gallon
1993-07-19,GASALLRMW,1.124,USD_per_gallon
1993-07-26,GASALLRMW,1.114,USD_per_gallon
1993-08-02,GASALLRMW,1.103,USD_per_gallon
1993-08-09,GASALLRMW,1.092,USD_per_gallon
1993-08-16,GASALLRMW,1.134,USD_per_gallon
1993-08-23,GASALLRMW,1.129,USD_per_gallon
1993-08-30,GASALLRMW,1.121,USD_per_gallon
1993-09-06,GASALLRMW,1.108,USD_per_gallon
1993-09-13,GASALLRMW,1.108,USD_per_gallon
1993-09-20,GASALLRMW,1.093,USD_per_gallon
1993-09-27,GASALLRMW,1.132,USD_per_gallon
1993-10-04,GASALLRMW,1.155,USD_per_gallon
1993-10-11,GASALLRMW,1.144,USD_per_gallon
1993-10-18,GASALLRMW,1.149,USD_per_gallon
1993-10-25,GASALLRMW,1.202,USD_per_gallon
1993-11-01,GASALLRMW,1.186,USD_per_gallon
1993-11-08,GASALLRMW,1.169,USD_per_gallon
1993-11-15,GASALLRMW,1.158,USD_per_gallon
1993-11-22,GASALLRMW,1.171,USD_per_gallon
1993-11-29,GASALLRMW,1.158,USD_per_gallon
1993-12-06,GASALLRMW,1.154,USD_per_gallon
1993-12-13,GASALLRMW,1.135,USD_per_gallon
1993-12-20,GASALLRMW,1.115,USD_per_gallon
1993-12-27,GASALLRMW,1.098,USD_per_gallon
1994-01-03,GASALLRMW,1.085,USD_per_gallon
1994-01-10,GASALLRMW,1.065,USD_per_gallon
1994-01-17,GASALLRMW,1.092,USD_per_gallon
1994-01-24,GASALLRMW,1.075,USD_per_gallon
1994-01-31,GASALLRMW,1.063,USD_per_gallon
1994-02-07,GASALLRMW,1.056,USD_per_gallon
1994-02-14,GASALLRMW,1.097,USD_per_gallon
1994-02-21,GASALLRMW,1.073,USD_per_gallon
1994-02-28,GASALLRMW,1.062,USD_per_gallon
1994-03-07,GASALLRMW,1.042,USD_per_gallon
1994-03-14,GASALLRMW,1.089,USD_per_gallon
1994-03-21,GASALLRMW,1.064,USD_per_gallon
1994-03-28,GASALLRMW,1.036,USD_per_gallon
1994-04-04,GASALLRMW,1.027,USD_per_gallon
1994-04-11,GASALLRMW,1.081,USD_per_gallon
1994-04-18,GASALLRMW,1.059,USD_per_gallon
1994-04-25,GASALLRMW,1.039,USD_per_gallon
1994-05-02,GASALLRMW,1.039,USD_per_gallon
1994-05-09,GASALLRMW,1.104,USD_per_gallon
1994-05-16,GASALLRMW,1.091,USD_per_gallon
1994-05-23,GASALLRMW,1.069,USD_per_gallon
1994-05-30,GASALLRMW,1.076,USD_per_gallon
1994-06-06,GASALLRMW,1.135,USD_per_gallon
1994-06-13,GASALLRMW,1.126,USD_per_gallon
1994-06-20,GASALLRMW,1.128,USD_per_gallon
1994-06-27,GASALLRMW,1.156,USD_per_gallon
1994-07-04,GASALLRMW,1.142,USD_per_gallon
1994-07-11,GASALLRMW,1.194,USD_per_gallon
1994-07-18,GASALLRMW,1.179,USD_per_gallon
1994-07-25,GASALLRMW,1.163,USD_per_gallon
1994-08-01,GASALLRMW,1.215,USD_per_gallon
1994-08-08,GASALLRMW,1.235,USD_per_gallon
1994-08-15,GASALLRMW,1.234,USD_per_gallon
1994-08-22,GASALLRMW,1.23,USD_per_gallon
1994-08-29,GASALLRMW,1.293,USD_per_gallon
1994-09-05,GASALLRMW,1.282,USD_per_gallon
1994-09-12,GASALLRMW,1.266,USD_per_gallon
1994-09-19,GASALLRMW,1.249,USD_per_gallon
1994-09-26,GASALLRMW,1.23,USD_per_gallon
1994-10-03,GASALLRMW,1.205,USD_per_gallon
1994-10-10,GASALLRMW,1.178,USD_per_gallon
1994-10-17,GASALLRMW,1.16,USD_per_gallon
1994-10-24,GASALLRMW,1.213,USD_per_gallon
1994-10-31,GASALLRMW,1.189,USD_per_gallon
1994-11-07,GASALLRMW,1.174,USD_per_gallon
1994-11-14,GASALLRMW,1.209,USD_per_gallon
1994-11-21,GASALLRMW,1.186,USD_per_gallon
1994-11-28,GASALLRMW,1.163,USD_per_gallon
1994-12-05,GASALLRMW,1.184,USD_per_gallon
1994-12-12,GASALLRMW,1.191,USD_per_gallon
1994-12-19,GASALLRMW,1.175,USD_per_gallon
1994-12-26,GASALLRMW,1.153,USD_per_gallon
1995-01-02,GASALLRMW,1.176,USD_per_gallon
1995-01-09,GASALLRMW,1.159,USD_per_gallon
1995-01-16,GASALLRMW,1.136,USD_per_gallon
1995-01-23,GASALLRMW,1.167,USD_per_gallon
1995-01-30,GASALLRMW,1.145,USD_per_gallon
1995-02-06,GASALLRMW,1.126,USD_per_gallon
1995-02-13,GASALLRMW,1.152,USD_per_gallon
1995-02-20,GASALLRMW,1.133,USD_per_gallon
1995-02-27,GASALLRMW,1.117,USD_per_gallon
1995-03-06,GASALLRMW,1.156,USD_per_gallon
1995-03-13,GASALLRMW,1.136,USD_per_gallon
1995-03-20,GASALLRMW,1.12,USD_per_gallon
1995-03-27,GASALLRMW,1.166,USD_per_gallon
1995-04-03,GASALLRMW,1.152,USD_per_gallon
1995-04-10,GASALLRMW,1.186,USD_per_gallon
1995-04-17,GASALLRMW,1.179,USD_per_gallon
1995-04-24,GASALLRMW,1.161,USD_per_gallon
1995-05-01,GASALLRMW,1.203,USD_per_gallon
1995-05-08,GASALLRMW,1.183,USD_per_gallon
1995-05-15,GASALLRMW,1.227,USD_per_gallon
1995-05-22,GASALLRMW,1.214,USD_per_gallon
1995-05-29,GASALLRMW,1.218,USD_per_gallon
1995-06-05,GASALLRMW,1.208,USD_per_gallon
1995-06-12,GASALLRMW,1.226,USD_per_gallon
1995-06-19,GASALLRMW,1.213,USD_per_gallon
1995-06-26,GASALLRMW,1.207,USD_per_gallon
1995-07-03,GASALLRMW,1.219,USD_per_gallon
1995-07-10,GASALLRMW,1.198,USD_per_gallon
1995-07-17,GASALLRMW,1.186,USD_per_gallon
1995-07-24,GASALLRMW,1.207,USD_per_gallon
1995-07-31,GASALLRMW,1.19,USD_per_gallon
1995-08-07,GASALLRMW,1.171,USD_per_gallon
1995-08-14,GASALLRMW,1.2,USD_per_gallon
1995-08-21,GASALLRMW,1.191,USD_per_gallon
1995-08-28,GASALLRMW,1.174,USD_per_gallon
1995-09-04,GASALLRMW,1.168,USD_per_gallon
1995-09-11,GASALLRMW,1.205,USD_per_gallon
1995-09-18,GASALLRMW,1.201,USD_per_gallon
1995-09-25,GASALLRMW,1.192,USD_per_gallon
1995-10-02,GASALLRMW,1.218,USD_per_gallon
1995-10-09,GASALLRMW,1.197,USD_per_gallon
1995-10-16,GASALLRMW,1.169,USD_per_gallon
1995-10-23,GASALLRMW,1.155,USD_per_gallon
1995-10-30,GASALLRMW,1.193,USD_per_gallon
1995-11-06,GASALLRMW,1.173,USD_per_gallon
1995-11-13,GASALLRMW,1.156,USD_per_gallon
1995-11-20,GASALLRMW,1.2,USD_per_gallon
1995-11-27,GASALLRMW,1.186,USD_per_gallon
1995-12-04,GASALLRMW,1.165,USD_per_gallon
1995-12-11,GASALLRMW,1.184,USD_per_gallon
1995-12-18,GASALLRMW,1.165,USD_per_gallon
1995-12-25,GASALLRMW,1.164,USD_per_gallon
1996-01-01,GASALLRMW,1.15,USD_per_gallon
1996-01-08,GASALLRMW,1.169,USD_per_gallon
1996-01-15,GASALLRMW,1.159,USD_per_gallon
1996-01-22,GASALLRMW,1.132,USD_per_gallon
1996-01-29,GASALLRMW,1.169,USD_per_gallon
1996-02-05,GASALLRMW,1.153,USD_per_gallon
1996-02-12,GASALLRMW,1.123,USD_per_gallon
1996-02-19,GASALLRMW,1.181,USD_per_gallon
1996-02-26,GASALLRMW,1.159,USD_per_gallon
1996-03-04,GASALLRMW,1.203,USD_per_gallon
1996-03-11,GASALLRMW,1.185,USD_per_gallon
1996-03-18,GASALLRMW,1.162,USD_per_gallon
1996-03-25,GASALLRMW,1.22,USD_per_gallon
1996-04-01,GASALLRMW,1.214,USD_per_gallon
1996-04-08,GASALLRMW,1.268,USD_per_gallon
1996-04-15,GASALLRMW,1.274,USD_per_gallon
1996-04-22,GASALLRMW,1.279,USD_per_gallon
1996-04-29,GASALLRMW,1.354,USD_per_gallon
1996-05-06,GASALLRMW,1.359,USD_per_gallon
1996-05-13,GASALLRMW,1.341,USD_per_gallon
1996-05-20,GASALLRMW,1.376,USD_per_gallon
1996-05-27,GASALLRMW,1.362,USD_per_gallon
1996-06-03,GASALLRMW,1.333,USD_per_gallon
1996-06-10,GASALLRMW,1.309,USD_per_gallon
1996-06-17,GASALLRMW,1.347,USD_per_gallon
1996-06-24,GASALLRMW,1.319,USD_per_gallon
1996-07-01,GASALLRMW,1.323,USD_per_gallon
1996-07-08,GASALLRMW,1.309,USD_per_gallon
1996-07-15,GASALLRMW,1.28,USD_per_gallon
1996-07-22,GASALLRMW,1.315,USD_per_gallon
1996-07-29,GASALLRMW,1.295,USD_per_gallon
1996-08-05,GASALLRMW,1.284,USD_per_gallon
1996-08-12,GASALLRMW,1.323,USD_per_gallon
1996-08-19,GASALLRMW,1.298,USD_per_gallon
1996-08-26,GASALLRMW,1.324,USD_per_gallon
1996-09-02,GASALLRMW,1.309,USD_per_gallon
1996-09-09,GASALLRMW,1.293,USD_per_gallon
1996-09-16,GASALLRMW,1.328,USD_per_gallon
1996-09-23,GASALLRMW,1.308,USD_per_gallon
1996-09-30,GASALLRMW,1.293,USD_per_gallon
1996-10-07,GASALLRMW,1.321,USD_per_gallon
1996-10-14,GASALLRMW,1.304,USD_per_gallon
1996-10-21,GASALLRMW,1.293,USD_per_gallon
1996-10-28,GASALLRMW,1.321,USD_per_gallon
1996-11-04,GASALLRMW,1.31,USD_per_gallon
1996-11-11,GASALLRMW,1.305,USD_per_gallon
1996-11-18,GASALLRMW,1.338,USD_per_gallon
1996-11-25,GASALLRMW,1.32,USD_per_gallon
1996-12-02,GASALLRMW,1.305,USD_per_gallon
1996-12-09,GASALLRMW,1.287,USD_per_gallon
1996-12-16,GASALLRMW,1.324,USD_per_gallon
1996-12-23,GASALLRMW,1.305,USD_per_gallon
1996-12-30,GASALLRMW,1.286,USD_per_gallon
1997-01-06,GASALLRMW,1.277,USD_per_gallon
1997-01-13,GASALLRMW,1.304,USD_per_gallon
1997-01-20,GASALLRMW,1.292,USD_per_gallon
1997-01-27,GASALLRMW,1.304,USD_per_gallon
1997-02-03,GASALLRMW,1.284,USD_per_gallon
1997-02-10,GASALLRMW,1.304,USD_per_gallon
1997-02-17,GASALLRMW,1.291,USD_per_gallon
1997-02-24,GASALLRMW,1.283,USD_per_gallon
1997-03-03,GASALLRMW,1.304,USD_per_gallon
1997-03-10,GASALLRMW,1.286,USD_per_gallon
1997-03-17,GASALLRMW,1.302,USD_per_gallon
1997-03-24,GASALLRMW,1.276,USD_per_gallon
1997-03-31,GASALLRMW,1.258,USD_per_gallon
1997-04-07,GASALLRMW,1.309,USD_per_gallon
1997-04-14,GASALLRMW,1.299,USD_per_gallon
1997-04-21,GASALLRMW,1.318,USD_per_gallon
1997-04-28,GASALLRMW,1.29,USD_per_gallon
1997-05-05,GASALLRMW,1.266,USD_per_gallon
1997-05-12,GASALLRMW,1.317,USD_per_gallon
1997-05-19,GASALLRMW,1.298,USD_per_gallon
1997-05-26,GASALLRMW,1.276,USD_per_gallon
1997-06-02,GASALLRMW,1.324,USD_per_gallon
1997-06-09,GASALLRMW,1.299,USD_per_gallon
1997-06-16,GASALLRMW,1.273,USD_per_gallon
1997-06-23,GASALLRMW,1.251,USD_per_gallon
1997-06-30,GASALLRMW,1.307,USD_per_gallon
1997-07-07,GASALLRMW,1.295,USD_per_gallon
1997-07-14,GASALLRMW,1.319,USD_per_gallon
1997-07-21,GASALLRMW,1.296,USD_per_gallon
1997-07-28,GASALLRMW,1.273,USD_per_gallon
1997-08-04,GASALLRMW,1.297,USD_per_gallon
1997-08-11,GASALLRMW,1.3,USD_per_gallon
1997-08-18,GASALLRMW,1.327,USD_per_gallon
1997-08-25,GASALLRMW,1.326,USD_per_gallon
1997-09-01,GASALLRMW,1.31,USD_per_gallon
1997-09-08,GASALLRMW,1.35,USD_per_gallon
1997-09-15,GASALLRMW,1.327,USD_per_gallon
1997-09-22,GASALLRMW,1.304,USD_per_gallon
1997-09-29,GASALLRMW,1.29,USD_per_gallon
1997-10-06,GASALLRMW,1.287,USD_per_gallon
1997-10-13,GASALLRMW,1.335,USD_per_gallon
1997-10-20,GASALLRMW,1.317,USD_per_gallon
1997-10-27,GASALLRMW,1.303,USD_per_gallon
1997-11-03,GASALLRMW,1.286,USD_per_gallon
1997-11-10,GASALLRMW,1.331,USD_per_gallon
1997-11-17,GASALLRMW,1.316,USD_per_gallon
1997-11-24,GASALLRMW,1.285,USD_per_gallon
1997-12-01,GASALLRMW,1.265,USD_per_gallon
1997-12-08,GASALLRMW,1.309,USD_per_gallon
1997-12-15,GASALLRMW,1.312,USD_per_gallon
1997-12-22,GASALLRMW,1.29,USD_per_gallon
1997-12-29,GASALLRMW,1.267,USD_per_gallon
1998-01-05,GASALLRMW,1.245,USD_per_gallon
1998-01-12,GASALLRMW,1.223,USD_per_gallon
1998-01-19,GASALLRMW,1.248,USD_per_gallon
1998-01-26,GASALLRMW,1.222,USD_per_gallon
1998-02-02,GASALLRMW,1.191,USD_per_gallon
1998-02-09,GASALLRMW,1.143,USD_per_gallon
1998-02-16,GASALLRMW,1.096,USD_per_gallon
1998-02-23,GASALLRMW,1.14,USD_per_gallon
1998-03-02,GASALLRMW,1.096,USD_per_gallon
1998-03-09,GASALLRMW,1.075,USD_per_gallon
1998-03-16,GASALLRMW,1.058,USD_per_gallon
1998-03-23,GASALLRMW,1.034,USD_per_gallon
1998-03-30,GASALLRMW,1.087,USD_per_gallon
1998-04-06,GASALLRMW,1.077,USD_per_gallon
1998-04-13,GASALLRMW,1.098,USD_per_gallon
1998-04-20,GASALLRMW,1.105,USD_per_gallon
1998-04-27,GASALLRMW,1.101,USD_per_gallon
1998-05-04,GASALLRMW,1.111,USD_per_gallon
1998-05-11,GASALLRMW,1.147,USD_per_gallon
1998-05-18,GASALLRMW,1.172,USD_per_gallon
1998-05-25,GASALLRMW,1.167,USD_per_gallon
1998-06-01,GASALLRMW,1.16,USD_per_gallon
1998-06-08,GASALLRMW,1.213,USD_per_gallon
1998-06-15,GASALLRMW,1.2,USD_per_gallon
1998-06-22,GASALLRMW,1.194,USD_per_gallon
1998-06-29,GASALLRMW,1.172,USD_per_gallon
1998-07-06,GASALLRMW,1.163,USD_per_gallon
1998-07-13,GASALLRMW,1.164,USD_per_gallon
1998-07-20,GASALLRMW,1.166,USD_per_gallon
1998-07-27,GASALLRMW,1.163,USD_per_gallon
1998-08-03,GASALLRMW,1.152,USD_per_gallon
1998-08-10,GASALLRMW,1.146,USD_per_gallon
1998-08-17,GASALLRMW,1.166,USD_per_gallon
1998-08-24,GASALLRMW,1.161,USD_per_gallon
1998-08-31,GASALLRMW,1.151,USD_per_gallon
1998-09-07,GASALLRMW,1.136,USD_per_gallon
1998-09-14,GASALLRMW,1.152,USD_per_gallon
1998-09-21,GASALLRMW,1.149,USD_per_gallon
1998-09-28,GASALLRMW,1.135,USD_per_gallon
1998-10-05,GASALLRMW,1.13,USD_per_gallon
1998-10-12,GASALLRMW,1.148,USD_per_gallon
1998-10-19,GASALLRMW,1.138,USD_per_gallon
1998-10-26,GASALLRMW,1.136,USD_per_gallon
1998-11-02,GASALLRMW,1.128,USD_per_gallon
1998-11-09,GASALLRMW,1.12,USD_per_gallon
1998-11-16,GASALLRMW,1.141,USD_per_gallon
1998-11-23,GASALLRMW,1.125,USD_per_gallon
1998-11-30,GASALLRMW,1.107,USD_per_gallon
1998-12-07,GASALLRMW,1.079,USD_per_gallon
1998-12-14,GASALLRMW,1.042,USD_per_gallon
1998-12-21,GASALLRMW,1.012,USD_per_gallon
1998-12-28,GASALLRMW,0.999,USD_per_gallon
1999-01-04,GASALLRMW,0.994,USD_per_gallon
1999-01-11,GASALLRMW,0.993,USD_per_gallon
1999-01-18,GASALLRMW,1.004,USD_per_gallon
1999-01-25,GASALLRMW,0.998,USD_per_gallon
1999-02-01,GASALLRMW,1.002,USD_per_gallon
1999-02-08,GASALLRMW,0.995,USD_per_gallon
1999-02-15,GASALLRMW,0.999,USD_per_gallon
1999-02-22,GASALLRMW,1.001,USD_per_gallon
1999-03-01,GASALLRMW,1.001,USD_per_gallon
1999-03-08,GASALLRMW,1.006,USD_per_gallon
1999-03-15,GASALLRMW,1.049,USD_per_gallon
1999-03-22,GASALLRMW,1.077,USD_per_gallon
1999-03-29,GASALLRMW,1.159,USD_per_gallon
1999-04-05,GASALLRMW,1.206,USD_per_gallon
1999-04-12,GASALLRMW,1.23,USD_per_gallon
1999-04-19,GASALLRMW,1.237,USD_per_gallon
1999-04-26,GASALLRMW,1.237,USD_per_gallon
1999-05-03,GASALLRMW,1.242,USD_per_gallon
1999-05-10,GASALLRMW,1.264,USD_per_gallon
1999-05-17,GASALLRMW,1.261,USD_per_gallon
1999-05-24,GASALLRMW,1.258,USD_per_gallon
1999-05-31,GASALLRMW,1.246,USD_per_gallon
1999-06-07,GASALLRMW,1.239,USD_per_gallon
1999-06-14,GASALLRMW,1.235,USD_per_gallon
1999-06-21,GASALLRMW,1.238,USD_per_gallon
1999-06-28,GASALLRMW,1.246,USD_per_gallon
1999-07-05,GASALLRMW,1.248,USD_per_gallon
1999-07-12,GASALLRMW,1.246,USD_per_gallon
1999-07-19,GASALLRMW,1.274,USD_per_gallon
1999-07-26,GASALLRMW,1.313,USD_per_gallon
1999-08-02,GASALLRMW,1.324,USD_per_gallon
1999-08-09,GASALLRMW,1.354,USD_per_gallon
1999-08-16,GASALLRMW,1.377,USD_per_gallon
1999-08-23,GASALLRMW,1.399,USD_per_gallon
1999-08-30,GASALLRMW,1.401,USD_per_gallon
1999-09-06,GASALLRMW,1.404,USD_per_gallon
1999-09-13,GASALLRMW,1.406,USD_per_gallon
1999-09-20,GASALLRMW,1.407,USD_per_gallon
1999-09-27,GASALLRMW,1.402,USD_per_gallon
1999-10-04,GASALLRMW,1.398,USD_per_gallon
1999-10-11,GASALLRMW,1.392,USD_per_gallon
1999-10-18,GASALLRMW,1.391,USD_per_gallon
1999-10-25,GASALLRMW,1.38,USD_per_gallon
1999-11-01,GASALLRMW,1.369,USD_per_gallon
1999-11-08,GASALLRMW,1.36,USD_per_gallon
1999-11-15,GASALLRMW,1.359,USD_per_gallon
1999-11-22,GASALLRMW,1.351,USD_per_gallon
1999-11-29,GASALLRMW,1.349,USD_per_gallon
1999-12-06,GASALLRMW,1.361,USD_per_gallon
1999-12-13,GASALLRMW,1.363,USD_per_gallon
1999-12-20,GASALLRMW,1.354,USD_per_gallon
1999-12-27,GASALLRMW,1.347,USD_per_gallon
2000-01-03,GASALLRMW,1.343,USD_per_gallon
2000-01-10,GASALLRMW,1.332,USD_per_gallon
2000-01-17,GASALLRMW,1.324,USD_per_gallon
2000-01-24,GASALLRMW,1.324,USD_per_gallon
2000-01-31,GASALLRMW,1.358,USD_per_gallon
2000-02-07,GASALLRMW,1.358,USD_per_gallon
2000-02-14,GASALLRMW,1.374,USD_per_gallon
2000-02-21,GASALLRMW,1.402,USD_per_gallon
2000-02-28,GASALLRMW,1.425,USD_per_gallon
2000-03-06,GASALLRMW,1.495,USD_per_gallon
2000-03-13,GASALLRMW,1.549,USD_per_gallon
2000-03-20,GASALLRMW,1.584,USD_per_gallon
2000-03-27,GASALLRMW,1.589,USD_per_gallon
2000-04-03,GASALLRMW,1.586,USD_per_gallon
2000-04-10,GASALLRMW,1.576,USD_per_gallon
2000-04-17,GASALLRMW,1.558,USD_per_gallon
2000-04-24,GASALLRMW,1.54,USD_per_gallon
2000-05-01,GASALLRMW,1.519,USD_per_gallon
2000-05-08,GASALLRMW,1.506,USD_per_gallon
2000-05-15,GASALLRMW,1.526,USD_per_gallon
2000-05-22,GASALLRMW,1.545,USD_per_gallon
2000-05-29,GASALLRMW,1.548,USD_per_gallon
2000-06-05,GASALLRMW,1.561,USD_per_gallon
2000-06-12,GASALLRMW,1.584,USD_per_gallon
2000-06-19,GASALLRMW,1.625,USD_per_gallon
2000-06-26,GASALLRMW,1.644,USD_per_gallon
2000-07-03,GASALLRMW,1.642,USD_per_gallon
2000-07-10,GASALLRMW,1.661,USD_per_gallon
2000-07-17,GASALLRMW,1.65,USD_per_gallon
2000-07-24,GASALLRMW,1.631,USD_per_gallon
2000-07-31,GASALLRMW,1.617,USD_per_gallon
2000-08-07,GASALLRMW,1.601,USD_per_gallon
2000-08-14,GASALLRMW,1.587,USD_per_gallon
2000-08-21,GASALLRMW,1.582,USD_per_gallon
2000-08-28,GASALLRMW,1.591,USD_per_gallon
2000-09-04,GASALLRMW,1.592,USD_per_gallon
2000-09-11,GASALLRMW,1.626,USD_per_gallon
2000-09-18,GASALLRMW,1.658,USD_per_gallon
2000-09-25,GASALLRMW,1.66,USD_per_gallon
2000-10-02,GASALLRMW,1.65,USD_per_gallon
2000-10-09,GASALLRMW,1.639,USD_per_gallon
2000-10-16,GASALLRMW,1.64,USD_per_gallon
2000-10-23,GASALLRMW,1.653,USD_per_gallon
2000-10-30,GASALLRMW,1.671,USD_per_gallon
2000-11-06,GASALLRMW,1.659,USD_per_gallon
2000-11-13,GASALLRMW,1.643,USD_per_gallon
2000-11-20,GASALLRMW,1.629,USD_per_gallon
2000-11-27,GASALLRMW,1.611,USD_per_gallon
2000-12-04,GASALLRMW,1.593,USD_per_gallon
2000-12-11,GASALLRMW,1.553,USD_per_gallon
2000-12-18,GASALLRMW,1.517,USD_per_gallon
2000-12-25,GASALLRMW,1.493,USD_per_gallon
2001-01-01,GASALLRMW,1.473,USD_per_gallon
2001-01-08,GASALLRMW,1.47,USD_per_gallon
2001-01-15,GASALLRMW,1.464,USD_per_gallon
2001-01-22,GASALLRMW,1.462,USD_per_gallon
2001-01-29,GASALLRMW,1.462,USD_per_gallon
2001-02-05,GASALLRMW,1.48,USD_per_gallon
2001-02-12,GASALLRMW,1.48,USD_per_gallon
2001-02-19,GASALLRMW,1.474,USD_per_gallon
2001-02-26,GASALLRMW,1.469,USD_per_gallon
2001-03-05,GASALLRMW,1.461,USD_per_gallon
2001-03-12,GASALLRMW,1.476,USD_per_gallon
2001-03-19,GASALLRMW,1.468,USD_per_gallon
2001-03-26,GASALLRMW,1.474,USD_per_gallon
2001-04-02,GASALLRMW,1.497,USD_per_gallon
2001-04-09,GASALLRMW,1.525,USD_per_gallon
2001-04-16,GASALLRMW,1.546,USD_per_gallon
2001-04-23,GASALLRMW,1.589,USD_per_gallon
2001-04-30,GASALLRMW,1.633,USD_per_gallon
2001-05-07,GASALLRMW,1.684,USD_per_gallon
2001-05-14,GASALLRMW,1.697,USD_per_gallon
2001-05-21,GASALLRMW,1.701,USD_per_gallon
2001-05-28,GASALLRMW,1.714,USD_per_gallon
2001-06-04,GASALLRMW,1.716,USD_per_gallon
2001-06-11,GASALLRMW,1.707,USD_per_gallon
2001-06-18,GASALLRMW,1.692,USD_per_gallon
2001-06-25,GASALLRMW,1.657,USD_per_gallon
2001-07-02,GASALLRMW,1.621,USD_per_gallon
2001-07-09,GASALLRMW,1.584,USD_per_gallon
2001-07-16,GASALLRMW,1.543,USD_per_gallon
2001-07-23,GASALLRMW,1.504,USD_per_gallon
2001-07-30,GASALLRMW,1.47,USD_per_gallon
2001-08-06,GASALLRMW,1.44,USD_per_gallon
2001-08-13,GASALLRMW,1.437,USD_per_gallon
2001-08-20,GASALLRMW,1.472,USD_per_gallon
2001-08-27,GASALLRMW,1.533,USD_per_gallon
2001-09-03,GASALLRMW,1.607,USD_per_gallon
2001-09-10,GASALLRMW,1.615,USD_per_gallon
2001-09-17,GASALLRMW,1.615,USD_per_gallon
2001-09-24,GASALLRMW,1.598,USD_per_gallon
2001-10-01,GASALLRMW,1.568,USD_per_gallon
2001-10-08,GASALLRMW,1.538,USD_per_gallon
2001-10-15,GASALLRMW,1.508,USD_per_gallon
2001-10-22,GASALLRMW,1.461,USD_per_gallon
2001-10-29,GASALLRMW,1.415,USD_per_gallon
2001-11-05,GASALLRMW,1.366,USD_per_gallon
2001-11-12,GASALLRMW,1.317,USD_per_gallon
2001-11-19,GASALLRMW,1.277,USD_per_gallon
2001-11-26,GASALLRMW,1.238,USD_per_gallon
2001-12-03,GASALLRMW,1.198,USD_per_gallon
2001-12-10,GASALLRMW,1.168,USD_per_gallon
2001-12-17,GASALLRMW,1.14,USD_per_gallon
2001-12-24,GASALLRMW,1.129,USD_per_gallon
2001-12-31,GASALLRMW,1.129,USD_per_gallon
2002-01-07,GASALLRMW,1.135,USD_per_gallon
2002-01-14,GASALLRMW,1.162,USD_per_gallon
2002-01-21,GASALLRMW,1.168,USD_per_gallon
2002-01-28,GASALLRMW,1.159,USD_per_gallon
2002-02-04,GASALLRMW,1.15,USD_per_gallon
2002-02-11,GASALLRMW,1.145,USD_per_gallon
2002-02-18,GASALLRMW,1.142,USD_per_gallon
2002-02-25,GASALLRMW,1.157,USD_per_gallon
2002-03-04,GASALLRMW,1.159,USD_per_gallon
2002-03-11,GASALLRMW,1.211,USD_per_gallon
2002-03-18,GASALLRMW,1.287,USD_per_gallon
2002-03-25,GASALLRMW,1.356,USD_per_gallon
2002-04-01,GASALLRMW,1.407,USD_per_gallon
2002-04-08,GASALLRMW,1.423,USD_per_gallon
2002-04-15,GASALLRMW,1.432,USD_per_gallon
2002-04-22,GASALLRMW,1.429,USD_per_gallon
2002-04-29,GASALLRMW,1.438,USD_per_gallon
2002-05-06,GASALLRMW,1.432,USD_per_gallon
2002-05-13,GASALLRMW,1.423,USD_per_gallon
2002-05-20,GASALLRMW,1.42,USD_per_gallon
2002-05-27,GASALLRMW,1.431,USD_per_gallon
2002-06-03,GASALLRMW,1.426,USD_per_gallon
2002-06-10,GASALLRMW,1.418,USD_per_gallon
2002-06-17,GASALLRMW,1.409,USD_per_gallon
2002-06-24,GASALLRMW,1.431,USD_per_gallon
2002-07-01,GASALLRMW,1.444,USD_per_gallon
2002-07-08,GASALLRMW,1.446,USD_per_gallon
2002-07-15,GASALLRMW,1.442,USD_per_gallon
2002-07-22,GASALLRMW,1.499,USD_per_gallon
2002-07-29,GASALLRMW,1.507,USD_per_gallon
2002-08-05,GASALLRMW,1.506,USD_per_gallon
2002-08-12,GASALLRMW,1.499,USD_per_gallon
2002-08-19,GASALLRMW,1.492,USD_per_gallon
2002-08-26,GASALLRMW,1.494,USD_per_gallon
2002-09-02,GASALLRMW,1.488,USD_per_gallon
2002-09-09,GASALLRMW,1.486,USD_per_gallon
2002-09-16,GASALLRMW,1.481,USD_per_gallon
2002-09-23,GASALLRMW,1.477,USD_per_gallon
2002-09-30,GASALLRMW,1.482,USD_per_gallon
2002-10-07,GASALLRMW,1.501,USD_per_gallon
2002-10-14,GASALLRMW,1.508,USD_per_gallon
2002-10-21,GASALLRMW,1.507,USD_per_gallon
2002-10-28,GASALLRMW,1.507,USD_per_gallon
2002-11-04,GASALLRMW,1.503,USD_per_gallon
2002-11-11,GASALLRMW,1.496,USD_per_gallon
2002-11-18,GASALLRMW,1.483,USD_per_gallon
2002-11-25,GASALLRMW,1.464,USD_per_gallon
2002-12-02,GASALLRMW,1.451,USD_per_gallon
2002-12-09,GASALLRMW,1.432,USD_per_gallon
2002-12-16,GASALLRMW,1.413,USD_per_gallon
2002-12-23,GASALLRMW,1.421,USD_per_gallon
2002-12-30,GASALLRMW,1.429,USD_per_gallon
2003-01-06,GASALLRMW,1.451,USD_per_gallon
2003-01-13,GASALLRMW,1.453,USD_per_gallon
2003-01-20,GASALLRMW,1.454,USD_per_gallon
2003-01-27,GASALLRMW,1.482,USD_per_gallon
2003-02-03,GASALLRMW,1.526,USD_per_gallon
2003-02-10,GASALLRMW,1.6,USD_per_gallon
2003-02-17,GASALLRMW,1.661,USD_per_gallon
2003-02-24,GASALLRMW,1.668,USD_per_gallon
2003-03-03,GASALLRMW,1.688,USD_per_gallon
2003-03-10,GASALLRMW,1.709,USD_per_gallon
2003-03-17,GASALLRMW,1.721,USD_per_gallon
2003-03-24,GASALLRMW,1.713,USD_per_gallon
2003-03-31,GASALLRMW,1.689,USD_per_gallon
2003-04-07,GASALLRMW,1.67,USD_per_gallon
2003-04-14,GASALLRMW,1.638,USD_per_gallon
2003-04-21,GASALLRMW,1.614,USD_per_gallon
2003-04-28,GASALLRMW,1.596,USD_per_gallon
2003-05-05,GASALLRMW,1.574,USD_per_gallon
2003-05-12,GASALLRMW,1.553,USD_per_gallon
2003-05-19,GASALLRMW,1.549,USD_per_gallon
2003-05-26,GASALLRMW,1.537,USD_per_gallon
2003-06-02,GASALLRMW,1.524,USD_per_gallon
2003-06-09,GASALLRMW,1.52,USD_per_gallon
2003-06-16,GASALLRMW,1.556,USD_per_gallon
2003-06-23,GASALLRMW,1.561,USD_per_gallon
2003-06-30,GASALLRMW,1.56,USD_per_gallon
2003-07-07,GASALLRMW,1.562,USD_per_gallon
2003-07-14,GASALLRMW,1.564,USD_per_gallon
2003-07-21,GASALLRMW,1.585,USD_per_gallon
2003-07-28,GASALLRMW,1.615,USD_per_gallon
2003-08-04,GASALLRMW,1.625,USD_per_gallon
2003-08-11,GASALLRMW,1.666,USD_per_gallon
2003-08-18,GASALLRMW,1.693,USD_per_gallon
2003-08-25,GASALLRMW,1.754,USD_per_gallon
2003-09-01,GASALLRMW,1.792,USD_per_gallon
2003-09-08,GASALLRMW,1.784,USD_per_gallon
2003-09-15,GASALLRMW,1.764,USD_per_gallon
2003-09-22,GASALLRMW,1.723,USD_per_gallon
2003-09-29,GASALLRMW,1.678,USD_per_gallon
2003-10-06,GASALLRMW,1.645,USD_per_gallon
2003-10-13,GASALLRMW,1.618,USD_per_gallon
2003-10-20,GASALLRMW,1.615,USD_per_gallon
2003-10-27,GASALLRMW,1.631,USD_per_gallon
2003-11-03,GASALLRMW,1.618,USD_per_gallon
2003-11-10,GASALLRMW,1.599,USD_per_gallon
2003-11-17,GASALLRMW,1.586,USD_per_gallon
2003-11-24,GASALLRMW,1.577,USD_per_gallon
2003-12-01,GASALLRMW,1.558,USD_per_gallon
2003-12-08,GASALLRMW,1.54,USD_per_gallon
2003-12-15,GASALLRMW,1.526,USD_per_gallon
2003-12-22,GASALLRMW,1.55,USD_per_gallon
2003-12-29,GASALLRMW,1.542,USD_per_gallon
2004-01-05,GASALLRMW,1.536,USD_per_gallon
2004-01-12,GASALLRMW,1.567,USD_per_gallon
2004-01-19,GASALLRMW,1.584,USD_per_gallon
2004-01-26,GASALLRMW,1.612,USD_per_gallon
2004-02-02,GASALLRMW,1.61,USD_per_gallon
2004-02-09,GASALLRMW,1.616,USD_per_gallon
2004-02-16,GASALLRMW,1.632,USD_per_gallon
2004-02-23,GASALLRMW,1.647,USD_per_gallon
2004-03-01,GASALLRMW,1.684,USD_per_gallon
2004-03-08,GASALLRMW,1.752,USD_per_gallon
2004-03-15,GASALLRMW,1.77,USD_per_gallon
2004-03-22,GASALLRMW,1.79,USD_per_gallon
2004-03-29,GASALLRMW,1.82,USD_per_gallon
2004-04-05,GASALLRMW,1.832,USD_per_gallon
2004-04-12,GASALLRMW,1.848,USD_per_gallon
2004-04-19,GASALLRMW,1.901,USD_per_gallon
2004-04-26,GASALLRMW,1.916,USD_per_gallon
2004-05-03,GASALLRMW,1.935,USD_per_gallon
2004-05-10,GASALLRMW,2.009,USD_per_gallon
2004-05-17,GASALLRMW,2.03,USD_per_gallon
2004-05-24,GASALLRMW,2.059,USD_per_gallon
2004-05-31,GASALLRMW,2.057,USD_per_gallon
2004-06-07,GASALLRMW,2.048,USD_per_gallon
2004-06-14,GASALLRMW,2.023,USD_per_gallon
2004-06-21,GASALLRMW,1.988,USD_per_gallon
2004-06-28,GASALLRMW,1.966,USD_per_gallon
2004-07-05,GASALLRMW,1.944,USD_per_gallon
2004-07-12,GASALLRMW,1.947,USD_per_gallon
2004-07-19,GASALLRMW,1.967,USD_per_gallon
2004-07-26,GASALLRMW,1.96,USD_per_gallon
2004-08-02,GASALLRMW,1.948,USD_per_gallon
2004-08-09,GASALLRMW,1.941,USD_per_gallon
2004-08-16,GASALLRMW,1.93,USD_per_gallon
2004-08-23,GASALLRMW,1.94,USD_per_gallon
2004-08-30,GASALLRMW,1.937,USD_per_gallon
2004-09-06,GASALLRMW,1.927,USD_per_gallon
2004-09-13,GASALLRMW,1.917,USD_per_gallon
2004-09-20,GASALLRMW,1.917,USD_per_gallon
2004-09-27,GASALLRMW,1.934,USD_per_gallon
2004-10-04,GASALLRMW,1.96,USD_per_gallon
2004-10-11,GASALLRMW,1.99,USD_per_gallon
2004-10-18,GASALLRMW,2.034,USD_per_gallon
2004-10-25,GASALLRMW,2.048,USD_per_gallon
2004-11-01,GASALLRMW,2.046,USD_per_gallon
2004-11-08,GASALLRMW,2.035,USD_per_gallon
2004-11-15,GASALLRMW,2.011,USD_per_gallon
2004-11-22,GASALLRMW,1.99,USD_per_gallon
2004-11-29,GASALLRMW,1.98,USD_per_gallon
2004-12-06,GASALLRMW,1.96,USD_per_gallon
2004-12-13,GASALLRMW,1.92,USD_per_gallon
2004-12-20,GASALLRMW,1.893,USD_per_gallon
2004-12-27,GASALLRMW,1.863,USD_per_gallon
2005-01-03,GASALLRMW,1.843,USD_per_gallon
2005-01-10,GASALLRMW,1.819,USD_per_gallon
2005-01-17,GASALLRMW,1.819,USD_per_gallon
2005-01-24,GASALLRMW,1.833,USD_per_gallon
2005-01-31,GASALLRMW,1.867,USD_per_gallon
2005-02-07,GASALLRMW,1.891,USD_per_gallon
2005-02-14,GASALLRMW,1.894,USD_per_gallon
2005-02-21,GASALLRMW,1.926,USD_per_gallon
2005-02-28,GASALLRMW,1.949,USD_per_gallon
2005-03-07,GASALLRMW,2.022,USD_per_gallon
2005-03-14,GASALLRMW,2.082,USD_per_gallon
2005-03-21,GASALLRMW,2.114,USD_per_gallon
2005-03-28,GASALLRMW,2.173,USD_per_gallon
2005-04-04,GASALLRMW,2.203,USD_per_gallon
2005-04-11,GASALLRMW,2.3,USD_per_gallon
2005-04-18,GASALLRMW,2.3,USD_per_gallon
2005-04-25,GASALLRMW,2.296,USD_per_gallon
2005-05-02,GASALLRMW,2.308,USD_per_gallon
2005-05-09,GASALLRMW,2.29,USD_per_gallon
2005-05-16,GASALLRMW,2.269,USD_per_gallon
2005-05-23,GASALLRMW,2.242,USD_per_gallon
2005-05-30,GASALLRMW,2.208,USD_per_gallon
2005-06-06,GASALLRMW,2.198,USD_per_gallon
2005-06-13,GASALLRMW,2.201,USD_per_gallon
2005-06-20,GASALLRMW,2.2,USD_per_gallon
2005-06-27,GASALLRMW,2.226,USD_per_gallon
2005-07-04,GASALLRMW,2.256,USD_per_gallon
2005-07-11,GASALLRMW,2.317,USD_per_gallon
2005-07-18,GASALLRMW,2.338,USD_per_gallon
2005-07-25,GASALLRMW,2.328,USD_per_gallon
2005-08-01,GASALLRMW,2.322,USD_per_gallon
2005-08-08,GASALLRMW,2.359,USD_per_gallon
2005-08-15,GASALLRMW,2.481,USD_per_gallon
2005-08-22,GASALLRMW,2.585,USD_per_gallon
2005-08-29,GASALLRMW,2.622,USD_per_gallon
2005-09-05,GASALLRMW,3.016,USD_per_gallon
2005-09-12,GASALLRMW,2.988,USD_per_gallon
2005-09-19,GASALLRMW,2.915,USD_per_gallon
2005-09-26,GASALLRMW,2.897,USD_per_gallon
2005-10-03,GASALLRMW,2.93,USD_per_gallon
2005-10-10,GASALLRMW,2.886,USD_per_gallon
2005-10-17,GASALLRMW,2.826,USD_per_gallon
2005-10-24,GASALLRMW,2.746,USD_per_gallon
2005-10-31,GASALLRMW,2.629,USD_per_gallon
2005-11-07,GASALLRMW,2.506,USD_per_gallon
2005-11-14,GASALLRMW,2.387,USD_per_gallon
2005-11-21,GASALLRMW,2.291,USD_per_gallon
2005-11-28,GASALLRMW,2.221,USD_per_gallon
2005-12-05,GASALLRMW,2.153,USD_per_gallon
2005-12-12,GASALLRMW,2.144,USD_per_gallon
2005-12-19,GASALLRMW,2.158,USD_per_gallon
2005-12-26,GASALLRMW,2.153,USD_per_gallon
2006-01-02,GASALLRMW,2.163,USD_per_gallon
2006-01-09,GASALLRMW,2.24,USD_per_gallon
2006-01-16,GASALLRMW,2.24,USD_per_gallon
2006-01-23,GASALLRMW,2.261,USD_per_gallon
2006-01-30,GASALLRMW,2.279,USD_per_gallon
2006-02-06,GASALLRMW,2.287,USD_per_gallon
2006-02-13,GASALLRMW,2.278,USD_per_gallon
2006-02-20,GASALLRMW,2.261,USD_per_gallon
2006-02-27,GASALLRMW,2.278,USD_per_gallon
2006-03-06,GASALLRMW,2.317,USD_per_gallon
2006-03-13,GASALLRMW,2.344,USD_per_gallon
2006-03-20,GASALLRMW,2.435,USD_per_gallon
2006-03-27,GASALLRMW,2.435,USD_per_gallon
2006-04-03,GASALLRMW,2.46,USD_per_gallon
2006-04-10,GASALLRMW,2.522,USD_per_gallon
2006-04-17,GASALLRMW,2.602,USD_per_gallon
2006-04-24,GASALLRMW,2.749,USD_per_gallon
2006-05-01,GASALLRMW,2.834,USD_per_gallon
2006-05-08,GASALLRMW,2.867,USD_per_gallon
2006-05-15,GASALLRMW,2.883,USD_per_gallon
2006-05-22,GASALLRMW,2.878,USD_per_gallon
2006-05-29,GASALLRMW,2.875,USD_per_gallon
2006-06-05,GASALLRMW,2.87,USD_per_gallon
2006-06-12,GASALLRMW,2.894,USD_per_gallon
2006-06-19,GASALLRMW,2.888,USD_per_gallon
2006-06-26,GASALLRMW,2.875,USD_per_gallon
2006-07-03,GASALLRMW,2.92,USD_per_gallon
2006-07-10,GASALLRMW,2.929,USD_per_gallon
2006-07-17,GASALLRMW,2.934,USD_per_gallon
2006-07-24,GASALLRMW,2.948,USD_per_gallon
2006-07-31,GASALLRMW,2.98,USD_per_gallon
2006-08-07,GASALLRMW,3.038,USD_per_gallon
2006-08-14,GASALLRMW,3.063,USD_per_gallon
2006-08-21,GASALLRMW,3.053,USD_per_gallon
2006-08-28,GASALLRMW,3.031,USD_per_gallon
2006-09-04,GASALLRMW,2.987,USD_per_gallon
2006-09-11,GASALLRMW,2.928,USD_per_gallon
2006-09-18,GASALLRMW,2.839,USD_per_gallon
2006-09-25,GASALLRMW,2.74,USD_per_gallon
2006-10-02,GASALLRMW,2.633,USD_per_gallon
2006-10-09,GASALLRMW,2.538,USD_per_gallon
2006-10-16,GASALLRMW,2.461,USD_per_gallon
2006-10-23,GASALLRMW,2.398,USD_per_gallon
2006-10-30,GASALLRMW,2.354,USD_per_gallon
2006-11-06,GASALLRMW,2.318,USD_per_gallon
2006-11-13,GASALLRMW,2.298,USD_per_gallon
2006-11-20,GASALLRMW,2.284,USD_per_gallon
2006-11-27,GASALLRMW,2.278,USD_per_gallon
2006-12-04,GASALLRMW,2.29,USD_per_gallon
2006-12-11,GASALLRMW,2.29,USD_per_gallon
2006-12-18,GASALLRMW,2.285,USD_per_gallon
2006-12-25,GASALLRMW,2.291,USD_per_gallon
2007-01-01,GASALLRMW,2.289,USD_per_gallon
2007-01-08,GASALLRMW,2.277,USD_per_gallon
2007-01-15,GASALLRMW,2.243,USD_per_gallon
2007-01-22,GASALLRMW,2.203,USD_per_gallon
2007-01-29,GASALLRMW,2.166,USD_per_gallon
2007-02-05,GASALLRMW,2.167,USD_per_gallon
2007-02-12,GASALLRMW,2.184,USD_per_gallon
2007-02-19,GASALLRMW,2.229,USD_per_gallon
2007-02-26,GASALLRMW,2.289,USD_per_gallon
2007-03-05,GASALLRMW,2.396,USD_per_gallon
2007-03-12,GASALLRMW,2.457,USD_per_gallon
2007-03-19,GASALLRMW,2.533,USD_per_gallon
2007-03-26,GASALLRMW,2.58,USD_per_gallon
2007-04-02,GASALLRMW,2.66,USD_per_gallon
2007-04-09,GASALLRMW,2.761,USD_per_gallon
2007-04-16,GASALLRMW,2.845,USD_per_gallon
2007-04-23,GASALLRMW,2.889,USD_per_gallon
2007-04-30,GASALLRMW,3.003,USD_per_gallon
2007-05-07,GASALLRMW,3.138,USD_per_gallon
2007-05-14,GASALLRMW,3.239,USD_per_gallon
2007-05-21,GASALLRMW,3.312,USD_per_gallon
2007-05-28,GASALLRMW,3.324,USD_per_gallon
2007-06-04,GASALLRMW,3.308,USD_per_gallon
2007-06-11,GASALLRMW,3.273,USD_per_gallon
2007-06-18,GASALLRMW,3.229,USD_per_gallon
2007-06-25,GASALLRMW,3.186,USD_per_gallon
2007-07-02,GASALLRMW,3.144,USD_per_gallon
2007-07-09,GASALLRMW,3.111,USD_per_gallon
2007-07-16,GASALLRMW,3.137,USD_per_gallon
2007-07-23,GASALLRMW,3.082,USD_per_gallon
2007-07-30,GASALLRMW,3.028,USD_per_gallon
2007-08-06,GASALLRMW,2.989,USD_per_gallon
2007-08-13,GASALLRMW,2.924,USD_per_gallon
2007-08-20,GASALLRMW,2.885,USD_per_gallon
2007-08-27,GASALLRMW,2.85,USD_per_gallon
2007-09-03,GASALLRMW,2.865,USD_per_gallon
2007-09-10,GASALLRMW,2.88,USD_per_gallon
2007-09-17,GASALLRMW,2.87,USD_per_gallon
2007-09-24,GASALLRMW,2.86,USD_per_gallon
2007-10-01,GASALLRMW,2.854,USD_per_gallon
2007-10-08,GASALLRMW,2.845,USD_per_gallon
2007-10-15,GASALLRMW,2.84,USD_per_gallon
2007-10-22,GASALLRMW,2.891,USD_per_gallon
2007-10-29,GASALLRMW,2.92,USD_per_gallon
2007-11-05,GASALLRMW,3.018,USD_per_gallon
2007-11-12,GASALLRMW,3.108,USD_per_gallon
2007-11-19,GASALLRMW,3.113,USD_per_gallon
2007-11-26,GASALLRMW,3.108,USD_per_gallon
2007-12-03,GASALLRMW,3.1,USD_per_gallon
2007-12-10,GASALLRMW,3.056,USD_per_gallon
2007-12-17,GASALLRMW,3.015,USD_per_gallon
2007-12-24,GASALLRMW,2.976,USD_per_gallon
2007-12-31,GASALLRMW,2.97,USD_per_gallon
2008-01-07,GASALLRMW,2.999,USD_per_gallon
2008-01-14,GASALLRMW,2.997,USD_per_gallon
2008-01-21,GASALLRMW,2.976,USD_per_gallon
2008-01-28,GASALLRMW,2.964,USD_per_gallon
2008-02-04,GASALLRMW,2.989,USD_per_gallon
2008-02-11,GASALLRMW,2.983,USD_per_gallon
2008-02-18,GASALLRMW,3.005,USD_per_gallon
2008-02-25,GASALLRMW,3.096,USD_per_gallon
2008-03-03,GASALLRMW,3.133,USD_per_gallon
2008-03-10,GASALLRMW,3.154,USD_per_gallon
2008-03-17,GASALLRMW,3.225,USD_per_gallon
2008-03-24,GASALLRMW,3.245,USD_per_gallon
2008-03-31,GASALLRMW,3.278,USD_per_gallon
2008-04-07,GASALLRMW,3.312,USD_per_gallon
2008-04-14,GASALLRMW,3.369,USD_per_gallon
2008-04-21,GASALLRMW,3.461,USD_per_gallon
2008-04-28,GASALLRMW,3.523,USD_per_gallon
2008-05-05,GASALLRMW,3.54,USD_per_gallon
2008-05-12,GASALLRMW,3.655,USD_per_gallon
2008-05-19,GASALLRMW,3.733,USD_per_gallon
2008-05-26,GASALLRMW,3.899,USD_per_gallon
2008-06-02,GASALLRMW,3.939,USD_per_gallon
2008-06-09,GASALLRMW,3.988,USD_per_gallon
2008-06-16,GASALLRMW,4.043,USD_per_gallon
2008-06-23,GASALLRMW,4.051,USD_per_gallon
2008-06-30,GASALLRMW,4.082,USD_per_gallon
2008-07-07,GASALLRMW,4.114,USD_per_gallon
2008-07-14,GASALLRMW,4.147,USD_per_gallon
2008-07-21,GASALLRMW,4.155,USD_per_gallon
2008-07-28,GASALLRMW,4.111,USD_per_gallon
2008-08-04,GASALLRMW,4.059,USD_per_gallon
2008-08-11,GASALLRMW,4.005,USD_per_gallon
2008-08-18,GASALLRMW,3.939,USD_per_gallon
2008-08-25,GASALLRMW,3.884,USD_per_gallon
2008-09-01,GASALLRMW,3.861,USD_per_gallon
2008-09-08,GASALLRMW,3.815,USD_per_gallon
2008-09-15,GASALLRMW,3.802,USD_per_gallon
2008-09-22,GASALLRMW,3.699,USD_per_gallon
2008-09-29,GASALLRMW,3.647,USD_per_gallon
2008-10-06,GASALLRMW,3.545,USD_per_gallon
2008-10-13,GASALLRMW,3.32,USD_per_gallon
2008-10-20,GASALLRMW,3.091,USD_per_gallon
2008-10-27,GASALLRMW,2.813,USD_per_gallon
2008-11-03,GASALLRMW,2.532,USD_per_gallon
2008-11-10,GASALLRMW,2.305,USD_per_gallon
2008-11-17,GASALLRMW,2.08,USD_per_gallon
2008-11-24,GASALLRMW,1.893,USD_per_gallon
2008-12-01,GASALLRMW,1.784,USD_per_gallon
2008-12-08,GASALLRMW,1.668,USD_per_gallon
2008-12-15,GASALLRMW,1.603,USD_per_gallon
2008-12-22,GASALLRMW,1.568,USD_per_gallon
2008-12-29,GASALLRMW,1.55,USD_per_gallon
2009-01-05,GASALLRMW,1.54,USD_per_gallon
2009-01-12,GASALLRMW,1.61,USD_per_gallon
2009-01-19,GASALLRMW,1.653,USD_per_gallon
2009-01-26,GASALLRMW,1.689,USD_per_gallon
2009-02-02,GASALLRMW,1.756,USD_per_gallon
2009-02-09,GASALLRMW,1.822,USD_per_gallon
2009-02-16,GASALLRMW,1.862,USD_per_gallon
2009-02-23,GASALLRMW,1.843,USD_per_gallon
2009-03-02,GASALLRMW,1.834,USD_per_gallon
2009-03-09,GASALLRMW,1.856,USD_per_gallon
2009-03-16,GASALLRMW,1.861,USD_per_gallon
2009-03-23,GASALLRMW,1.908,USD_per_gallon
2009-03-30,GASALLRMW,1.979,USD_per_gallon
2009-04-06,GASALLRMW,2.008,USD_per_gallon
2009-04-13,GASALLRMW,2.052,USD_per_gallon
2009-04-20,GASALLRMW,2.094,USD_per_gallon
2009-04-27,GASALLRMW,2.118,USD_per_gallon
2009-05-04,GASALLRMW,2.14,USD_per_gallon
2009-05-11,GASALLRMW,2.226,USD_per_gallon
2009-05-18,GASALLRMW,2.285,USD_per_gallon
2009-05-25,GASALLRMW,2.408,USD_per_gallon
2009-06-01,GASALLRMW,2.466,USD_per_gallon
2009-06-08,GASALLRMW,2.561,USD_per_gallon
2009-06-15,GASALLRMW,2.619,USD_per_gallon
2009-06-22,GASALLRMW,2.65,USD_per_gallon
2009-06-29,GASALLRMW,2.649,USD_per_gallon
2009-07-06,GASALLRMW,2.639,USD_per_gallon
2009-07-13,GASALLRMW,2.613,USD_per_gallon
2009-07-20,GASALLRMW,2.572,USD_per_gallon
2009-07-27,GASALLRMW,2.549,USD_per_gallon
2009-08-03,GASALLRMW,2.554,USD_per_gallon
2009-08-10,GASALLRMW,2.622,USD_per_gallon
2009-08-17,GASALLRMW,2.66,USD_per_gallon
2009-08-24,GASALLRMW,2.665,USD_per_gallon
2009-08-31,GASALLRMW,2.663,USD_per_gallon
2009-09-07,GASALLRMW,2.645,USD_per_gallon
2009-09-14,GASALLRMW,2.636,USD_per_gallon
2009-09-21,GASALLRMW,2.62,USD_per_gallon
2009-09-28,GASALLRMW,2.598,USD_per_gallon
2009-10-05,GASALLRMW,2.553,USD_per_gallon
2009-10-12,GASALLRMW,2.532,USD_per_gallon
2009-10-19,GASALLRMW,2.565,USD_per_gallon
2009-10-26,GASALLRMW,2.626,USD_per_gallon
2009-11-02,GASALLRMW,2.653,USD_per_gallon
2009-11-09,GASALLRMW,2.651,USD_per_gallon
2009-11-16,GASALLRMW,2.649,USD_per_gallon
2009-11-23,GASALLRMW,2.632,USD_per_gallon
2009-11-30,GASALLRMW,2.619,USD_per_gallon
2009-12-07,GASALLRMW,2.606,USD_per_gallon
2009-12-14,GASALLRMW,2.586,USD_per_gallon
2009-12-21,GASALLRMW,2.553,USD_per_gallon
2009-12-28,GASALLRMW,2.547,USD_per_gallon
2010-01-04,GASALLRMW,2.556,USD_per_gallon
2010-01-11,GASALLRMW,2.623,USD_per_gallon
2010-01-18,GASALLRMW,2.664,USD_per_gallon
2010-01-25,GASALLRMW,2.671,USD_per_gallon
2010-02-01,GASALLRMW,2.666,USD_per_gallon
2010-02-08,GASALLRMW,2.671,USD_per_gallon
2010-02-15,GASALLRMW,2.654,USD_per_gallon
2010-02-22,GASALLRMW,2.667,USD_per_gallon
2010-03-01,GASALLRMW,2.681,USD_per_gallon
2010-03-08,GASALLRMW,2.733,USD_per_gallon
2010-03-15,GASALLRMW,2.782,USD_per_gallon
2010-03-22,GASALLRMW,2.819,USD_per_gallon
2010-03-29,GASALLRMW,2.842,USD_per_gallon
2010-04-05,GASALLRMW,2.877,USD_per_gallon
2010-04-12,GASALLRMW,2.915,USD_per_gallon
2010-04-19,GASALLRMW,2.936,USD_per_gallon
2010-04-26,GASALLRMW,2.941,USD_per_gallon
2010-05-03,GASALLRMW,2.948,USD_per_gallon
2010-05-10,GASALLRMW,2.962,USD_per_gallon
2010-05-17,GASALLRMW,2.95,USD_per_gallon
2010-05-24,GASALLRMW,2.908,USD_per_gallon
2010-05-31,GASALLRMW,2.871,USD_per_gallon
2010-06-07,GASALLRMW,2.841,USD_per_gallon
2010-06-14,GASALLRMW,2.819,USD_per_gallon
2010-06-21,GASALLRMW,2.82,USD_per_gallon
2010-06-28,GASALLRMW,2.814,USD_per_gallon
2010-07-05,GASALLRMW,2.802,USD_per_gallon
2010-07-12,GASALLRMW,2.791,USD_per_gallon
2010-07-19,GASALLRMW,2.797,USD_per_gallon
2010-07-26,GASALLRMW,2.797,USD_per_gallon
2010-08-02,GASALLRMW,2.802,USD_per_gallon
2010-08-09,GASALLRMW,2.837,USD_per_gallon
2010-08-16,GASALLRMW,2.85,USD_per_gallon
2010-08-23,GASALLRMW,2.854,USD_per_gallon
2010-08-30,GASALLRMW,2.868,USD_per_gallon
2010-09-06,GASALLRMW,2.87,USD_per_gallon
2010-09-13,GASALLRMW,2.875,USD_per_gallon
2010-09-20,GASALLRMW,2.872,USD_per_gallon
2010-09-27,GASALLRMW,2.853,USD_per_gallon
2010-10-04,GASALLRMW,2.841,USD_per_gallon
2010-10-11,GASALLRMW,2.845,USD_per_gallon
2010-10-18,GASALLRMW,2.849,USD_per_gallon
2010-10-25,GASALLRMW,2.841,USD_per_gallon
2010-11-01,GASALLRMW,2.831,USD_per_gallon
2010-11-08,GASALLRMW,2.831,USD_per_gallon
2010-11-15,GASALLRMW,2.842,USD_per_gallon
2010-11-22,GASALLRMW,2.83,USD_per_gallon
2010-11-29,GASALLRMW,2.812,USD_per_gallon
2010-12-06,GASALLRMW,2.817,USD_per_gallon
2010-12-13,GASALLRMW,2.842,USD_per_gallon
2010-12-20,GASALLRMW,2.846,USD_per_gallon
2010-12-27,GASALLRMW,2.868,USD_per_gallon
2011-01-03,GASALLRMW,2.891,USD_per_gallon
2011-01-10,GASALLRMW,2.903,USD_per_gallon
2011-01-17,GASALLRMW,2.934,USD_per_gallon
2011-01-24,GASALLRMW,2.96,USD_per_gallon
2011-01-31,GASALLRMW,2.974,USD_per_gallon
2011-02-07,GASALLRMW,3.034,USD_per_gallon
2011-02-14,GASALLRMW,3.062,USD_per_gallon
2011-02-21,GASALLRMW,3.12,USD_per_gallon
2011-02-28,GASALLRMW,3.23,USD_per_gallon
2011-03-07,GASALLRMW,3.346,USD_per_gallon
2011-03-14,GASALLRMW,3.407,USD_per_gallon
2011-03-21,GASALLRMW,3.435,USD_per_gallon
2011-03-28,GASALLRMW,3.487,USD_per_gallon
2011-04-04,GASALLRMW,3.547,USD_per_gallon
2011-04-11,GASALLRMW,3.616,USD_per_gallon
2011-04-18,GASALLRMW,3.655,USD_per_gallon
2011-04-25,GASALLRMW,3.683,USD_per_gallon
2011-05-02,GASALLRMW,3.744,USD_per_gallon
2011-05-09,GASALLRMW,3.77,USD_per_gallon
2011-05-16,GASALLRMW,3.802,USD_per_gallon
2011-05-23,GASALLRMW,3.778,USD_per_gallon
2011-05-30,GASALLRMW,3.752,USD_per_gallon
2011-06-06,GASALLRMW,3.732,USD_per_gallon
2011-06-13,GASALLRMW,3.704,USD_per_gallon
2011-06-20,GASALLRMW,3.668,USD_per_gallon
2011-06-27,GASALLRMW,3.613,USD_per_gallon
2011-07-04,GASALLRMW,3.563,USD_per_gallon
2011-07-11,GASALLRMW,3.553,USD_per_gallon
2011-07-18,GASALLRMW,3.563,USD_per_gallon
2011-07-25,GASALLRMW,3.574,USD_per_gallon
2011-08-01,GASALLRMW,3.595,USD_per_gallon
2011-08-08,GASALLRMW,3.606,USD_per_gallon
2011-08-15,GASALLRMW,3.578,USD_per_gallon
2011-08-22,GASALLRMW,3.57,USD_per_gallon
2011-08-29,GASALLRMW,3.58,USD_per_gallon
2011-09-05,GASALLRMW,3.619,USD_per_gallon
2011-09-12,GASALLRMW,3.641,USD_per_gallon
2011-09-19,GASALLRMW,3.648,USD_per_gallon
2011-09-26,GASALLRMW,3.623,USD_per_gallon
2011-10-03,GASALLRMW,3.592,USD_per_gallon
2011-10-10,GASALLRMW,3.567,USD_per_gallon
2011-10-17,GASALLRMW,3.579,USD_per_gallon
2011-10-24,GASALLRMW,3.567,USD_per_gallon
2011-10-31,GASALLRMW,3.538,USD_per_gallon
2011-11-07,GASALLRMW,3.513,USD_per_gallon
2011-11-14,GASALLRMW,3.489,USD_per_gallon
2011-11-21,GASALLRMW,3.445,USD_per_gallon
2011-11-28,GASALLRMW,3.389,USD_per_gallon
2011-12-05,GASALLRMW,3.341,USD_per_gallon
2011-12-12,GASALLRMW,3.282,USD_per_gallon
2011-12-19,GASALLRMW,3.186,USD_per_gallon
2011-12-26,GASALLRMW,3.119,USD_per_gallon
2012-01-02,GASALLRMW,3.08,USD_per_gallon
2012-01-09,GASALLRMW,3.056,USD_per_gallon
2012-01-16,GASALLRMW,3.047,USD_per_gallon
2012-01-23,GASALLRMW,3.058,USD_per_gallon
2012-01-30,GASALLRMW,3.077,USD_per_gallon
2012-02-06,GASALLRMW,3.116,USD_per_gallon
2012-02-13,GASALLRMW,3.119,USD_per_gallon
2012-02-20,GASALLRMW,3.145,USD_per_gallon
2012-02-27,GASALLRMW,3.242,USD_per_gallon
2012-03-05,GASALLRMW,3.38,USD_per_gallon
2012-03-12,GASALLRMW,3.529,USD_per_gallon
2012-03-19,GASALLRMW,3.671,USD_per_gallon
2012-03-26,GASALLRMW,3.734,USD_per_gallon
2012-04-02,GASALLRMW,3.793,USD_per_gallon
2012-04-09,GASALLRMW,3.833,USD_per_gallon
2012-04-16,GASALLRMW,3.845,USD_per_gallon
2012-04-23,GASALLRMW,3.842,USD_per_gallon
2012-04-30,GASALLRMW,3.831,USD_per_gallon
2012-05-07,GASALLRMW,3.809,USD_per_gallon
2012-05-14,GASALLRMW,3.808,USD_per_gallon
2012-05-21,GASALLRMW,3.801,USD_per_gallon
2012-05-28,GASALLRMW,3.788,USD_per_gallon
2012-06-04,GASALLRMW,3.776,USD_per_gallon
2012-06-11,GASALLRMW,3.756,USD_per_gallon
2012-06-18,GASALLRMW,3.737,USD_per_gallon
2012-06-25,GASALLRMW,3.681,USD_per_gallon
2012-07-02,GASALLRMW,3.63,USD_per_gallon
2012-07-09,GASALLRMW,3.595,USD_per_gallon
2012-07-16,GASALLRMW,3.556,USD_per_gallon
2012-07-23,GASALLRMW,3.537,USD_per_gallon
2012-07-30,GASALLRMW,3.512,USD_per_gallon
2012-08-06,GASALLRMW,3.509,USD_per_gallon
2012-08-13,GASALLRMW,3.545,USD_per_gallon
2012-08-20,GASALLRMW,3.582,USD_per_gallon
2012-08-27,GASALLRMW,3.624,USD_per_gallon
2012-09-03,GASALLRMW,3.689,USD_per_gallon
2012-09-10,GASALLRMW,3.749,USD_per_gallon
2012-09-17,GASALLRMW,3.821,USD_per_gallon
2012-09-24,GASALLRMW,3.821,USD_per_gallon
2012-10-01,GASALLRMW,3.815,USD_per_gallon
2012-10-08,GASALLRMW,3.797,USD_per_gallon
2012-10-15,GASALLRMW,3.781,USD_per_gallon
2012-10-22,GASALLRMW,3.755,USD_per_gallon
2012-10-29,GASALLRMW,3.702,USD_per_gallon
2012-11-05,GASALLRMW,3.663,USD_per_gallon
2012-11-12,GASALLRMW,3.612,USD_per_gallon
2012-11-19,GASALLRMW,3.562,USD_per_gallon
2012-11-26,GASALLRMW,3.524,USD_per_gallon
2012-12-03,GASALLRMW,3.456,USD_per_gallon
2012-12-10,GASALLRMW,3.379,USD_per_gallon
2012-12-17,GASALLRMW,3.263,USD_per_gallon
2012-12-24,GASALLRMW,3.147,USD_per_gallon
2012-12-31,GASALLRMW,3.066,USD_per_gallon
2013-01-07,GASALLRMW,2.982,USD_per_gallon
2013-01-14,GASALLRMW,2.914,USD_per_gallon
2013-01-21,GASALLRMW,2.927,USD_per_gallon
2013-01-28,GASALLRMW,3.029,USD_per_gallon
2013-02-04,GASALLRMW,3.192,USD_per_gallon
2013-02-11,GASALLRMW,3.323,USD_per_gallon
2013-02-18,GASALLRMW,3.459,USD_per_gallon
2013-02-25,GASALLRMW,3.521,USD_per_gallon
2013-03-04,GASALLRMW,3.526,USD_per_gallon
2013-03-11,GASALLRMW,3.518,USD_per_gallon
2013-03-18,GASALLRMW,3.518,USD_per_gallon
2013-03-25,GASALLRMW,3.518,USD_per_gallon
2013-04-01,GASALLRMW,3.547,USD_per_gallon
2013-04-08,GASALLRMW,3.576,USD_per_gallon
2013-04-15,GASALLRMW,3.559,USD_per_gallon
2013-04-22,GASALLRMW,3.541,USD_per_gallon
2013-04-29,GASALLRMW,3.535,USD_per_gallon
2013-05-06,GASALLRMW,3.543,USD_per_gallon
2013-05-13,GASALLRMW,3.609,USD_per_gallon
2013-05-20,GASALLRMW,3.72,USD_per_gallon
2013-05-27,GASALLRMW,3.773,USD_per_gallon
2013-06-03,GASALLRMW,3.779,USD_per_gallon
2013-06-10,GASALLRMW,3.771,USD_per_gallon
2013-06-17,GASALLRMW,3.74,USD_per_gallon
2013-06-24,GASALLRMW,3.726,USD_per_gallon
2013-07-01,GASALLRMW,3.696,USD_per_gallon
2013-07-08,GASALLRMW,3.666,USD_per_gallon
2013-07-15,GASALLRMW,3.665,USD_per_gallon
2013-07-22,GASALLRMW,3.669,USD_per_gallon
2013-07-29,GASALLRMW,3.695,USD_per_gallon
2013-08-05,GASALLRMW,3.692,USD_per_gallon
2013-08-12,GASALLRMW,3.699,USD_per_gallon
2013-08-19,GASALLRMW,3.693,USD_per_gallon
2013-08-26,GASALLRMW,3.675,USD_per_gallon
2013-09-02,GASALLRMW,3.678,USD_per_gallon
2013-09-09,GASALLRMW,3.684,USD_per_gallon
2013-09-16,GASALLRMW,3.664,USD_per_gallon
2013-09-23,GASALLRMW,3.639,USD_per_gallon
2013-09-30,GASALLRMW,3.602,USD_per_gallon
2013-10-07,GASALLRMW,3.56,USD_per_gallon
2013-10-14,GASALLRMW,3.512,USD_per_gallon
2013-10-21,GASALLRMW,3.48,USD_per_gallon
2013-10-28,GASALLRMW,3.422,USD_per_gallon
2013-11-04,GASALLRMW,3.361,USD_per_gallon
2013-11-11,GASALLRMW,3.282,USD_per_gallon
2013-11-18,GASALLRMW,3.238,USD_per_gallon
2013-11-25,GASALLRMW,3.202,USD_per_gallon
2013-12-02,GASALLRMW,3.17,USD_per_gallon
2013-12-09,GASALLRMW,3.133,USD_per_gallon
2013-12-16,GASALLRMW,3.111,USD_per_gallon
2013-12-23,GASALLRMW,3.112,USD_per_gallon
2013-12-30,GASALLRMW,3.155,USD_per_gallon
2014-01-06,GASALLRMW,3.175,USD_per_gallon
2014-01-13,GASALLRMW,3.203,USD_per_gallon
2014-01-20,GASALLRMW,3.2,USD_per_gallon
2014-01-27,GASALLRMW,3.189,USD_per_gallon
2014-02-03,GASALLRMW,3.179,USD_per_gallon
2014-02-10,GASALLRMW,3.192,USD_per_gallon
2014-02-17,GASALLRMW,3.294,USD_per_gallon
2014-02-24,GASALLRMW,3.378,USD_per_gallon
2014-03-03,GASALLRMW,3.445,USD_per_gallon
2014-03-10,GASALLRMW,3.491,USD_per_gallon
2014-03-17,GASALLRMW,3.51,USD_per_gallon
2014-03-24,GASALLRMW,3.512,USD_per_gallon
2014-03-31,GASALLRMW,3.505,USD_per_gallon
2014-04-07,GASALLRMW,3.5,USD_per_gallon
2014-04-14,GASALLRMW,3.49,USD_per_gallon
2014-04-21,GASALLRMW,3.499,USD_per_gallon
2014-04-28,GASALLRMW,3.538,USD_per_gallon
2014-05-05,GASALLRMW,3.559,USD_per_gallon
2014-05-12,GASALLRMW,3.57,USD_per_gallon
2014-05-19,GASALLRMW,3.566,USD_per_gallon
2014-05-26,GASALLRMW,3.563,USD_per_gallon
2014-06-02,GASALLRMW,3.563,USD_per_gallon
2014-06-09,GASALLRMW,3.568,USD_per_gallon
2014-06-16,GASALLRMW,3.59,USD_per_gallon
2014-06-23,GASALLRMW,3.665,USD_per_gallon
2014-06-30,GASALLRMW,3.689,USD_per_gallon
2014-07-07,GASALLRMW,3.702,USD_per_gallon
2014-07-14,GASALLRMW,3.704,USD_per_gallon
2014-07-21,GASALLRMW,3.699,USD_per_gallon
2014-07-28,GASALLRMW,3.704,USD_per_gallon
2014-08-04,GASALLRMW,3.701,USD_per_gallon
2014-08-11,GASALLRMW,3.711,USD_per_gallon
2014-08-18,GASALLRMW,3.716,USD_per_gallon
2014-08-25,GASALLRMW,3.708,USD_per_gallon
2014-09-01,GASALLRMW,3.696,USD_per_gallon
2014-09-08,GASALLRMW,3.682,USD_per_gallon
2014-09-15,GASALLRMW,3.65,USD_per_gallon
2014-09-22,GASALLRMW,3.6,USD_per_gallon
2014-09-29,GASALLRMW,3.552,USD_per_gallon
2014-10-06,GASALLRMW,3.491,USD_per_gallon
2014-10-13,GASALLRMW,3.403,USD_per_gallon
2014-10-20,GASALLRMW,3.314,USD_per_gallon
2014-10-27,GASALLRMW,3.26,USD_per_gallon
2014-11-03,GASALLRMW,3.205,USD_per_gallon
2014-11-10,GASALLRMW,3.138,USD_per_gallon
2014-11-17,GASALLRMW,3.073,USD_per_gallon
2014-11-24,GASALLRMW,2.996,USD_per_gallon
2014-12-01,GASALLRMW,2.922,USD_per_gallon
2014-12-08,GASALLRMW,2.804,USD_per_gallon
2014-12-15,GASALLRMW,2.652,USD_per_gallon
2014-12-22,GASALLRMW,2.453,USD_per_gallon
2014-12-29,GASALLRMW,2.296,USD_per_gallon
2015-01-05,GASALLRMW,2.182,USD_per_gallon
2015-01-12,GASALLRMW,2.051,USD_per_gallon
2015-01-19,GASALLRMW,1.972,USD_per_gallon
2015-01-26,GASALLRMW,1.934,USD_per_gallon
2015-02-02,GASALLRMW,1.929,USD_per_gallon
2015-02-09,GASALLRMW,2.008,USD_per_gallon
2015-02-16,GASALLRMW,2.055,USD_per_gallon
2015-02-23,GASALLRMW,2.101,USD_per_gallon
2015-03-02,GASALLRMW,2.184,USD_per_gallon
2015-03-09,GASALLRMW,2.296,USD_per_gallon
2015-03-16,GASALLRMW,2.355,USD_per_gallon
2015-03-23,GASALLRMW,2.372,USD_per_gallon
2015-03-30,GASALLRMW,2.383,USD_per_gallon
2015-04-06,GASALLRMW,2.389,USD_per_gallon
2015-04-13,GASALLRMW,2.421,USD_per_gallon
2015-04-20,GASALLRMW,2.498,USD_per_gallon
2015-04-27,GASALLRMW,2.55,USD_per_gallon
2015-05-04,GASALLRMW,2.639,USD_per_gallon
2015-05-11,GASALLRMW,2.71,USD_per_gallon
2015-05-18,GASALLRMW,2.764,USD_per_gallon
2015-05-25,GASALLRMW,2.805,USD_per_gallon
2015-06-01,GASALLRMW,2.814,USD_per_gallon
2015-06-08,GASALLRMW,2.832,USD_per_gallon
2015-06-15,GASALLRMW,2.86,USD_per_gallon
2015-06-22,GASALLRMW,2.864,USD_per_gallon
2015-06-29,GASALLRMW,2.867,USD_per_gallon
2015-07-06,GASALLRMW,2.882,USD_per_gallon
2015-07-13,GASALLRMW,2.889,USD_per_gallon
2015-07-20,GASALLRMW,2.911,USD_per_gallon
2015-07-27,GASALLRMW,2.925,USD_per_gallon
2015-08-03,GASALLRMW,2.897,USD_per_gallon
2015-08-10,GASALLRMW,2.867,USD_per_gallon
2015-08-17,GASALLRMW,2.905,USD_per_gallon
2015-08-24,GASALLRMW,2.892,USD_per_gallon
2015-08-31,GASALLRMW,2.843,USD_per_gallon
2015-09-07,GASALLRMW,2.809,USD_per_gallon
2015-09-14,GASALLRMW,2.762,USD_per_gallon
2015-09-21,GASALLRMW,2.688,USD_per_gallon
2015-09-28,GASALLRMW,2.621,USD_per_gallon
2015-10-05,GASALLRMW,2.56,USD_per_gallon
2015-10-12,GASALLRMW,2.509,USD_per_gallon
2015-10-19,GASALLRMW,2.441,USD_per_gallon
2015-10-26,GASALLRMW,2.385,USD_per_gallon
2015-11-02,GASALLRMW,2.322,USD_per_gallon
2015-11-09,GASALLRMW,2.264,USD_per_gallon
2015-11-16,GASALLRMW,2.216,USD_per_gallon
2015-11-23,GASALLRMW,2.172,USD_per_gallon
2015-11-30,GASALLRMW,2.132,USD_per_gallon
2015-12-07,GASALLRMW,2.093,USD_per_gallon
2015-12-14,GASALLRMW,2.074,USD_per_gallon
2015-12-21,GASALLRMW,2.075,USD_per_gallon
2015-12-28,GASALLRMW,2.052,USD_per_gallon
2016-01-04,GASALLRMW,2.045,USD_per_gallon
2016-01-11,GASALLRMW,2.028,USD_per_gallon
2016-01-18,GASALLRMW,1.988,USD_per_gallon
2016-01-25,GASALLRMW,1.943,USD_per_gallon
2016-02-01,GASALLRMW,1.886,USD_per_gallon
2016-02-08,GASALLRMW,1.835,USD_per_gallon
2016-02-15,GASALLRMW,1.773,USD_per_gallon
2016-02-22,GASALLRMW,1.754,USD_per_gallon
2016-02-29,GASALLRMW,1.78,USD_per_gallon
2016-03-07,GASALLRMW,1.863,USD_per_gallon
2016-03-14,GASALLRMW,1.946,USD_per_gallon
2016-03-21,GASALLRMW,1.982,USD_per_gallon
2016-03-28,GASALLRMW,2.029,USD_per_gallon
2016-04-04,GASALLRMW,2.049,USD_per_gallon
2016-04-11,GASALLRMW,2.086,USD_per_gallon
2016-04-18,GASALLRMW,2.165,USD_per_gallon
2016-04-25,GASALLRMW,2.204,USD_per_gallon
2016-05-02,GASALLRMW,2.257,USD_per_gallon
2016-05-09,GASALLRMW,2.302,USD_per_gallon
2016-05-16,GASALLRMW,2.33,USD_per_gallon
2016-05-23,GASALLRMW,2.39,USD_per_gallon
2016-05-30,GASALLRMW,2.403,USD_per_gallon
2016-06-06,GASALLRMW,2.401,USD_per_gallon
2016-06-13,GASALLRMW,2.408,USD_per_gallon
2016-06-20,GASALLRMW,2.415,USD_per_gallon
2016-06-27,GASALLRMW,2.403,USD_per_gallon
2016-07-04,GASALLRMW,2.389,USD_per_gallon
2016-07-11,GASALLRMW,2.372,USD_per_gallon
2016-07-18,GASALLRMW,2.361,USD_per_gallon
2016-07-25,GASALLRMW,2.349,USD_per_gallon
2016-08-01,GASALLRMW,2.34,USD_per_gallon
2016-08-08,GASALLRMW,2.314,USD_per_gallon
2016-08-15,GASALLRMW,2.301,USD_per_gallon
2016-08-22,GASALLRMW,2.314,USD_per_gallon
2016-08-29,GASALLRMW,2.347,USD_per_gallon
2016-09-05,GASALLRMW,2.352,USD_per_gallon
2016-09-12,GASALLRMW,2.361,USD_per_gallon
2016-09-19,GASALLRMW,2.353,USD_per_gallon
2016-09-26,GASALLRMW,2.333,USD_per_gallon
2016-10-03,GASALLRMW,2.328,USD_per_gallon
2016-10-10,GASALLRMW,2.328,USD_per_gallon
2016-10-17,GASALLRMW,2.356,USD_per_gallon
2016-10-24,GASALLRMW,2.374,USD_per_gallon
2016-10-31,GASALLRMW,2.383,USD_per_gallon
2016-11-07,GASALLRMW,2.358,USD_per_gallon
2016-11-14,GASALLRMW,2.324,USD_per_gallon
2016-11-21,GASALLRMW,2.276,USD_per_gallon
2016-11-28,GASALLRMW,2.237,USD_per_gallon
2016-12-05,GASALLRMW,2.211,USD_per_gallon
2016-12-12,GASALLRMW,2.21,USD_per_gallon
2016-12-19,GASALLRMW,2.223,USD_per_gallon
2016-12-26,GASALLRMW,2.26,USD_per_gallon
2017-01-02,GASALLRMW,2.32,USD_per_gallon
2017-01-09,GASALLRMW,2.345,USD_per_gallon
2017-01-16,GASALLRMW,2.351,USD_per_gallon
2017-01-23,GASALLRMW,2.344,USD_per_gallon
2017-01-30,GASALLRMW,2.345,USD_per_gallon
2017-02-06,GASALLRMW,2.323,USD_per_gallon
2017-02-13,GASALLRMW,2.32,USD_per_gallon
2017-02-20,GASALLRMW,2.342,USD_per_gallon
2017-02-27,GASALLRMW,2.365,USD_per_gallon
2017-03-06,GASALLRMW,2.378,USD_per_gallon
2017-03-13,GASALLRMW,2.399,USD_per_gallon
2017-03-20,GASALLRMW,2.399,USD_per_gallon
2017-03-27,GASALLRMW,2.397,USD_per_gallon
2017-04-03,GASALLRMW,2.389,USD_per_gallon
2017-04-10,GASALLRMW,2.423,USD_per_gallon
2017-04-17,GASALLRMW,2.464,USD_per_gallon
2017-04-24,GASALLRMW,2.503,USD_per_gallon
2017-05-01,GASALLRMW,2.493,USD_per_gallon
2017-05-08,GASALLRMW,2.482,USD_per_gallon
2017-05-15,GASALLRMW,2.474,USD_per_gallon
2017-05-22,GASALLRMW,2.471,USD_per_gallon
2017-05-29,GASALLRMW,2.512,USD_per_gallon
2017-06-05,GASALLRMW,2.523,USD_per_gallon
2017-06-12,GASALLRMW,2.513,USD_per_gallon
2017-06-19,GASALLRMW,2.508,USD_per_gallon
2017-06-26,GASALLRMW,2.482,USD_per_gallon
2017-07-03,GASALLRMW,2.442,USD_per_gallon
2017-07-10,GASALLRMW,2.437,USD_per_gallon
2017-07-17,GASALLRMW,2.425,USD_per_gallon
2017-07-24,GASALLRMW,2.436,USD_per_gallon
2017-07-31,GASALLRMW,2.437,USD_per_gallon
2017-08-07,GASALLRMW,2.482,USD_per_gallon
2017-08-14,GASALLRMW,2.518,USD_per_gallon
2017-08-21,GASALLRMW,2.546,USD_per_gallon
2017-08-28,GASALLRMW,2.561,USD_per_gallon
2017-09-04,GASALLRMW,2.694,USD_per_gallon
2017-09-11,GASALLRMW,2.704,USD_per_gallon
2017-09-18,GASALLRMW,2.691,USD_per_gallon
2017-09-25,GASALLRMW,2.673,USD_per_gallon
2017-10-02,GASALLRMW,2.659,USD_per_gallon
2017-10-09,GASALLRMW,2.635,USD_per_gallon
2017-10-16,GASALLRMW,2.618,USD_per_gallon
2017-10-23,GASALLRMW,2.62,USD_per_gallon
2017-10-30,GASALLRMW,2.605,USD_per_gallon
2017-11-06,GASALLRMW,2.627,USD_per_gallon
2017-11-13,GASALLRMW,2.631,USD_per_gallon
2017-11-20,GASALLRMW,2.632,USD_per_gallon
2017-11-27,GASALLRMW,2.629,USD_per_gallon
2017-12-04,GASALLRMW,2.627,USD_per_gallon
2017-12-11,GASALLRMW,2.608,USD_per_gallon
2017-12-18,GASALLRMW,2.567,USD_per_gallon
2017-12-25,GASALLRMW,2.542,USD_per_gallon
2018-01-01,GASALLRMW,2.529,USD_per_gallon
2018-01-08,GASALLRMW,2.534,USD_per_gallon
2018-01-15,GASALLRMW,2.549,USD_per_gallon
2018-01-22,GASALLRMW,2.568,USD_per_gallon
2018-01-29,GASALLRMW,2.577,USD_per_gallon
2018-02-05,GASALLRMW,2.589,USD_per_gallon
2018-02-12,GASALLRMW,2.605,USD_per_gallon
2018-02-19,GASALLRMW,2.582,USD_per_gallon
2018-02-26,GASALLRMW,2.549,USD_per_gallon
2018-03-05,GASALLRMW,2.531,USD_per_gallon
2018-03-12,GASALLRMW,2.516,USD_per_gallon
2018-03-19,GASALLRMW,2.536,USD_per_gallon
2018-03-26,GASALLRMW,2.625,USD_per_gallon
2018-04-02,GASALLRMW,2.698,USD_per_gallon
2018-04-09,GASALLRMW,2.741,USD_per_gallon
2018-04-16,GASALLRMW,2.835,USD_per_gallon
2018-04-23,GASALLRMW,2.875,USD_per_gallon
2018-04-30,GASALLRMW,2.909,USD_per_gallon
2018-05-07,GASALLRMW,2.926,USD_per_gallon
2018-05-14,GASALLRMW,3.002,USD_per_gallon
2018-05-21,GASALLRMW,3.052,USD_per_gallon
2018-05-28,GASALLRMW,3.078,USD_per_gallon
2018-06-04,GASALLRMW,3.084,USD_per_gallon
2018-06-11,GASALLRMW,3.079,USD_per_gallon
2018-06-18,GASALLRMW,3.066,USD_per_gallon
2018-06-25,GASALLRMW,3.049,USD_per_gallon
2018-07-02,GASALLRMW,3.054,USD_per_gallon
2018-07-09,GASALLRMW,3.059,USD_per_gallon
2018-07-16,GASALLRMW,3.049,USD_per_gallon
2018-07-23,GASALLRMW,3.027,USD_per_gallon
2018-07-30,GASALLRMW,3.005,USD_per_gallon
2018-08-06,GASALLRMW,3.015,USD_per_gallon
2018-08-13,GASALLRMW,3.031,USD_per_gallon
2018-08-20,GASALLRMW,3.052,USD_per_gallon
2018-08-27,GASALLRMW,3.084,USD_per_gallon
2018-09-03,GASALLRMW,3.098,USD_per_gallon
2018-09-10,GASALLRMW,3.097,USD_per_gallon
2018-09-17,GASALLRMW,3.101,USD_per_gallon
2018-09-24,GASALLRMW,3.101,USD_per_gallon
2018-10-01,GASALLRMW,3.089,USD_per_gallon
2018-10-08,GASALLRMW,3.089,USD_per_gallon
2018-10-15,GASALLRMW,3.072,USD_per_gallon
2018-10-22,GASALLRMW,3.053,USD_per_gallon
2018-10-29,GASALLRMW,3.048,USD_per_gallon
2018-11-05,GASALLRMW,3.023,USD_per_gallon
2018-11-12,GASALLRMW,2.98,USD_per_gallon
2018-11-19,GASALLRMW,2.918,USD_per_gallon
2018-11-26,GASALLRMW,2.886,USD_per_gallon
2018-12-03,GASALLRMW,2.809,USD_per_gallon
2018-12-10,GASALLRMW,2.745,USD_per_gallon
2018-12-17,GASALLRMW,2.667,USD_per_gallon
2018-12-24,GASALLRMW,2.575,USD_per_gallon
2018-12-31,GASALLRMW,2.521,USD_per_gallon
2019-01-07,GASALLRMW,2.466,USD_per_gallon
2019-01-14,GASALLRMW,2.398,USD_per_gallon
2019-01-21,GASALLRMW,2.364,USD_per_gallon
2019-01-28,GASALLRMW,2.323,USD_per_gallon
2019-02-04,GASALLRMW,2.268,USD_per_gallon
2019-02-11,GASALLRMW,2.258,USD_per_gallon
2019-02-18,GASALLRMW,2.274,USD_per_gallon
2019-02-25,GASALLRMW,2.284,USD_per_gallon
2019-03-04,GASALLRMW,2.302,USD_per_gallon
2019-03-11,GASALLRMW,2.343,USD_per_gallon
2019-03-18,GASALLRMW,2.411,USD_per_gallon
2019-03-25,GASALLRMW,2.487,USD_per_gallon
2019-04-01,GASALLRMW,2.558,USD_per_gallon
2019-04-08,GASALLRMW,2.628,USD_per_gallon
2019-04-15,GASALLRMW,2.729,USD_per_gallon
2019-04-22,GASALLRMW,2.847,USD_per_gallon
2019-04-29,GASALLRMW,2.93,USD_per_gallon
2019-05-06,GASALLRMW,3.007,USD_per_gallon
2019-05-13,GASALLRMW,3.052,USD_per_gallon
2019-05-20,GASALLRMW,3.07,USD_per_gallon
2019-05-27,GASALLRMW,3.068,USD_per_gallon
2019-06-03,GASALLRMW,3.07,USD_per_gallon
2019-06-10,GASALLRMW,3.037,USD_per_gallon
2019-06-17,GASALLRMW,2.999,USD_per_gallon
2019-06-24,GASALLRMW,2.957,USD_per_gallon
2019-07-01,GASALLRMW,2.913,USD_per_gallon
2019-07-08,GASALLRMW,2.886,USD_per_gallon
2019-07-15,GASALLRMW,2.86,USD_per_gallon
2019-07-22,GASALLRMW,2.823,USD_per_gallon
2019-07-29,GASALLRMW,2.796,USD_per_gallon
2019-08-05,GASALLRMW,2.787,USD_per_gallon
2019-08-12,GASALLRMW,2.776,USD_per_gallon
2019-08-19,GASALLRMW,2.758,USD_per_gallon
2019-08-26,GASALLRMW,2.738,USD_per_gallon
2019-09-02,GASALLRMW,2.717,USD_per_gallon
2019-09-09,GASALLRMW,2.721,USD_per_gallon
2019-09-16,GASALLRMW,2.743,USD_per_gallon
2019-09-23,GASALLRMW,2.788,USD_per_gallon
2019-09-30,GASALLRMW,2.8,USD_per_gallon
2019-10-07,GASALLRMW,2.803,USD_per_gallon
2019-10-14,GASALLRMW,2.798,USD_per_gallon
2019-10-21,GASALLRMW,2.819,USD_per_gallon
2019-10-28,GASALLRMW,2.828,USD_per_gallon
2019-11-04,GASALLRMW,2.883,USD_per_gallon
2019-11-11,GASALLRMW,2.912,USD_per_gallon
2019-11-18,GASALLRMW,2.926,USD_per_gallon
2019-11-25,GASALLRMW,2.917,USD_per_gallon
2019-12-02,GASALLRMW,2.908,USD_per_gallon
2019-12-09,GASALLRMW,2.885,USD_per_gallon
2019-12-16,GASALLRMW,2.826,USD_per_gallon
2019-12-23,GASALLRMW,2.787,USD_per_gallon
2019-12-30,GASALLRMW,2.759,USD_per_gallon
2020-01-06,GASALLRMW,2.737,USD_per_gallon
2020-01-13,GASALLRMW,2.704,USD_per_gallon
2020-01-20,GASALLRMW,2.67,USD_per_gallon
2020-01-27,GASALLRMW,2.647,USD_per_gallon
2020-02-03,GASALLRMW,2.624,USD_per_gallon
2020-02-10,GASALLRMW,2.605,USD_per_gallon
2020-02-17,GASALLRMW,2.57,USD_per_gallon
2020-02-24,GASALLRMW,2.538,USD_per_gallon
2020-03-02,GASALLRMW,2.516,USD_per_gallon
2020-03-09,GASALLRMW,2.477,USD_per_gallon
2020-03-16,GASALLRMW,2.418,USD_per_gallon
2020-03-23,GASALLRMW,2.334,USD_per_gallon
2020-03-30,GASALLRMW,2.204,USD_per_gallon
2020-04-06,GASALLRMW,2.108,USD_per_gallon
2020-04-13,GASALLRMW,2.021,USD_per_gallon
2020-04-20,GASALLRMW,1.967,USD_per_gallon
2020-04-27,GASALLRMW,1.91,USD_per_gallon
2020-05-04,GASALLRMW,1.873,USD_per_gallon
2020-05-11,GASALLRMW,1.861,USD_per_gallon
2020-05-18,GASALLRMW,1.918,USD_per_gallon
2020-05-25,GASALLRMW,2.09,USD_per_gallon
2020-06-01,GASALLRMW,2.192,USD_per_gallon
2020-06-08,GASALLRMW,2.273,USD_per_gallon
2020-06-15,GASALLRMW,2.33,USD_per_gallon
2020-06-22,GASALLRMW,2.368,USD_per_gallon
2020-06-29,GASALLRMW,2.409,USD_per_gallon
2020-07-06,GASALLRMW,2.423,USD_per_gallon
2020-07-13,GASALLRMW,2.427,USD_per_gallon
2020-07-20,GASALLRMW,2.419,USD_per_gallon
2020-07-27,GASALLRMW,2.426,USD_per_gallon
2020-08-03,GASALLRMW,2.472,USD_per_gallon
2020-08-10,GASALLRMW,2.471,USD_per_gallon
2020-08-17,GASALLRMW,2.446,USD_per_gallon
2020-08-24,GASALLRMW,2.449,USD_per_gallon
2020-08-31,GASALLRMW,2.447,USD_per_gallon
2020-09-07,GASALLRMW,2.447,USD_per_gallon
2020-09-14,GASALLRMW,2.43,USD_per_gallon
2020-09-21,GASALLRMW,2.416,USD_per_gallon
2020-09-28,GASALLRMW,2.398,USD_per_gallon
2020-10-05,GASALLRMW,2.376,USD_per_gallon
2020-10-12,GASALLRMW,2.367,USD_per_gallon
2020-10-19,GASALLRMW,2.359,USD_per_gallon
2020-10-26,GASALLRMW,2.34,USD_per_gallon
2020-11-02,GASALLRMW,2.32,USD_per_gallon
2020-11-09,GASALLRMW,2.304,USD_per_gallon
2020-11-16,GASALLRMW,2.3,USD_per_gallon
2020-11-23,GASALLRMW,2.28,USD_per_gallon
2020-11-30,GASALLRMW,2.282,USD_per_gallon
2020-12-07,GASALLRMW,2.275,USD_per_gallon
2020-12-14,GASALLRMW,2.271,USD_per_gallon
2020-12-21,GASALLRMW,2.292,USD_per_gallon
2020-12-28,GASALLRMW,2.295,USD_per_gallon
2021-01-04,GASALLRMW,2.292,USD_per_gallon
2021-01-11,GASALLRMW,2.315,USD_per_gallon
2021-01-18,GASALLRMW,2.345,USD_per_gallon
2021-01-25,GASALLRMW,2.367,USD_per_gallon
2021-02-01,GASALLRMW,2.387,USD_per_gallon
2021-02-08,GASALLRMW,2.434,USD_per_gallon
2021-02-15,GASALLRMW,2.497,USD_per_gallon
2021-02-22,GASALLRMW,2.544,USD_per_gallon
2021-03-01,GASALLRMW,2.672,USD_per_gallon
2021-03-08,GASALLRMW,2.812,USD_per_gallon
2021-03-15,GASALLRMW,2.945,USD_per_gallon
2021-03-22,GASALLRMW,3.046,USD_per_gallon
2021-03-29,GASALLRMW,3.056,USD_per_gallon
2021-04-05,GASALLRMW,3.057,USD_per_gallon
2021-04-12,GASALLRMW,3.059,USD_per_gallon
2021-04-19,GASALLRMW,3.079,USD_per_gallon
2021-04-26,GASALLRMW,3.099,USD_per_gallon
2021-05-03,GASALLRMW,3.124,USD_per_gallon
2021-05-10,GASALLRMW,3.166,USD_per_gallon
2021-05-17,GASALLRMW,3.234,USD_per_gallon
2021-05-24,GASALLRMW,3.25,USD_per_gallon
2021-05-31,GASALLRMW,3.261,USD_per_gallon
2021-06-07,GASALLRMW,3.297,USD_per_gallon
2021-06-14,GASALLRMW,3.321,USD_per_gallon
2021-06-21,GASALLRMW,3.375,USD_per_gallon
2021-06-28,GASALLRMW,3.462,USD_per_gallon
2021-07-05,GASALLRMW,3.54,USD_per_gallon
2021-07-12,GASALLRMW,3.594,USD_per_gallon
2021-07-19,GASALLRMW,3.666,USD_per_gallon
2021-07-26,GASALLRMW,3.708,USD_per_gallon
2021-08-02,GASALLRMW,3.747,USD_per_gallon
2021-08-09,GASALLRMW,3.784,USD_per_gallon
2021-08-16,GASALLRMW,3.786,USD_per_gallon
2021-08-23,GASALLRMW,3.776,USD_per_gallon
2021-08-30,GASALLRMW,3.762,USD_per_gallon
2021-09-06,GASALLRMW,3.758,USD_per_gallon
2021-09-13,GASALLRMW,3.738,USD_per_gallon
2021-09-20,GASALLRMW,3.71,USD_per_gallon
2021-09-27,GASALLRMW,3.69,USD_per_gallon
2021-10-04,GASALLRMW,3.682,USD_per_gallon
2021-10-11,GASALLRMW,3.674,USD_per_gallon
2021-10-18,GASALLRMW,3.676,USD_per_gallon
2021-10-25,GASALLRMW,3.67,USD_per_gallon
2021-11-01,GASALLRMW,3.669,USD_per_gallon
2021-11-08,GASALLRMW,3.661,USD_per_gallon
2021-11-15,GASALLRMW,3.653,USD_per_gallon
2021-11-22,GASALLRMW,3.636,USD_per_gallon
2021-11-29,GASALLRMW,3.612,USD_per_gallon
2021-12-06,GASALLRMW,3.579,USD_per_gallon
2021-12-13,GASALLRMW,3.543,USD_per_gallon
2021-12-20,GASALLRMW,3.52,USD_per_gallon
2021-12-27,GASALLRMW,3.499,USD_per_gallon
2022-01-03,GASALLRMW,3.476,USD_per_gallon
2022-01-10,GASALLRMW,3.457,USD_per_gallon
2022-01-17,GASALLRMW,3.443,USD_per_gallon
2022-01-24,GASALLRMW,3.44,USD_per_gallon
2022-01-31,GASALLRMW,3.438,USD_per_gallon
2022-02-07,GASALLRMW,3.441,USD_per_gallon
2022-02-14,GASALLRMW,3.437,USD_per_gallon
2022-02-21,GASALLRMW,3.452,USD_per_gallon
2022-02-28,GASALLRMW,3.479,USD_per_gallon
2022-03-07,GASALLRMW,3.933,USD_per_gallon
2022-03-14,GASALLRMW,4.251,USD_per_gallon
2022-03-21,GASALLRMW,4.221,USD_per_gallon
2022-03-28,GASALLRMW,4.277,USD_per_gallon
2022-04-04,GASALLRMW,4.248,USD_per_gallon
2022-04-11,GASALLRMW,4.255,USD_per_gallon
2022-04-18,GASALLRMW,4.259,USD_per_gallon
2022-04-25,GASALLRMW,4.298,USD_per_gallon
2022-05-02,GASALLRMW,4.299,USD_per_gallon
2022-05-09,GASALLRMW,4.339,USD_per_gallon
2022-05-16,GASALLRMW,4.392,USD_per_gallon
2022-05-23,GASALLRMW,4.44,USD_per_gallon
2022-05-30,GASALLRMW,4.555,USD_per_gallon
2022-06-06,GASALLRMW,4.821,USD_per_gallon
2022-06-13,GASALLRMW,5.031,USD_per_gallon
2022-06-20,GASALLRMW,5.103,USD_per_gallon
2022-06-27,GASALLRMW,5.095,USD_per_gallon
2022-07-04,GASALLRMW,5.115,USD_per_gallon
2022-07-11,GASALLRMW,5.062,USD_per_gallon
2022-07-18,GASALLRMW,4.965,USD_per_gallon
2022-07-25,GASALLRMW,4.771,USD_per_gallon
2022-08-01,GASALLRMW,4.624,USD_per_gallon
2022-08-08,GASALLRMW,4.465,USD_per_gallon
2022-08-15,GASALLRMW,4.322,USD_per_gallon
2022-08-22,GASALLRMW,4.262,USD_per_gallon
2022-08-29,GASALLRMW,4.131,USD_per_gallon
2022-09-05,GASALLRMW,4.052,USD_per_gallon
2022-09-12,GASALLRMW,4.001,USD_per_gallon
2022-09-19,GASALLRMW,3.99,USD_per_gallon
2022-09-26,GASALLRMW,4.031,USD_per_gallon
2022-10-03,GASALLRMW,3.985,USD_per_gallon
2022-10-10,GASALLRMW,4.058,USD_per_gallon
2022-10-17,GASALLRMW,4.028,USD_per_gallon
2022-10-24,GASALLRMW,3.957,USD_per_gallon
2022-10-31,GASALLRMW,3.9,USD_per_gallon
2022-11-07,GASALLRMW,3.872,USD_per_gallon
2022-11-14,GASALLRMW,3.823,USD_per_gallon
2022-11-21,GASALLRMW,3.748,USD_per_gallon
2022-11-28,GASALLRMW,3.654,USD_per_gallon
2022-12-05,GASALLRMW,3.519,USD_per_gallon
2022-12-12,GASALLRMW,3.344,USD_per_gallon
2022-12-19,GASALLRMW,3.205,USD_per_gallon
2022-12-26,GASALLRMW,3.122,USD_per_gallon
2023-01-02,GASALLRMW,3.157,USD_per_gallon
2023-01-09,GASALLRMW,3.236,USD_per_gallon
2023-01-16,GASALLRMW,3.413,USD_per_gallon
2023-01-23,GASALLRMW,3.556,USD_per_gallon
2023-01-30,GASALLRMW,3.662,USD_per_gallon
2023-02-06,GASALLRMW,3.812,USD_per_gallon
2023-02-13,GASALLRMW,3.885,USD_per_gallon
2023-02-20,GASALLRMW,3.947,USD_per_gallon
2023-02-27,GASALLRMW,3.904,USD_per_gallon
2023-03-06,GASALLRMW,3.863,USD_per_gallon
2023-03-13,GASALLRMW,3.852,USD_per_gallon
2023-03-20,GASALLRMW,3.752,USD_per_gallon
2023-03-27,GASALLRMW,3.655,USD_per_gallon
2023-04-03,GASALLRMW,3.583,USD_per_gallon
2023-04-10,GASALLRMW,3.555,USD_per_gallon
2023-04-17,GASALLRMW,3.644,USD_per_gallon
2023-04-24,GASALLRMW,3.664,USD_per_gallon
2023-05-01,GASALLRMW,3.649,USD_per_gallon
2023-05-08,GASALLRMW,3.656,USD_per_gallon
2023-05-15,GASALLRMW,3.637,USD_per_gallon
2023-05-22,GASALLRMW,3.699,USD_per_gallon
2023-05-29,GASALLRMW,3.743,USD_per_gallon
2023-06-05,GASALLRMW,3.773,USD_per_gallon
2023-06-12,GASALLRMW,3.824,USD_per_gallon
2023-06-19,GASALLRMW,3.839,USD_per_gallon
2023-06-26,GASALLRMW,3.855,USD_per_gallon
2023-07-03,GASALLRMW,3.913,USD_per_gallon
2023-07-10,GASALLRMW,3.872,USD_per_gallon
2023-07-17,GASALLRMW,3.887,USD_per_gallon
2023-07-24,GASALLRMW,3.875,USD_per_gallon
2023-07-31,GASALLRMW,3.994,USD_per_gallon
2023-08-07,GASALLRMW,4.061,USD_per_gallon
2023-08-14,GASALLRMW,4.072,USD_per_gallon
2023-08-21,GASALLRMW,4.157,USD_per_gallon
2023-08-28,GASALLRMW,4.092,USD_per_gallon
2023-09-04,GASALLRMW,4.117,USD_per_gallon
2023-09-11,GASALLRMW,4.13,USD_per_gallon
2023-09-18,GASALLRMW,4.191,USD_per_gallon
2023-09-25,GASALLRMW,4.112,USD_per_gallon
2023-10-02,GASALLRMW,4.037,USD_per_gallon
2023-10-09,GASALLRMW,3.941,USD_per_gallon
2023-10-16,GASALLRMW,3.823,USD_per_gallon
2023-10-23,GASALLRMW,3.808,USD_per_gallon
2023-10-30,GASALLRMW,3.697,USD_per_gallon
2023-11-06,GASALLRMW,3.573,USD_per_gallon
2023-11-13,GASALLRMW,3.453,USD_per_gallon
2023-11-20,GASALLRMW,3.314,USD_per_gallon
2023-11-27,GASALLRMW,3.223,USD_per_gallon
2023-12-04,GASALLRMW,3.13,USD_per_gallon
2023-12-11,GASALLRMW,3.014,USD_per_gallon
2023-12-18,GASALLRMW,2.923,USD_per_gallon
2023-12-25,GASALLRMW,2.976,USD_per_gallon
2024-01-01,GASALLRMW,2.903,USD_per_gallon
2024-01-08,GASALLRMW,2.881,USD_per_gallon
2024-01-15,GASALLRMW,2.85,USD_per_gallon
2024-01-22,GASALLRMW,2.786,USD_per_gallon
2024-01-29,GASALLRMW,2.848,USD_per_gallon
2024-02-05,GASALLRMW,2.864,USD_per_gallon
2024-02-12,GASALLRMW,2.907,USD_per_gallon
2024-02-19,GASALLRMW,3.048,USD_per_gallon
2024-02-26,GASALLRMW,3.099,USD_per_gallon
2024-03-04,GASALLRMW,3.13,USD_per_gallon
2024-03-11,GASALLRMW,3.192,USD_per_gallon
2024-03-18,GASALLRMW,3.28,USD_per_gallon
2024-03-25,GASALLRMW,3.405,USD_per_gallon
2024-04-01,GASALLRMW,3.466,USD_per_gallon
2024-04-08,GASALLRMW,3.494,USD_per_gallon
2024-04-15,GASALLRMW,3.545,USD_per_gallon
2024-04-22,GASALLRMW,3.571,USD_per_gallon
2024-04-29,GASALLRMW,3.54,USD_per_gallon
2024-05-06,GASALLRMW,3.581,USD_per_gallon
2024-05-13,GASALLRMW,3.52,USD_per_gallon
2024-05-20,GASALLRMW,3.552,USD_per_gallon
2024-05-27,GASALLRMW,3.471,USD_per_gallon
2024-06-03,GASALLRMW,3.48,USD_per_gallon
2024-06-10,GASALLRMW,3.38,USD_per_gallon
2024-06-17,GASALLRMW,3.451,USD_per_gallon
2024-06-24,GASALLRMW,3.413,USD_per_gallon
2024-07-01,GASALLRMW,3.47,USD_per_gallon
2024-07-08,GASALLRMW,3.552,USD_per_gallon
2024-07-15,GASALLRMW,3.504,USD_per_gallon
2024-07-22,GASALLRMW,3.44,USD_per_gallon
2024-07-29,GASALLRMW,3.512,USD_per_gallon
2024-08-05,GASALLRMW,3.553,USD_per_gallon
2024-08-12,GASALLRMW,3.533,USD_per_gallon
2024-08-19,GASALLRMW,3.592,USD_per_gallon
2024-08-26,GASALLRMW,3.474,USD_per_gallon
2024-09-02,GASALLRMW,3.521,USD_per_gallon
2024-09-09,GASALLRMW,3.474,USD_per_gallon
2024-09-16,GASALLRMW,3.523,USD_per_gallon
2024-09-23,GASALLRMW,3.555,USD_per_gallon
2024-09-30,GASALLRMW,3.54,USD_per_gallon
2024-10-07,GASALLRMW,3.388,USD_per_gallon
2024-10-14,GASALLRMW,3.383,USD_per_gallon
2024-10-21,GASALLRMW,3.346,USD_per_gallon
2024-10-28,GASALLRMW,3.324,USD_per_gallon
2024-11-04,GASALLRMW,3.228,USD_per_gallon
2024-11-11,GASALLRMW,3.197,USD_per_gallon
2024-11-18,GASALLRMW,3.042,USD_per_gallon
2024-11-25,GASALLRMW,2.951,USD_per_gallon
2024-12-02,GASALLRMW,2.912,USD_per_gallon
2024-12-09,GASALLRMW,2.91,USD_per_gallon
2024-12-16,GASALLRMW,2.964,USD_per_gallon
2024-12-23,GASALLRMW,3.014,USD_per_gallon
2024-12-30,GASALLRMW,3.007,USD_per_gallon
2025-01-06,GASALLRMW,3.024,USD_per_gallon
2025-01-13,GASALLRMW,3.001,USD_per_gallon
2025-01-20,GASALLRMW,3.034,USD_per_gallon
2025-01-27,GASALLRMW,3.043,USD_per_gallon
2025-02-03,GASALLRMW,3.089,USD_per_gallon
2025-02-10,GASALLRMW,3.143,USD_per_gallon
2025-02-17,GASALLRMW,3.168,USD_per_gallon
2025-02-24,GASALLRMW,3.14,USD_per_gallon
2025-03-03,GASALLRMW,3.083,USD_per_gallon
2025-03-10,GASALLRMW,3.078,USD_per_gallon
2025-03-17,GASALLRMW,3.12,USD_per_gallon
2025-03-24,GASALLRMW,3.165,USD_per_gallon
2025-03-31,GASALLRMW,3.233,USD_per_gallon
2025-04-07,GASALLRMW,3.286,USD_per_gallon
2025-04-14,GASALLRMW,3.218,USD_per_gallon
2025-04-21,GASALLRMW,3.253,USD_per_gallon
2025-04-28,GASALLRMW,3.259,USD_per_gallon
2025-05-05,GASALLRMW,3.24,USD_per_gallon
2025-05-12,GASALLRMW,3.261,USD_per_gallon
2025-05-19,GASALLRMW,3.256,USD_per_gallon
2025-05-26,GASALLRMW,3.244,USD_per_gallon
2025-06-02,GASALLRMW,3.266,USD_per_gallon
2025-06-09,GASALLRMW,3.21,USD_per_gallon
2025-06-16,GASALLRMW,3.239,USD_per_gallon
2025-06-23,GASALLRMW,3.304,USD_per_gallon
2025-06-30,GASALLRMW,3.301,USD_per_gallon
2025-07-07,GASALLRMW,3.26,USD_per_gallon
2025-07-14,GASALLRMW,3.253,USD_per_gallon
2025-07-21,GASALLRMW,3.264,USD_per_gallon
2025-07-28,GASALLRMW,3.248,USD_per_gallon
2025-08-04,GASALLRMW,3.256,USD_per_gallon
2025-08-11,GASALLRMW,3.284,USD_per_gallon
2025-08-18,GASALLRMW,3.29,USD_per_gallon
2025-08-25,GASALLRMW,3.282,USD_per_gallon
2025-09-01,GASALLRMW,3.308,USD_per_gallon
2025-09-08,GASALLRMW,3.369,USD_per_gallon
2025-09-15,GASALLRMW,3.305,USD_per_gallon
2025-09-22,GASALLRMW,3.313,USD_per_gallon
2025-09-29,GASALLRMW,3.239,USD_per_gallon
2025-10-06,GASALLRMW,3.195,USD_per_gallon
2025-10-13,GASALLRMW,3.176,USD_per_gallon
2025-10-20,GASALLRMW,3.125,USD_per_gallon
2025-10-27,GASALLRMW,3.101,USD_per_gallon
2025-11-03,GASALLRMW,3.069,USD_per_gallon
2025-11-10,GASALLRMW,3.037,USD_per_gallon
2025-11-17,GASALLRMW,3.077,USD_per_gallon
2025-11-24,GASALLRMW,3.001,USD_per_gallon
2025-12-01,GASALLRMW,2.909,USD_per_gallon
2025-12-08,GASALLRMW,2.775,USD_per_gallon
2025-12-15,GASALLRMW,2.675,USD_per_gallon
2025-12-22,GASALLRMW,2.62,USD_per_gallon
2025-12-29,GASALLRMW,2.562,USD_per_gallon
2026-01-05,GASALLRMW,2.533,USD_per_gallon
2026-01-12,GASALLRMW,2.551,USD_per_gallon
2026-01-19,GASALLRMW,2.626,USD_per_gallon
2026-01-26,GASALLRMW,2.671,USD_per_gallon
2026-02-02,GASALLRMW,2.701,USD_per_gallon
2026-02-09,GASALLRMW,2.8,USD_per_gallon
2026-02-16,GASALLRMW,2.872,USD_per_gallon
2026-02-23,GASALLRMW,2.796,USD_per_gallon
2026-03-02,GASALLRMW,2.892,USD_per_gallon
2026-03-09,GASALLRMW,3.392,USD_per_gallon
2026-03-16,GASALLRMW,3.772,USD_per_gallon
2026-03-23,GASALLRMW,3.982,USD_per_gallon
2026-03-30,GASALLRMW,4.05,USD_per_gallon
2026-04-06,GASALLRMW,4.025,USD_per_gallon
2026-04-13,GASALLRMW,4.025,USD_per_gallon
2026-04-20,GASALLRMW,4.071,USD_per_gallon
2026-04-27,GASALLRMW,4.147,USD_per_gallon
2026-05-04,GASALLRMW,4.493,USD_per_gallon
1993-04-05,GASALLWCW,1.152,USD_per_gallon
1993-04-12,GASALLWCW,1.154,USD_per_gallon
1993-04-19,GASALLWCW,1.155,USD_per_gallon
1993-04-26,GASALLWCW,1.157,USD_per_gallon
1993-05-03,GASALLWCW,1.161,USD_per_gallon
1993-05-10,GASALLWCW,1.171,USD_per_gallon
1993-05-17,GASALLWCW,1.177,USD_per_gallon
1993-05-24,GASALLWCW,1.178,USD_per_gallon
1993-05-31,GASALLWCW,1.186,USD_per_gallon
1993-06-07,GASALLWCW,1.188,USD_per_gallon
1993-06-14,GASALLWCW,1.188,USD_per_gallon
1993-06-21,GASALLWCW,1.186,USD_per_gallon
1993-06-28,GASALLWCW,1.182,USD_per_gallon
1993-07-05,GASALLWCW,1.181,USD_per_gallon
1993-07-12,GASALLWCW,1.177,USD_per_gallon
1993-07-19,GASALLWCW,1.172,USD_per_gallon
1993-07-26,GASALLWCW,1.168,USD_per_gallon
1993-08-02,GASALLWCW,1.158,USD_per_gallon
1993-08-09,GASALLWCW,1.159,USD_per_gallon
1993-08-16,GASALLWCW,1.154,USD_per_gallon
1993-08-23,GASALLWCW,1.155,USD_per_gallon
1993-08-30,GASALLWCW,1.155,USD_per_gallon
1993-09-06,GASALLWCW,1.154,USD_per_gallon
1993-09-13,GASALLWCW,1.154,USD_per_gallon
1993-09-20,GASALLWCW,1.165,USD_per_gallon
1993-09-27,GASALLWCW,1.171,USD_per_gallon
1993-10-04,GASALLWCW,1.22,USD_per_gallon
1993-10-11,GASALLWCW,1.215,USD_per_gallon
1993-10-18,GASALLWCW,1.209,USD_per_gallon
1993-10-25,GASALLWCW,1.202,USD_per_gallon
1993-11-01,GASALLWCW,1.198,USD_per_gallon
1993-11-08,GASALLWCW,1.186,USD_per_gallon
1993-11-15,GASALLWCW,1.176,USD_per_gallon
1993-11-22,GASALLWCW,1.167,USD_per_gallon
1993-11-29,GASALLWCW,1.158,USD_per_gallon
1993-12-06,GASALLWCW,1.147,USD_per_gallon
1993-12-13,GASALLWCW,1.134,USD_per_gallon
1993-12-20,GASALLWCW,1.122,USD_per_gallon
1993-12-27,GASALLWCW,1.12,USD_per_gallon
1994-01-03,GASALLWCW,1.117,USD_per_gallon
1994-01-10,GASALLWCW,1.111,USD_per_gallon
1994-01-17,GASALLWCW,1.105,USD_per_gallon
1994-01-24,GASALLWCW,1.104,USD_per_gallon
1994-01-31,GASALLWCW,1.104,USD_per_gallon
1994-02-07,GASALLWCW,1.105,USD_per_gallon
1994-02-14,GASALLWCW,1.106,USD_per_gallon
1994-02-21,GASALLWCW,1.11,USD_per_gallon
1994-02-28,GASALLWCW,1.112,USD_per_gallon
1994-03-07,GASALLWCW,1.108,USD_per_gallon
1994-03-14,GASALLWCW,1.109,USD_per_gallon
1994-03-21,GASALLWCW,1.115,USD_per_gallon
1994-03-28,GASALLWCW,1.114,USD_per_gallon
1994-04-04,GASALLWCW,1.115,USD_per_gallon
1994-04-11,GASALLWCW,1.117,USD_per_gallon
1994-04-18,GASALLWCW,1.128,USD_per_gallon
1994-04-25,GASALLWCW,1.133,USD_per_gallon
1994-05-02,GASALLWCW,1.14,USD_per_gallon
1994-05-09,GASALLWCW,1.142,USD_per_gallon
1994-05-16,GASALLWCW,1.146,USD_per_gallon
1994-05-23,GASALLWCW,1.15,USD_per_gallon
1994-05-30,GASALLWCW,1.152,USD_per_gallon
1994-06-06,GASALLWCW,1.163,USD_per_gallon
1994-06-13,GASALLWCW,1.166,USD_per_gallon
1994-06-20,GASALLWCW,1.17,USD_per_gallon
1994-06-27,GASALLWCW,1.179,USD_per_gallon
1994-07-04,GASALLWCW,1.184,USD_per_gallon
1994-07-11,GASALLWCW,1.195,USD_per_gallon
1994-07-18,GASALLWCW,1.199,USD_per_gallon
1994-07-25,GASALLWCW,1.205,USD_per_gallon
1994-08-01,GASALLWCW,1.215,USD_per_gallon
1994-08-08,GASALLWCW,1.223,USD_per_gallon
1994-08-15,GASALLWCW,1.225,USD_per_gallon
1994-08-22,GASALLWCW,1.227,USD_per_gallon
1994-08-29,GASALLWCW,1.227,USD_per_gallon
1994-09-05,GASALLWCW,1.227,USD_per_gallon
1994-09-12,GASALLWCW,1.226,USD_per_gallon
1994-09-19,GASALLWCW,1.225,USD_per_gallon
1994-09-26,GASALLWCW,1.222,USD_per_gallon
1994-10-03,GASALLWCW,1.231,USD_per_gallon
1994-10-10,GASALLWCW,1.231,USD_per_gallon
1994-10-17,GASALLWCW,1.229,USD_per_gallon
1994-10-24,GASALLWCW,1.227,USD_per_gallon
1994-10-31,GASALLWCW,1.228,USD_per_gallon
1994-11-07,GASALLWCW,1.228,USD_per_gallon
1994-11-14,GASALLWCW,1.233,USD_per_gallon
1994-11-21,GASALLWCW,1.229,USD_per_gallon
1994-11-28,GASALLWCW,1.238,USD_per_gallon
1994-12-05,GASALLWCW,1.249,USD_per_gallon
1994-12-12,GASALLWCW,1.257,USD_per_gallon
1994-12-19,GASALLWCW,1.26,USD_per_gallon
1994-12-26,GASALLWCW,1.261,USD_per_gallon
1995-01-02,GASALLWCW,1.268,USD_per_gallon
1995-01-09,GASALLWCW,1.268,USD_per_gallon
1995-01-16,GASALLWCW,1.264,USD_per_gallon
1995-01-23,GASALLWCW,1.258,USD_per_gallon
1995-01-30,GASALLWCW,1.253,USD_per_gallon
1995-02-06,GASALLWCW,1.248,USD_per_gallon
1995-02-13,GASALLWCW,1.245,USD_per_gallon
1995-02-20,GASALLWCW,1.243,USD_per_gallon
1995-02-27,GASALLWCW,1.24,USD_per_gallon
1995-03-06,GASALLWCW,1.237,USD_per_gallon
1995-03-13,GASALLWCW,1.23,USD_per_gallon
1995-03-20,GASALLWCW,1.229,USD_per_gallon
1995-03-27,GASALLWCW,1.223,USD_per_gallon
1995-04-03,GASALLWCW,1.226,USD_per_gallon
1995-04-10,GASALLWCW,1.241,USD_per_gallon
1995-04-17,GASALLWCW,1.245,USD_per_gallon
1995-04-24,GASALLWCW,1.258,USD_per_gallon
1995-05-01,GASALLWCW,1.269,USD_per_gallon
1995-05-08,GASALLWCW,1.28,USD_per_gallon
1995-05-15,GASALLWCW,1.287,USD_per_gallon
1995-05-22,GASALLWCW,1.292,USD_per_gallon
1995-05-29,GASALLWCW,1.295,USD_per_gallon
1995-06-05,GASALLWCW,1.295,USD_per_gallon
1995-06-12,GASALLWCW,1.292,USD_per_gallon
1995-06-19,GASALLWCW,1.291,USD_per_gallon
1995-06-26,GASALLWCW,1.286,USD_per_gallon
1995-07-03,GASALLWCW,1.285,USD_per_gallon
1995-07-10,GASALLWCW,1.281,USD_per_gallon
1995-07-17,GASALLWCW,1.273,USD_per_gallon
1995-07-24,GASALLWCW,1.268,USD_per_gallon
1995-07-31,GASALLWCW,1.259,USD_per_gallon
1995-08-07,GASALLWCW,1.253,USD_per_gallon
1995-08-14,GASALLWCW,1.248,USD_per_gallon
1995-08-21,GASALLWCW,1.245,USD_per_gallon
1995-08-28,GASALLWCW,1.244,USD_per_gallon
1995-09-04,GASALLWCW,1.243,USD_per_gallon
1995-09-11,GASALLWCW,1.236,USD_per_gallon
1995-09-18,GASALLWCW,1.235,USD_per_gallon
1995-09-25,GASALLWCW,1.233,USD_per_gallon
1995-10-02,GASALLWCW,1.241,USD_per_gallon
1995-10-09,GASALLWCW,1.242,USD_per_gallon
1995-10-16,GASALLWCW,1.243,USD_per_gallon
1995-10-23,GASALLWCW,1.242,USD_per_gallon
1995-10-30,GASALLWCW,1.237,USD_per_gallon
1995-11-06,GASALLWCW,1.232,USD_per_gallon
1995-11-13,GASALLWCW,1.23,USD_per_gallon
1995-11-20,GASALLWCW,1.224,USD_per_gallon
1995-11-27,GASALLWCW,1.22,USD_per_gallon
1995-12-04,GASALLWCW,1.217,USD_per_gallon
1995-12-11,GASALLWCW,1.217,USD_per_gallon
1995-12-18,GASALLWCW,1.219,USD_per_gallon
1995-12-25,GASALLWCW,1.223,USD_per_gallon
1996-01-01,GASALLWCW,1.222,USD_per_gallon
1996-01-08,GASALLWCW,1.222,USD_per_gallon
1996-01-15,GASALLWCW,1.227,USD_per_gallon
1996-01-22,GASALLWCW,1.229,USD_per_gallon
1996-01-29,GASALLWCW,1.224,USD_per_gallon
1996-02-05,GASALLWCW,1.221,USD_per_gallon
1996-02-12,GASALLWCW,1.224,USD_per_gallon
1996-02-19,GASALLWCW,1.229,USD_per_gallon
1996-02-26,GASALLWCW,1.237,USD_per_gallon
1996-03-04,GASALLWCW,1.246,USD_per_gallon
1996-03-11,GASALLWCW,1.267,USD_per_gallon
1996-03-18,GASALLWCW,1.282,USD_per_gallon
1996-03-25,GASALLWCW,1.297,USD_per_gallon
1996-04-01,GASALLWCW,1.319,USD_per_gallon
1996-04-08,GASALLWCW,1.351,USD_per_gallon
1996-04-15,GASALLWCW,1.394,USD_per_gallon
1996-04-22,GASALLWCW,1.476,USD_per_gallon
1996-04-29,GASALLWCW,1.525,USD_per_gallon
1996-05-06,GASALLWCW,1.541,USD_per_gallon
1996-05-13,GASALLWCW,1.544,USD_per_gallon
1996-05-20,GASALLWCW,1.54,USD_per_gallon
1996-05-27,GASALLWCW,1.535,USD_per_gallon
1996-06-03,GASALLWCW,1.53,USD_per_gallon
1996-06-10,GASALLWCW,1.521,USD_per_gallon
1996-06-17,GASALLWCW,1.51,USD_per_gallon
1996-06-24,GASALLWCW,1.5,USD_per_gallon
1996-07-01,GASALLWCW,1.488,USD_per_gallon
1996-07-08,GASALLWCW,1.481,USD_per_gallon
1996-07-15,GASALLWCW,1.473,USD_per_gallon
1996-07-22,GASALLWCW,1.463,USD_per_gallon
1996-07-29,GASALLWCW,1.451,USD_per_gallon
1996-08-05,GASALLWCW,1.437,USD_per_gallon
1996-08-12,GASALLWCW,1.424,USD_per_gallon
1996-08-19,GASALLWCW,1.409,USD_per_gallon
1996-08-26,GASALLWCW,1.414,USD_per_gallon
1996-09-02,GASALLWCW,1.383,USD_per_gallon
1996-09-09,GASALLWCW,1.372,USD_per_gallon
1996-09-16,GASALLWCW,1.372,USD_per_gallon
1996-09-23,GASALLWCW,1.369,USD_per_gallon
1996-09-30,GASALLWCW,1.359,USD_per_gallon
1996-10-07,GASALLWCW,1.35,USD_per_gallon
1996-10-14,GASALLWCW,1.34,USD_per_gallon
1996-10-21,GASALLWCW,1.329,USD_per_gallon
1996-10-28,GASALLWCW,1.313,USD_per_gallon
1996-11-04,GASALLWCW,1.3,USD_per_gallon
1996-11-11,GASALLWCW,1.281,USD_per_gallon
1996-11-18,GASALLWCW,1.274,USD_per_gallon
1996-11-25,GASALLWCW,1.268,USD_per_gallon
1996-12-02,GASALLWCW,1.265,USD_per_gallon
1996-12-09,GASALLWCW,1.261,USD_per_gallon
1996-12-16,GASALLWCW,1.262,USD_per_gallon
1996-12-23,GASALLWCW,1.265,USD_per_gallon
1996-12-30,GASALLWCW,1.27,USD_per_gallon
1997-01-06,GASALLWCW,1.282,USD_per_gallon
1997-01-13,GASALLWCW,1.302,USD_per_gallon
1997-01-20,GASALLWCW,1.316,USD_per_gallon
1997-01-27,GASALLWCW,1.321,USD_per_gallon
1997-02-03,GASALLWCW,1.333,USD_per_gallon
1997-02-10,GASALLWCW,1.345,USD_per_gallon
1997-02-17,GASALLWCW,1.347,USD_per_gallon
1997-02-24,GASALLWCW,1.353,USD_per_gallon
1997-03-03,GASALLWCW,1.352,USD_per_gallon
1997-03-10,GASALLWCW,1.362,USD_per_gallon
1997-03-17,GASALLWCW,1.367,USD_per_gallon
1997-03-24,GASALLWCW,1.373,USD_per_gallon
1997-03-31,GASALLWCW,1.391,USD_per_gallon
1997-04-07,GASALLWCW,1.407,USD_per_gallon
1997-04-14,GASALLWCW,1.413,USD_per_gallon
1997-04-21,GASALLWCW,1.412,USD_per_gallon
1997-04-28,GASALLWCW,1.407,USD_per_gallon
1997-05-05,GASALLWCW,1.4,USD_per_gallon
1997-05-12,GASALLWCW,1.396,USD_per_gallon
1997-05-19,GASALLWCW,1.386,USD_per_gallon
1997-05-26,GASALLWCW,1.378,USD_per_gallon
1997-06-02,GASALLWCW,1.372,USD_per_gallon
1997-06-09,GASALLWCW,1.362,USD_per_gallon
1997-06-16,GASALLWCW,1.355,USD_per_gallon
1997-06-23,GASALLWCW,1.344,USD_per_gallon
1997-06-30,GASALLWCW,1.328,USD_per_gallon
1997-07-07,GASALLWCW,1.321,USD_per_gallon
1997-07-14,GASALLWCW,1.315,USD_per_gallon
1997-07-21,GASALLWCW,1.307,USD_per_gallon
1997-07-28,GASALLWCW,1.298,USD_per_gallon
1997-08-04,GASALLWCW,1.313,USD_per_gallon
1997-08-11,GASALLWCW,1.35,USD_per_gallon
1997-08-18,GASALLWCW,1.377,USD_per_gallon
1997-08-25,GASALLWCW,1.407,USD_per_gallon
1997-09-01,GASALLWCW,1.426,USD_per_gallon
1997-09-08,GASALLWCW,1.444,USD_per_gallon
1997-09-15,GASALLWCW,1.458,USD_per_gallon
1997-09-22,GASALLWCW,1.458,USD_per_gallon
1997-09-29,GASALLWCW,1.454,USD_per_gallon
1997-10-06,GASALLWCW,1.453,USD_per_gallon
1997-10-13,GASALLWCW,1.443,USD_per_gallon
1997-10-20,GASALLWCW,1.438,USD_per_gallon
1997-10-27,GASALLWCW,1.431,USD_per_gallon
1997-11-03,GASALLWCW,1.421,USD_per_gallon
1997-11-10,GASALLWCW,1.411,USD_per_gallon
1997-11-17,GASALLWCW,1.401,USD_per_gallon
1997-11-24,GASALLWCW,1.39,USD_per_gallon
1997-12-01,GASALLWCW,1.381,USD_per_gallon
1997-12-08,GASALLWCW,1.367,USD_per_gallon
1997-12-15,GASALLWCW,1.357,USD_per_gallon
1997-12-22,GASALLWCW,1.347,USD_per_gallon
1997-12-29,GASALLWCW,1.34,USD_per_gallon
1998-01-05,GASALLWCW,1.333,USD_per_gallon
1998-01-12,GASALLWCW,1.318,USD_per_gallon
1998-01-19,GASALLWCW,1.296,USD_per_gallon
1998-01-26,GASALLWCW,1.28,USD_per_gallon
1998-02-02,GASALLWCW,1.26,USD_per_gallon
1998-02-09,GASALLWCW,1.236,USD_per_gallon
1998-02-16,GASALLWCW,1.214,USD_per_gallon
1998-02-23,GASALLWCW,1.19,USD_per_gallon
1998-03-02,GASALLWCW,1.157,USD_per_gallon
1998-03-09,GASALLWCW,1.131,USD_per_gallon
1998-03-16,GASALLWCW,1.126,USD_per_gallon
1998-03-23,GASALLWCW,1.12,USD_per_gallon
1998-03-30,GASALLWCW,1.141,USD_per_gallon
1998-04-06,GASALLWCW,1.146,USD_per_gallon
1998-04-13,GASALLWCW,1.165,USD_per_gallon
1998-04-20,GASALLWCW,1.164,USD_per_gallon
1998-04-27,GASALLWCW,1.179,USD_per_gallon
1998-05-04,GASALLWCW,1.228,USD_per_gallon
1998-05-11,GASALLWCW,1.244,USD_per_gallon
1998-05-18,GASALLWCW,1.248,USD_per_gallon
1998-05-25,GASALLWCW,1.251,USD_per_gallon
1998-06-01,GASALLWCW,1.244,USD_per_gallon
1998-06-08,GASALLWCW,1.235,USD_per_gallon
1998-06-15,GASALLWCW,1.233,USD_per_gallon
1998-06-22,GASALLWCW,1.227,USD_per_gallon
1998-06-29,GASALLWCW,1.223,USD_per_gallon
1998-07-06,GASALLWCW,1.219,USD_per_gallon
1998-07-13,GASALLWCW,1.216,USD_per_gallon
1998-07-20,GASALLWCW,1.214,USD_per_gallon
1998-07-27,GASALLWCW,1.211,USD_per_gallon
1998-08-03,GASALLWCW,1.203,USD_per_gallon
1998-08-10,GASALLWCW,1.199,USD_per_gallon
1998-08-17,GASALLWCW,1.196,USD_per_gallon
1998-08-24,GASALLWCW,1.192,USD_per_gallon
1998-08-31,GASALLWCW,1.184,USD_per_gallon
1998-09-07,GASALLWCW,1.179,USD_per_gallon
1998-09-14,GASALLWCW,1.171,USD_per_gallon
1998-09-21,GASALLWCW,1.189,USD_per_gallon
1998-09-28,GASALLWCW,1.187,USD_per_gallon
1998-10-05,GASALLWCW,1.182,USD_per_gallon
1998-10-12,GASALLWCW,1.178,USD_per_gallon
1998-10-19,GASALLWCW,1.174,USD_per_gallon
1998-10-26,GASALLWCW,1.175,USD_per_gallon
1998-11-02,GASALLWCW,1.172,USD_per_gallon
1998-11-09,GASALLWCW,1.169,USD_per_gallon
1998-11-16,GASALLWCW,1.169,USD_per_gallon
1998-11-23,GASALLWCW,1.179,USD_per_gallon
1998-11-30,GASALLWCW,1.175,USD_per_gallon
1998-12-07,GASALLWCW,1.166,USD_per_gallon
1998-12-14,GASALLWCW,1.159,USD_per_gallon
1998-12-21,GASALLWCW,1.157,USD_per_gallon
1998-12-28,GASALLWCW,1.154,USD_per_gallon
1999-01-04,GASALLWCW,1.151,USD_per_gallon
1999-01-11,GASALLWCW,1.146,USD_per_gallon
1999-01-18,GASALLWCW,1.141,USD_per_gallon
1999-01-25,GASALLWCW,1.136,USD_per_gallon
1999-02-01,GASALLWCW,1.127,USD_per_gallon
1999-02-08,GASALLWCW,1.12,USD_per_gallon
1999-02-15,GASALLWCW,1.116,USD_per_gallon
1999-02-22,GASALLWCW,1.12,USD_per_gallon
1999-03-01,GASALLWCW,1.124,USD_per_gallon
1999-03-08,GASALLWCW,1.162,USD_per_gallon
1999-03-15,GASALLWCW,1.193,USD_per_gallon
1999-03-22,GASALLWCW,1.231,USD_per_gallon
1999-03-29,GASALLWCW,1.411,USD_per_gallon
1999-04-05,GASALLWCW,1.531,USD_per_gallon
1999-04-12,GASALLWCW,1.575,USD_per_gallon
1999-04-19,GASALLWCW,1.557,USD_per_gallon
1999-04-26,GASALLWCW,1.537,USD_per_gallon
1999-05-03,GASALLWCW,1.515,USD_per_gallon
1999-05-10,GASALLWCW,1.491,USD_per_gallon
1999-05-17,GASALLWCW,1.469,USD_per_gallon
1999-05-24,GASALLWCW,1.426,USD_per_gallon
1999-05-31,GASALLWCW,1.387,USD_per_gallon
1999-06-07,GASALLWCW,1.365,USD_per_gallon
1999-06-14,GASALLWCW,1.359,USD_per_gallon
1999-06-21,GASALLWCW,1.373,USD_per_gallon
1999-06-28,GASALLWCW,1.372,USD_per_gallon
1999-07-05,GASALLWCW,1.366,USD_per_gallon
1999-07-12,GASALLWCW,1.402,USD_per_gallon
1999-07-19,GASALLWCW,1.461,USD_per_gallon
1999-07-26,GASALLWCW,1.48,USD_per_gallon
1999-08-02,GASALLWCW,1.495,USD_per_gallon
1999-08-09,GASALLWCW,1.52,USD_per_gallon
1999-08-16,GASALLWCW,1.522,USD_per_gallon
1999-08-23,GASALLWCW,1.514,USD_per_gallon
1999-08-30,GASALLWCW,1.502,USD_per_gallon
1999-09-06,GASALLWCW,1.478,USD_per_gallon
1999-09-13,GASALLWCW,1.467,USD_per_gallon
1999-09-20,GASALLWCW,1.447,USD_per_gallon
1999-09-27,GASALLWCW,1.424,USD_per_gallon
1999-10-04,GASALLWCW,1.415,USD_per_gallon
1999-10-11,GASALLWCW,1.421,USD_per_gallon
1999-10-18,GASALLWCW,1.415,USD_per_gallon
1999-10-25,GASALLWCW,1.402,USD_per_gallon
1999-11-01,GASALLWCW,1.387,USD_per_gallon
1999-11-08,GASALLWCW,1.378,USD_per_gallon
1999-11-15,GASALLWCW,1.386,USD_per_gallon
1999-11-22,GASALLWCW,1.4,USD_per_gallon
1999-11-29,GASALLWCW,1.407,USD_per_gallon
1999-12-06,GASALLWCW,1.418,USD_per_gallon
1999-12-13,GASALLWCW,1.413,USD_per_gallon
1999-12-20,GASALLWCW,1.404,USD_per_gallon
1999-12-27,GASALLWCW,1.401,USD_per_gallon
2000-01-03,GASALLWCW,1.399,USD_per_gallon
2000-01-10,GASALLWCW,1.395,USD_per_gallon
2000-01-17,GASALLWCW,1.389,USD_per_gallon
2000-01-24,GASALLWCW,1.393,USD_per_gallon
2000-01-31,GASALLWCW,1.421,USD_per_gallon
2000-02-07,GASALLWCW,1.424,USD_per_gallon
2000-02-14,GASALLWCW,1.435,USD_per_gallon
2000-02-21,GASALLWCW,1.472,USD_per_gallon
2000-02-28,GASALLWCW,1.537,USD_per_gallon
2000-03-06,GASALLWCW,1.629,USD_per_gallon
2000-03-13,GASALLWCW,1.715,USD_per_gallon
2000-03-20,GASALLWCW,1.776,USD_per_gallon
2000-03-27,GASALLWCW,1.779,USD_per_gallon
2000-04-03,GASALLWCW,1.769,USD_per_gallon
2000-04-10,GASALLWCW,1.752,USD_per_gallon
2000-04-17,GASALLWCW,1.731,USD_per_gallon
2000-04-24,GASALLWCW,1.706,USD_per_gallon
2000-05-01,GASALLWCW,1.685,USD_per_gallon
2000-05-08,GASALLWCW,1.67,USD_per_gallon
2000-05-15,GASALLWCW,1.65,USD_per_gallon
2000-05-22,GASALLWCW,1.652,USD_per_gallon
2000-05-29,GASALLWCW,1.645,USD_per_gallon
2000-06-05,GASALLWCW,1.631,USD_per_gallon
2000-06-12,GASALLWCW,1.631,USD_per_gallon
2000-06-19,GASALLWCW,1.632,USD_per_gallon
2000-06-26,GASALLWCW,1.653,USD_per_gallon
2000-07-03,GASALLWCW,1.707,USD_per_gallon
2000-07-10,GASALLWCW,1.726,USD_per_gallon
2000-07-17,GASALLWCW,1.722,USD_per_gallon
2000-07-24,GASALLWCW,1.716,USD_per_gallon
2000-07-31,GASALLWCW,1.696,USD_per_gallon
2000-08-07,GASALLWCW,1.685,USD_per_gallon
2000-08-14,GASALLWCW,1.687,USD_per_gallon
2000-08-21,GASALLWCW,1.689,USD_per_gallon
2000-08-28,GASALLWCW,1.718,USD_per_gallon
2000-09-04,GASALLWCW,1.781,USD_per_gallon
2000-09-11,GASALLWCW,1.825,USD_per_gallon
2000-09-18,GASALLWCW,1.818,USD_per_gallon
2000-09-25,GASALLWCW,1.818,USD_per_gallon
2000-10-02,GASALLWCW,1.82,USD_per_gallon
2000-10-09,GASALLWCW,1.816,USD_per_gallon
2000-10-16,GASALLWCW,1.805,USD_per_gallon
2000-10-23,GASALLWCW,1.796,USD_per_gallon
2000-10-30,GASALLWCW,1.795,USD_per_gallon
2000-11-06,GASALLWCW,1.789,USD_per_gallon
2000-11-13,GASALLWCW,1.776,USD_per_gallon
2000-11-20,GASALLWCW,1.758,USD_per_gallon
2000-11-27,GASALLWCW,1.749,USD_per_gallon
2000-12-04,GASALLWCW,1.732,USD_per_gallon
2000-12-11,GASALLWCW,1.706,USD_per_gallon
2000-12-18,GASALLWCW,1.679,USD_per_gallon
2000-12-25,GASALLWCW,1.664,USD_per_gallon
2001-01-01,GASALLWCW,1.644,USD_per_gallon
2001-01-08,GASALLWCW,1.635,USD_per_gallon
2001-01-15,GASALLWCW,1.613,USD_per_gallon
2001-01-22,GASALLWCW,1.597,USD_per_gallon
2001-01-29,GASALLWCW,1.582,USD_per_gallon
2001-02-05,GASALLWCW,1.598,USD_per_gallon
2001-02-12,GASALLWCW,1.632,USD_per_gallon
2001-02-19,GASALLWCW,1.651,USD_per_gallon
2001-02-26,GASALLWCW,1.654,USD_per_gallon
2001-03-05,GASALLWCW,1.675,USD_per_gallon
2001-03-12,GASALLWCW,1.678,USD_per_gallon
2001-03-19,GASALLWCW,1.675,USD_per_gallon
2001-03-26,GASALLWCW,1.666,USD_per_gallon
2001-04-02,GASALLWCW,1.685,USD_per_gallon
2001-04-09,GASALLWCW,1.709,USD_per_gallon
2001-04-16,GASALLWCW,1.737,USD_per_gallon
2001-04-23,GASALLWCW,1.756,USD_per_gallon
2001-04-30,GASALLWCW,1.784,USD_per_gallon
2001-05-07,GASALLWCW,1.831,USD_per_gallon
2001-05-14,GASALLWCW,1.846,USD_per_gallon
2001-05-21,GASALLWCW,1.849,USD_per_gallon
2001-05-28,GASALLWCW,1.855,USD_per_gallon
2001-06-04,GASALLWCW,1.846,USD_per_gallon
2001-06-11,GASALLWCW,1.876,USD_per_gallon
2001-06-18,GASALLWCW,1.862,USD_per_gallon
2001-06-25,GASALLWCW,1.84,USD_per_gallon
2001-07-02,GASALLWCW,1.806,USD_per_gallon
2001-07-09,GASALLWCW,1.776,USD_per_gallon
2001-07-16,GASALLWCW,1.736,USD_per_gallon
2001-07-23,GASALLWCW,1.692,USD_per_gallon
2001-07-30,GASALLWCW,1.649,USD_per_gallon
2001-08-06,GASALLWCW,1.608,USD_per_gallon
2001-08-13,GASALLWCW,1.572,USD_per_gallon
2001-08-20,GASALLWCW,1.548,USD_per_gallon
2001-08-27,GASALLWCW,1.565,USD_per_gallon
2001-09-03,GASALLWCW,1.665,USD_per_gallon
2001-09-10,GASALLWCW,1.699,USD_per_gallon
2001-09-17,GASALLWCW,1.706,USD_per_gallon
2001-09-24,GASALLWCW,1.693,USD_per_gallon
2001-10-01,GASALLWCW,1.658,USD_per_gallon
2001-10-08,GASALLWCW,1.622,USD_per_gallon
2001-10-15,GASALLWCW,1.588,USD_per_gallon
2001-10-22,GASALLWCW,1.549,USD_per_gallon
2001-10-29,GASALLWCW,1.516,USD_per_gallon
2001-11-05,GASALLWCW,1.476,USD_per_gallon
2001-11-12,GASALLWCW,1.435,USD_per_gallon
2001-11-19,GASALLWCW,1.391,USD_per_gallon
2001-11-26,GASALLWCW,1.349,USD_per_gallon
2001-12-03,GASALLWCW,1.3,USD_per_gallon
2001-12-10,GASALLWCW,1.255,USD_per_gallon
2001-12-17,GASALLWCW,1.207,USD_per_gallon
2001-12-24,GASALLWCW,1.18,USD_per_gallon
2001-12-31,GASALLWCW,1.174,USD_per_gallon
2002-01-07,GASALLWCW,1.194,USD_per_gallon
2002-01-14,GASALLWCW,1.228,USD_per_gallon
2002-01-21,GASALLWCW,1.242,USD_per_gallon
2002-01-28,GASALLWCW,1.255,USD_per_gallon
2002-02-04,GASALLWCW,1.271,USD_per_gallon
2002-02-11,GASALLWCW,1.272,USD_per_gallon
2002-02-18,GASALLWCW,1.29,USD_per_gallon
2002-02-25,GASALLWCW,1.301,USD_per_gallon
2002-03-04,GASALLWCW,1.323,USD_per_gallon
2002-03-11,GASALLWCW,1.417,USD_per_gallon
2002-03-18,GASALLWCW,1.465,USD_per_gallon
2002-03-25,GASALLWCW,1.523,USD_per_gallon
2002-04-01,GASALLWCW,1.558,USD_per_gallon
2002-04-08,GASALLWCW,1.587,USD_per_gallon
2002-04-15,GASALLWCW,1.59,USD_per_gallon
2002-04-22,GASALLWCW,1.588,USD_per_gallon
2002-04-29,GASALLWCW,1.584,USD_per_gallon
2002-05-06,GASALLWCW,1.574,USD_per_gallon
2002-05-13,GASALLWCW,1.562,USD_per_gallon
2002-05-20,GASALLWCW,1.552,USD_per_gallon
2002-05-27,GASALLWCW,1.552,USD_per_gallon
2002-06-03,GASALLWCW,1.559,USD_per_gallon
2002-06-10,GASALLWCW,1.558,USD_per_gallon
2002-06-17,GASALLWCW,1.59,USD_per_gallon
2002-06-24,GASALLWCW,1.607,USD_per_gallon
2002-07-01,GASALLWCW,1.606,USD_per_gallon
2002-07-08,GASALLWCW,1.603,USD_per_gallon
2002-07-15,GASALLWCW,1.596,USD_per_gallon
2002-07-22,GASALLWCW,1.588,USD_per_gallon
2002-07-29,GASALLWCW,1.579,USD_per_gallon
2002-08-05,GASALLWCW,1.589,USD_per_gallon
2002-08-12,GASALLWCW,1.584,USD_per_gallon
2002-08-19,GASALLWCW,1.578,USD_per_gallon
2002-08-26,GASALLWCW,1.584,USD_per_gallon
2002-09-02,GASALLWCW,1.587,USD_per_gallon
2002-09-09,GASALLWCW,1.579,USD_per_gallon
2002-09-16,GASALLWCW,1.572,USD_per_gallon
2002-09-23,GASALLWCW,1.562,USD_per_gallon
2002-09-30,GASALLWCW,1.554,USD_per_gallon
2002-10-07,GASALLWCW,1.542,USD_per_gallon
2002-10-14,GASALLWCW,1.53,USD_per_gallon
2002-10-21,GASALLWCW,1.522,USD_per_gallon
2002-10-28,GASALLWCW,1.518,USD_per_gallon
2002-11-04,GASALLWCW,1.547,USD_per_gallon
2002-11-11,GASALLWCW,1.569,USD_per_gallon
2002-11-18,GASALLWCW,1.565,USD_per_gallon
2002-11-25,GASALLWCW,1.551,USD_per_gallon
2002-12-02,GASALLWCW,1.545,USD_per_gallon
2002-12-09,GASALLWCW,1.528,USD_per_gallon
2002-12-16,GASALLWCW,1.513,USD_per_gallon
2002-12-23,GASALLWCW,1.508,USD_per_gallon
2002-12-30,GASALLWCW,1.519,USD_per_gallon
2003-01-06,GASALLWCW,1.55,USD_per_gallon
2003-01-13,GASALLWCW,1.567,USD_per_gallon
2003-01-20,GASALLWCW,1.598,USD_per_gallon
2003-01-27,GASALLWCW,1.618,USD_per_gallon
2003-02-03,GASALLWCW,1.658,USD_per_gallon
2003-02-10,GASALLWCW,1.728,USD_per_gallon
2003-02-17,GASALLWCW,1.833,USD_per_gallon
2003-02-24,GASALLWCW,1.894,USD_per_gallon
2003-03-03,GASALLWCW,1.979,USD_per_gallon
2003-03-10,GASALLWCW,2.04,USD_per_gallon
2003-03-17,GASALLWCW,2.089,USD_per_gallon
2003-03-24,GASALLWCW,2.087,USD_per_gallon
2003-03-31,GASALLWCW,2.071,USD_per_gallon
2003-04-07,GASALLWCW,2.053,USD_per_gallon
2003-04-14,GASALLWCW,2.018,USD_per_gallon
2003-04-21,GASALLWCW,1.962,USD_per_gallon
2003-04-28,GASALLWCW,1.931,USD_per_gallon
2003-05-05,GASALLWCW,1.887,USD_per_gallon
2003-05-12,GASALLWCW,1.834,USD_per_gallon
2003-05-19,GASALLWCW,1.785,USD_per_gallon
2003-05-26,GASALLWCW,1.747,USD_per_gallon
2003-06-02,GASALLWCW,1.725,USD_per_gallon
2003-06-09,GASALLWCW,1.703,USD_per_gallon
2003-06-16,GASALLWCW,1.784,USD_per_gallon
2003-06-23,GASALLWCW,1.797,USD_per_gallon
2003-06-30,GASALLWCW,1.791,USD_per_gallon
2003-07-07,GASALLWCW,1.782,USD_per_gallon
2003-07-14,GASALLWCW,1.759,USD_per_gallon
2003-07-21,GASALLWCW,1.733,USD_per_gallon
2003-07-28,GASALLWCW,1.717,USD_per_gallon
2003-08-04,GASALLWCW,1.717,USD_per_gallon
2003-08-11,GASALLWCW,1.758,USD_per_gallon
2003-08-18,GASALLWCW,1.93,USD_per_gallon
2003-08-25,GASALLWCW,2.096,USD_per_gallon
2003-09-01,GASALLWCW,2.092,USD_per_gallon
2003-09-08,GASALLWCW,2.074,USD_per_gallon
2003-09-15,GASALLWCW,2.025,USD_per_gallon
2003-09-22,GASALLWCW,1.965,USD_per_gallon
2003-09-29,GASALLWCW,1.907,USD_per_gallon
2003-10-06,GASALLWCW,1.855,USD_per_gallon
2003-10-13,GASALLWCW,1.811,USD_per_gallon
2003-10-20,GASALLWCW,1.777,USD_per_gallon
2003-10-27,GASALLWCW,1.748,USD_per_gallon
2003-11-03,GASALLWCW,1.729,USD_per_gallon
2003-11-10,GASALLWCW,1.709,USD_per_gallon
2003-11-17,GASALLWCW,1.707,USD_per_gallon
2003-11-24,GASALLWCW,1.714,USD_per_gallon
2003-12-01,GASALLWCW,1.702,USD_per_gallon
2003-12-08,GASALLWCW,1.676,USD_per_gallon
2003-12-15,GASALLWCW,1.651,USD_per_gallon
2003-12-22,GASALLWCW,1.64,USD_per_gallon
2003-12-29,GASALLWCW,1.626,USD_per_gallon
2004-01-05,GASALLWCW,1.645,USD_per_gallon
2004-01-12,GASALLWCW,1.691,USD_per_gallon
2004-01-19,GASALLWCW,1.718,USD_per_gallon
2004-01-26,GASALLWCW,1.749,USD_per_gallon
2004-02-02,GASALLWCW,1.771,USD_per_gallon
2004-02-09,GASALLWCW,1.823,USD_per_gallon
2004-02-16,GASALLWCW,1.859,USD_per_gallon
2004-02-23,GASALLWCW,1.996,USD_per_gallon
2004-03-01,GASALLWCW,2.07,USD_per_gallon
2004-03-08,GASALLWCW,2.076,USD_per_gallon
2004-03-15,GASALLWCW,2.064,USD_per_gallon
2004-03-22,GASALLWCW,2.053,USD_per_gallon
2004-03-29,GASALLWCW,2.051,USD_per_gallon
2004-04-05,GASALLWCW,2.097,USD_per_gallon
2004-04-12,GASALLWCW,2.127,USD_per_gallon
2004-04-19,GASALLWCW,2.134,USD_per_gallon
2004-04-26,GASALLWCW,2.124,USD_per_gallon
2004-05-03,GASALLWCW,2.129,USD_per_gallon
2004-05-10,GASALLWCW,2.245,USD_per_gallon
2004-05-17,GASALLWCW,2.288,USD_per_gallon
2004-05-24,GASALLWCW,2.334,USD_per_gallon
2004-05-31,GASALLWCW,2.336,USD_per_gallon
2004-06-07,GASALLWCW,2.322,USD_per_gallon
2004-06-14,GASALLWCW,2.289,USD_per_gallon
2004-06-21,GASALLWCW,2.247,USD_per_gallon
2004-06-28,GASALLWCW,2.221,USD_per_gallon
2004-07-05,GASALLWCW,2.183,USD_per_gallon
2004-07-12,GASALLWCW,2.172,USD_per_gallon
2004-07-19,GASALLWCW,2.162,USD_per_gallon
2004-07-26,GASALLWCW,2.139,USD_per_gallon
2004-08-02,GASALLWCW,2.109,USD_per_gallon
2004-08-09,GASALLWCW,2.083,USD_per_gallon
2004-08-16,GASALLWCW,2.056,USD_per_gallon
2004-08-23,GASALLWCW,2.066,USD_per_gallon
2004-08-30,GASALLWCW,2.106,USD_per_gallon
2004-09-06,GASALLWCW,2.086,USD_per_gallon
2004-09-13,GASALLWCW,2.07,USD_per_gallon
2004-09-20,GASALLWCW,2.079,USD_per_gallon
2004-09-27,GASALLWCW,2.111,USD_per_gallon
2004-10-04,GASALLWCW,2.192,USD_per_gallon
2004-10-11,GASALLWCW,2.288,USD_per_gallon
2004-10-18,GASALLWCW,2.344,USD_per_gallon
2004-10-25,GASALLWCW,2.34,USD_per_gallon
2004-11-01,GASALLWCW,2.323,USD_per_gallon
2004-11-08,GASALLWCW,2.297,USD_per_gallon
2004-11-15,GASALLWCW,2.27,USD_per_gallon
2004-11-22,GASALLWCW,2.231,USD_per_gallon
2004-11-29,GASALLWCW,2.205,USD_per_gallon
2004-12-06,GASALLWCW,2.169,USD_per_gallon
2004-12-13,GASALLWCW,2.114,USD_per_gallon
2004-12-20,GASALLWCW,2.041,USD_per_gallon
2004-12-27,GASALLWCW,2.004,USD_per_gallon
2005-01-03,GASALLWCW,1.978,USD_per_gallon
2005-01-10,GASALLWCW,1.938,USD_per_gallon
2005-01-17,GASALLWCW,1.94,USD_per_gallon
2005-01-24,GASALLWCW,1.966,USD_per_gallon
2005-01-31,GASALLWCW,2.033,USD_per_gallon
2005-02-07,GASALLWCW,2.053,USD_per_gallon
2005-02-14,GASALLWCW,2.087,USD_per_gallon
2005-02-21,GASALLWCW,2.143,USD_per_gallon
2005-02-28,GASALLWCW,2.169,USD_per_gallon
2005-03-07,GASALLWCW,2.22,USD_per_gallon
2005-03-14,GASALLWCW,2.274,USD_per_gallon
2005-03-21,GASALLWCW,2.304,USD_per_gallon
2005-03-28,GASALLWCW,2.364,USD_per_gallon
2005-04-04,GASALLWCW,2.444,USD_per_gallon
2005-04-11,GASALLWCW,2.574,USD_per_gallon
2005-04-18,GASALLWCW,2.576,USD_per_gallon
2005-04-25,GASALLWCW,2.564,USD_per_gallon
2005-05-02,GASALLWCW,2.558,USD_per_gallon
2005-05-09,GASALLWCW,2.522,USD_per_gallon
2005-05-16,GASALLWCW,2.482,USD_per_gallon
2005-05-23,GASALLWCW,2.444,USD_per_gallon
2005-05-30,GASALLWCW,2.402,USD_per_gallon
2005-06-06,GASALLWCW,2.372,USD_per_gallon
2005-06-13,GASALLWCW,2.35,USD_per_gallon
2005-06-20,GASALLWCW,2.365,USD_per_gallon
2005-06-27,GASALLWCW,2.419,USD_per_gallon
2005-07-04,GASALLWCW,2.456,USD_per_gallon
2005-07-11,GASALLWCW,2.524,USD_per_gallon
2005-07-18,GASALLWCW,2.54,USD_per_gallon
2005-07-25,GASALLWCW,2.542,USD_per_gallon
2005-08-01,GASALLWCW,2.555,USD_per_gallon
2005-08-08,GASALLWCW,2.611,USD_per_gallon
2005-08-15,GASALLWCW,2.713,USD_per_gallon
2005-08-22,GASALLWCW,2.754,USD_per_gallon
2005-08-29,GASALLWCW,2.784,USD_per_gallon
2005-09-05,GASALLWCW,3.067,USD_per_gallon
2005-09-12,GASALLWCW,3.04,USD_per_gallon
2005-09-19,GASALLWCW,2.99,USD_per_gallon
2005-09-26,GASALLWCW,2.97,USD_per_gallon
2005-10-03,GASALLWCW,2.989,USD_per_gallon
2005-10-10,GASALLWCW,2.978,USD_per_gallon
2005-10-17,GASALLWCW,2.917,USD_per_gallon
2005-10-24,GASALLWCW,2.841,USD_per_gallon
2005-10-31,GASALLWCW,2.756,USD_per_gallon
2005-11-07,GASALLWCW,2.667,USD_per_gallon
2005-11-14,GASALLWCW,2.59,USD_per_gallon
2005-11-21,GASALLWCW,2.477,USD_per_gallon
2005-11-28,GASALLWCW,2.432,USD_per_gallon
2005-12-05,GASALLWCW,2.362,USD_per_gallon
2005-12-12,GASALLWCW,2.301,USD_per_gallon
2005-12-19,GASALLWCW,2.276,USD_per_gallon
2005-12-26,GASALLWCW,2.261,USD_per_gallon
2006-01-02,GASALLWCW,2.249,USD_per_gallon
2006-01-09,GASALLWCW,2.349,USD_per_gallon
2006-01-16,GASALLWCW,2.418,USD_per_gallon
2006-01-23,GASALLWCW,2.432,USD_per_gallon
2006-01-30,GASALLWCW,2.503,USD_per_gallon
2006-02-06,GASALLWCW,2.526,USD_per_gallon
2006-02-13,GASALLWCW,2.504,USD_per_gallon
2006-02-20,GASALLWCW,2.458,USD_per_gallon
2006-02-27,GASALLWCW,2.43,USD_per_gallon
2006-03-06,GASALLWCW,2.468,USD_per_gallon
2006-03-13,GASALLWCW,2.524,USD_per_gallon
2006-03-20,GASALLWCW,2.618,USD_per_gallon
2006-03-27,GASALLWCW,2.656,USD_per_gallon
2006-04-03,GASALLWCW,2.719,USD_per_gallon
2006-04-10,GASALLWCW,2.797,USD_per_gallon
2006-04-17,GASALLWCW,2.887,USD_per_gallon
2006-04-24,GASALLWCW,3.055,USD_per_gallon
2006-05-01,GASALLWCW,3.178,USD_per_gallon
2006-05-08,GASALLWCW,3.29,USD_per_gallon
2006-05-15,GASALLWCW,3.299,USD_per_gallon
2006-05-22,GASALLWCW,3.297,USD_per_gallon
2006-05-29,GASALLWCW,3.253,USD_per_gallon
2006-06-05,GASALLWCW,3.249,USD_per_gallon
2006-06-12,GASALLWCW,3.21,USD_per_gallon
2006-06-19,GASALLWCW,3.179,USD_per_gallon
2006-06-26,GASALLWCW,3.143,USD_per_gallon
2006-07-03,GASALLWCW,3.156,USD_per_gallon
2006-07-10,GASALLWCW,3.184,USD_per_gallon
2006-07-17,GASALLWCW,3.198,USD_per_gallon
2006-07-24,GASALLWCW,3.186,USD_per_gallon
2006-07-31,GASALLWCW,3.169,USD_per_gallon
2006-08-07,GASALLWCW,3.167,USD_per_gallon
2006-08-14,GASALLWCW,3.186,USD_per_gallon
2006-08-21,GASALLWCW,3.145,USD_per_gallon
2006-08-28,GASALLWCW,3.087,USD_per_gallon
2006-09-04,GASALLWCW,3.012,USD_per_gallon
2006-09-11,GASALLWCW,2.952,USD_per_gallon
2006-09-18,GASALLWCW,2.852,USD_per_gallon
2006-09-25,GASALLWCW,2.764,USD_per_gallon
2006-10-02,GASALLWCW,2.689,USD_per_gallon
2006-10-09,GASALLWCW,2.612,USD_per_gallon
2006-10-16,GASALLWCW,2.554,USD_per_gallon
2006-10-23,GASALLWCW,2.504,USD_per_gallon
2006-10-30,GASALLWCW,2.459,USD_per_gallon
2006-11-06,GASALLWCW,2.427,USD_per_gallon
2006-11-13,GASALLWCW,2.484,USD_per_gallon
2006-11-20,GASALLWCW,2.519,USD_per_gallon
2006-11-27,GASALLWCW,2.52,USD_per_gallon
2006-12-04,GASALLWCW,2.529,USD_per_gallon
2006-12-11,GASALLWCW,2.541,USD_per_gallon
2006-12-18,GASALLWCW,2.586,USD_per_gallon
2006-12-25,GASALLWCW,2.623,USD_per_gallon
2007-01-01,GASALLWCW,2.627,USD_per_gallon
2007-01-08,GASALLWCW,2.64,USD_per_gallon
2007-01-15,GASALLWCW,2.6,USD_per_gallon
2007-01-22,GASALLWCW,2.556,USD_per_gallon
2007-01-29,GASALLWCW,2.506,USD_per_gallon
2007-02-05,GASALLWCW,2.524,USD_per_gallon
2007-02-12,GASALLWCW,2.586,USD_per_gallon
2007-02-19,GASALLWCW,2.646,USD_per_gallon
2007-02-26,GASALLWCW,2.715,USD_per_gallon
2007-03-05,GASALLWCW,2.814,USD_per_gallon
2007-03-12,GASALLWCW,2.971,USD_per_gallon
2007-03-19,GASALLWCW,3.028,USD_per_gallon
2007-03-26,GASALLWCW,3.067,USD_per_gallon
2007-04-02,GASALLWCW,3.147,USD_per_gallon
2007-04-09,GASALLWCW,3.188,USD_per_gallon
2007-04-16,GASALLWCW,3.244,USD_per_gallon
2007-04-23,GASALLWCW,3.267,USD_per_gallon
2007-04-30,GASALLWCW,3.327,USD_per_gallon
2007-05-07,GASALLWCW,3.422,USD_per_gallon
2007-05-14,GASALLWCW,3.426,USD_per_gallon
2007-05-21,GASALLWCW,3.42,USD_per_gallon
2007-05-28,GASALLWCW,3.396,USD_per_gallon
2007-06-04,GASALLWCW,3.366,USD_per_gallon
2007-06-11,GASALLWCW,3.314,USD_per_gallon
2007-06-18,GASALLWCW,3.237,USD_per_gallon
2007-06-25,GASALLWCW,3.194,USD_per_gallon
2007-07-02,GASALLWCW,3.155,USD_per_gallon
2007-07-09,GASALLWCW,3.128,USD_per_gallon
2007-07-16,GASALLWCW,3.138,USD_per_gallon
2007-07-23,GASALLWCW,3.1,USD_per_gallon
2007-07-30,GASALLWCW,3.046,USD_per_gallon
2007-08-06,GASALLWCW,3.005,USD_per_gallon
2007-08-13,GASALLWCW,2.926,USD_per_gallon
2007-08-20,GASALLWCW,2.871,USD_per_gallon
2007-08-27,GASALLWCW,2.816,USD_per_gallon
2007-09-03,GASALLWCW,2.82,USD_per_gallon
2007-09-10,GASALLWCW,2.865,USD_per_gallon
2007-09-17,GASALLWCW,2.908,USD_per_gallon
2007-09-24,GASALLWCW,2.957,USD_per_gallon
2007-10-01,GASALLWCW,2.97,USD_per_gallon
2007-10-08,GASALLWCW,2.983,USD_per_gallon
2007-10-15,GASALLWCW,3.028,USD_per_gallon
2007-10-22,GASALLWCW,3.114,USD_per_gallon
2007-10-29,GASALLWCW,3.139,USD_per_gallon
2007-11-05,GASALLWCW,3.212,USD_per_gallon
2007-11-12,GASALLWCW,3.328,USD_per_gallon
2007-11-19,GASALLWCW,3.353,USD_per_gallon
2007-11-26,GASALLWCW,3.355,USD_per_gallon
2007-12-03,GASALLWCW,3.325,USD_per_gallon
2007-12-10,GASALLWCW,3.292,USD_per_gallon
2007-12-17,GASALLWCW,3.255,USD_per_gallon
2007-12-24,GASALLWCW,3.232,USD_per_gallon
2007-12-31,GASALLWCW,3.268,USD_per_gallon
2008-01-07,GASALLWCW,3.297,USD_per_gallon
2008-01-14,GASALLWCW,3.264,USD_per_gallon
2008-01-21,GASALLWCW,3.205,USD_per_gallon
2008-01-28,GASALLWCW,3.136,USD_per_gallon
2008-02-04,GASALLWCW,3.106,USD_per_gallon
2008-02-11,GASALLWCW,3.11,USD_per_gallon
2008-02-18,GASALLWCW,3.185,USD_per_gallon
2008-02-25,GASALLWCW,3.314,USD_per_gallon
2008-03-03,GASALLWCW,3.434,USD_per_gallon
2008-03-10,GASALLWCW,3.506,USD_per_gallon
2008-03-17,GASALLWCW,3.572,USD_per_gallon
2008-03-24,GASALLWCW,3.567,USD_per_gallon
2008-03-31,GASALLWCW,3.573,USD_per_gallon
2008-04-07,GASALLWCW,3.628,USD_per_gallon
2008-04-14,GASALLWCW,3.713,USD_per_gallon
2008-04-21,GASALLWCW,3.784,USD_per_gallon
2008-04-28,GASALLWCW,3.836,USD_per_gallon
2008-05-05,GASALLWCW,3.85,USD_per_gallon
2008-05-12,GASALLWCW,3.883,USD_per_gallon
2008-05-19,GASALLWCW,3.932,USD_per_gallon
2008-05-26,GASALLWCW,4.076,USD_per_gallon
2008-06-02,GASALLWCW,4.215,USD_per_gallon
2008-06-09,GASALLWCW,4.375,USD_per_gallon
2008-06-16,GASALLWCW,4.504,USD_per_gallon
2008-06-23,GASALLWCW,4.512,USD_per_gallon
2008-06-30,GASALLWCW,4.507,USD_per_gallon
2008-07-07,GASALLWCW,4.492,USD_per_gallon
2008-07-14,GASALLWCW,4.466,USD_per_gallon
2008-07-21,GASALLWCW,4.416,USD_per_gallon
2008-07-28,GASALLWCW,4.296,USD_per_gallon
2008-08-04,GASALLWCW,4.191,USD_per_gallon
2008-08-11,GASALLWCW,4.107,USD_per_gallon
2008-08-18,GASALLWCW,4.03,USD_per_gallon
2008-08-25,GASALLWCW,3.957,USD_per_gallon
2008-09-01,GASALLWCW,3.91,USD_per_gallon
2008-09-08,GASALLWCW,3.863,USD_per_gallon
2008-09-15,GASALLWCW,3.82,USD_per_gallon
2008-09-22,GASALLWCW,3.743,USD_per_gallon
2008-09-29,GASALLWCW,3.693,USD_per_gallon
2008-10-06,GASALLWCW,3.618,USD_per_gallon
2008-10-13,GASALLWCW,3.472,USD_per_gallon
2008-10-20,GASALLWCW,3.329,USD_per_gallon
2008-10-27,GASALLWCW,3.105,USD_per_gallon
2008-11-03,GASALLWCW,2.793,USD_per_gallon
2008-11-10,GASALLWCW,2.584,USD_per_gallon
2008-11-17,GASALLWCW,2.408,USD_per_gallon
2008-11-24,GASALLWCW,2.167,USD_per_gallon
2008-12-01,GASALLWCW,2.02,USD_per_gallon
2008-12-08,GASALLWCW,1.877,USD_per_gallon
2008-12-15,GASALLWCW,1.8,USD_per_gallon
2008-12-22,GASALLWCW,1.839,USD_per_gallon
2008-12-29,GASALLWCW,1.839,USD_per_gallon
2009-01-05,GASALLWCW,1.895,USD_per_gallon
2009-01-12,GASALLWCW,2.002,USD_per_gallon
2009-01-19,GASALLWCW,2.076,USD_per_gallon
2009-01-26,GASALLWCW,2.103,USD_per_gallon
2009-02-02,GASALLWCW,2.128,USD_per_gallon
2009-02-09,GASALLWCW,2.222,USD_per_gallon
2009-02-16,GASALLWCW,2.29,USD_per_gallon
2009-02-23,GASALLWCW,2.268,USD_per_gallon
2009-03-02,GASALLWCW,2.222,USD_per_gallon
2009-03-09,GASALLWCW,2.215,USD_per_gallon
2009-03-16,GASALLWCW,2.182,USD_per_gallon
2009-03-23,GASALLWCW,2.178,USD_per_gallon
2009-03-30,GASALLWCW,2.255,USD_per_gallon
2009-04-06,GASALLWCW,2.298,USD_per_gallon
2009-04-13,GASALLWCW,2.321,USD_per_gallon
2009-04-20,GASALLWCW,2.325,USD_per_gallon
2009-04-27,GASALLWCW,2.325,USD_per_gallon
2009-05-04,GASALLWCW,2.341,USD_per_gallon
2009-05-11,GASALLWCW,2.416,USD_per_gallon
2009-05-18,GASALLWCW,2.506,USD_per_gallon
2009-05-25,GASALLWCW,2.624,USD_per_gallon
2009-06-01,GASALLWCW,2.73,USD_per_gallon
2009-06-08,GASALLWCW,2.853,USD_per_gallon
2009-06-15,GASALLWCW,2.946,USD_per_gallon
2009-06-22,GASALLWCW,2.983,USD_per_gallon
2009-06-29,GASALLWCW,2.959,USD_per_gallon
2009-07-06,GASALLWCW,2.936,USD_per_gallon
2009-07-13,GASALLWCW,2.87,USD_per_gallon
2009-07-20,GASALLWCW,2.819,USD_per_gallon
2009-07-27,GASALLWCW,2.819,USD_per_gallon
2009-08-03,GASALLWCW,2.879,USD_per_gallon
2009-08-10,GASALLWCW,3.004,USD_per_gallon
2009-08-17,GASALLWCW,3.012,USD_per_gallon
2009-08-24,GASALLWCW,3.0,USD_per_gallon
2009-08-31,GASALLWCW,3.008,USD_per_gallon
2009-09-07,GASALLWCW,3.054,USD_per_gallon
2009-09-14,GASALLWCW,3.094,USD_per_gallon
2009-09-21,GASALLWCW,3.082,USD_per_gallon
2009-09-28,GASALLWCW,3.036,USD_per_gallon
2009-10-05,GASALLWCW,2.997,USD_per_gallon
2009-10-12,GASALLWCW,2.947,USD_per_gallon
2009-10-19,GASALLWCW,2.924,USD_per_gallon
2009-10-26,GASALLWCW,2.94,USD_per_gallon
2009-11-02,GASALLWCW,2.96,USD_per_gallon
2009-11-09,GASALLWCW,2.957,USD_per_gallon
2009-11-16,GASALLWCW,2.944,USD_per_gallon
2009-11-23,GASALLWCW,2.932,USD_per_gallon
2009-11-30,GASALLWCW,2.916,USD_per_gallon
2009-12-07,GASALLWCW,2.911,USD_per_gallon
2009-12-14,GASALLWCW,2.9,USD_per_gallon
2009-12-21,GASALLWCW,2.898,USD_per_gallon
2009-12-28,GASALLWCW,2.911,USD_per_gallon
2010-01-04,GASALLWCW,2.952,USD_per_gallon
2010-01-11,GASALLWCW,3.017,USD_per_gallon
2010-01-18,GASALLWCW,3.004,USD_per_gallon
2010-01-25,GASALLWCW,2.991,USD_per_gallon
2010-02-01,GASALLWCW,2.962,USD_per_gallon
2010-02-08,GASALLWCW,2.946,USD_per_gallon
2010-02-15,GASALLWCW,2.915,USD_per_gallon
2010-02-22,GASALLWCW,2.917,USD_per_gallon
2010-03-01,GASALLWCW,2.987,USD_per_gallon
2010-03-08,GASALLWCW,3.034,USD_per_gallon
2010-03-15,GASALLWCW,3.054,USD_per_gallon
2010-03-22,GASALLWCW,3.083,USD_per_gallon
2010-03-29,GASALLWCW,3.086,USD_per_gallon
2010-04-05,GASALLWCW,3.09,USD_per_gallon
2010-04-12,GASALLWCW,3.109,USD_per_gallon
2010-04-19,GASALLWCW,3.107,USD_per_gallon
2010-04-26,GASALLWCW,3.105,USD_per_gallon
2010-05-03,GASALLWCW,3.127,USD_per_gallon
2010-05-10,GASALLWCW,3.145,USD_per_gallon
2010-05-17,GASALLWCW,3.12,USD_per_gallon
2010-05-24,GASALLWCW,3.058,USD_per_gallon
2010-05-31,GASALLWCW,3.026,USD_per_gallon
2010-06-07,GASALLWCW,3.057,USD_per_gallon
2010-06-14,GASALLWCW,3.043,USD_per_gallon
2010-06-21,GASALLWCW,3.084,USD_per_gallon
2010-06-28,GASALLWCW,3.105,USD_per_gallon
2010-07-05,GASALLWCW,3.1,USD_per_gallon
2010-07-12,GASALLWCW,3.094,USD_per_gallon
2010-07-19,GASALLWCW,3.112,USD_per_gallon
2010-07-26,GASALLWCW,3.123,USD_per_gallon
2010-08-02,GASALLWCW,3.123,USD_per_gallon
2010-08-09,GASALLWCW,3.159,USD_per_gallon
2010-08-16,GASALLWCW,3.151,USD_per_gallon
2010-08-23,GASALLWCW,3.129,USD_per_gallon
2010-08-30,GASALLWCW,3.087,USD_per_gallon
2010-09-06,GASALLWCW,3.044,USD_per_gallon
2010-09-13,GASALLWCW,3.028,USD_per_gallon
2010-09-20,GASALLWCW,3.013,USD_per_gallon
2010-09-27,GASALLWCW,3.001,USD_per_gallon
2010-10-04,GASALLWCW,3.013,USD_per_gallon
2010-10-11,GASALLWCW,3.08,USD_per_gallon
2010-10-18,GASALLWCW,3.131,USD_per_gallon
2010-10-25,GASALLWCW,3.13,USD_per_gallon
2010-11-01,GASALLWCW,3.129,USD_per_gallon
2010-11-08,GASALLWCW,3.13,USD_per_gallon
2010-11-15,GASALLWCW,3.161,USD_per_gallon
2010-11-22,GASALLWCW,3.162,USD_per_gallon
2010-11-29,GASALLWCW,3.145,USD_per_gallon
2010-12-06,GASALLWCW,3.203,USD_per_gallon
2010-12-13,GASALLWCW,3.236,USD_per_gallon
2010-12-20,GASALLWCW,3.236,USD_per_gallon
2010-12-27,GASALLWCW,3.268,USD_per_gallon
2011-01-03,GASALLWCW,3.287,USD_per_gallon
2011-01-10,GASALLWCW,3.312,USD_per_gallon
2011-01-17,GASALLWCW,3.336,USD_per_gallon
2011-01-24,GASALLWCW,3.342,USD_per_gallon
2011-01-31,GASALLWCW,3.348,USD_per_gallon
2011-02-07,GASALLWCW,3.381,USD_per_gallon
2011-02-14,GASALLWCW,3.43,USD_per_gallon
2011-02-21,GASALLWCW,3.53,USD_per_gallon
2011-02-28,GASALLWCW,3.674,USD_per_gallon
2011-03-07,GASALLWCW,3.818,USD_per_gallon
2011-03-14,GASALLWCW,3.892,USD_per_gallon
2011-03-21,GASALLWCW,3.909,USD_per_gallon
2011-03-28,GASALLWCW,3.968,USD_per_gallon
2011-04-04,GASALLWCW,4.003,USD_per_gallon
2011-04-11,GASALLWCW,4.089,USD_per_gallon
2011-04-18,GASALLWCW,4.134,USD_per_gallon
2011-04-25,GASALLWCW,4.151,USD_per_gallon
2011-05-02,GASALLWCW,4.193,USD_per_gallon
2011-05-09,GASALLWCW,4.202,USD_per_gallon
2011-05-16,GASALLWCW,4.169,USD_per_gallon
2011-05-23,GASALLWCW,4.087,USD_per_gallon
2011-05-30,GASALLWCW,4.031,USD_per_gallon
2011-06-06,GASALLWCW,3.981,USD_per_gallon
2011-06-13,GASALLWCW,3.935,USD_per_gallon
2011-06-20,GASALLWCW,3.898,USD_per_gallon
2011-06-27,GASALLWCW,3.842,USD_per_gallon
2011-07-04,GASALLWCW,3.793,USD_per_gallon
2011-07-11,GASALLWCW,3.779,USD_per_gallon
2011-07-18,GASALLWCW,3.794,USD_per_gallon
2011-07-25,GASALLWCW,3.805,USD_per_gallon
2011-08-01,GASALLWCW,3.803,USD_per_gallon
2011-08-08,GASALLWCW,3.794,USD_per_gallon
2011-08-15,GASALLWCW,3.743,USD_per_gallon
2011-08-22,GASALLWCW,3.74,USD_per_gallon
2011-08-29,GASALLWCW,3.798,USD_per_gallon
2011-09-05,GASALLWCW,3.913,USD_per_gallon
2011-09-12,GASALLWCW,3.918,USD_per_gallon
2011-09-19,GASALLWCW,3.906,USD_per_gallon
2011-09-26,GASALLWCW,3.877,USD_per_gallon
2011-10-03,GASALLWCW,3.827,USD_per_gallon
2011-10-10,GASALLWCW,3.805,USD_per_gallon
2011-10-17,GASALLWCW,3.842,USD_per_gallon
2011-10-24,GASALLWCW,3.843,USD_per_gallon
2011-10-31,GASALLWCW,3.828,USD_per_gallon
2011-11-07,GASALLWCW,3.824,USD_per_gallon
2011-11-14,GASALLWCW,3.813,USD_per_gallon
2011-11-21,GASALLWCW,3.76,USD_per_gallon
2011-11-28,GASALLWCW,3.701,USD_per_gallon
2011-12-05,GASALLWCW,3.644,USD_per_gallon
2011-12-12,GASALLWCW,3.6,USD_per_gallon
2011-12-19,GASALLWCW,3.541,USD_per_gallon
2011-12-26,GASALLWCW,3.556,USD_per_gallon
2012-01-02,GASALLWCW,3.599,USD_per_gallon
2012-01-09,GASALLWCW,3.657,USD_per_gallon
2012-01-16,GASALLWCW,3.66,USD_per_gallon
2012-01-23,GASALLWCW,3.675,USD_per_gallon
2012-01-30,GASALLWCW,3.702,USD_per_gallon
2012-02-06,GASALLWCW,3.722,USD_per_gallon
2012-02-13,GASALLWCW,3.781,USD_per_gallon
2012-02-20,GASALLWCW,3.95,USD_per_gallon
2012-02-27,GASALLWCW,4.178,USD_per_gallon
2012-03-05,GASALLWCW,4.25,USD_per_gallon
2012-03-12,GASALLWCW,4.273,USD_per_gallon
2012-03-19,GASALLWCW,4.288,USD_per_gallon
2012-03-26,GASALLWCW,4.294,USD_per_gallon
2012-04-02,GASALLWCW,4.282,USD_per_gallon
2012-04-09,GASALLWCW,4.254,USD_per_gallon
2012-04-16,GASALLWCW,4.222,USD_per_gallon
2012-04-23,GASALLWCW,4.193,USD_per_gallon
2012-04-30,GASALLWCW,4.171,USD_per_gallon
2012-05-07,GASALLWCW,4.186,USD_per_gallon
2012-05-14,GASALLWCW,4.308,USD_per_gallon
2012-05-21,GASALLWCW,4.293,USD_per_gallon
2012-05-28,GASALLWCW,4.277,USD_per_gallon
2012-06-04,GASALLWCW,4.236,USD_per_gallon
2012-06-11,GASALLWCW,4.144,USD_per_gallon
2012-06-18,GASALLWCW,4.014,USD_per_gallon
2012-06-25,GASALLWCW,3.875,USD_per_gallon
2012-07-02,GASALLWCW,3.765,USD_per_gallon
2012-07-09,GASALLWCW,3.723,USD_per_gallon
2012-07-16,GASALLWCW,3.726,USD_per_gallon
2012-07-23,GASALLWCW,3.769,USD_per_gallon
2012-07-30,GASALLWCW,3.76,USD_per_gallon
2012-08-06,GASALLWCW,3.811,USD_per_gallon
2012-08-13,GASALLWCW,4.002,USD_per_gallon
2012-08-20,GASALLWCW,4.055,USD_per_gallon
2012-08-27,GASALLWCW,4.093,USD_per_gallon
2012-09-03,GASALLWCW,4.124,USD_per_gallon
2012-09-10,GASALLWCW,4.133,USD_per_gallon
2012-09-17,GASALLWCW,4.125,USD_per_gallon
2012-09-24,GASALLWCW,4.116,USD_per_gallon
2012-10-01,GASALLWCW,4.132,USD_per_gallon
2012-10-08,GASALLWCW,4.468,USD_per_gallon
2012-10-15,GASALLWCW,4.449,USD_per_gallon
2012-10-22,GASALLWCW,4.301,USD_per_gallon
2012-10-29,GASALLWCW,4.099,USD_per_gallon
2012-11-05,GASALLWCW,3.951,USD_per_gallon
2012-11-12,GASALLWCW,3.834,USD_per_gallon
2012-11-19,GASALLWCW,3.759,USD_per_gallon
2012-11-26,GASALLWCW,3.719,USD_per_gallon
2012-12-03,GASALLWCW,3.668,USD_per_gallon
2012-12-10,GASALLWCW,3.597,USD_per_gallon
2012-12-17,GASALLWCW,3.51,USD_per_gallon
2012-12-24,GASALLWCW,3.48,USD_per_gallon
2012-12-31,GASALLWCW,3.51,USD_per_gallon
2013-01-07,GASALLWCW,3.542,USD_per_gallon
2013-01-14,GASALLWCW,3.545,USD_per_gallon
2013-01-21,GASALLWCW,3.558,USD_per_gallon
2013-01-28,GASALLWCW,3.6,USD_per_gallon
2013-02-04,GASALLWCW,3.795,USD_per_gallon
2013-02-11,GASALLWCW,3.924,USD_per_gallon
2013-02-18,GASALLWCW,4.031,USD_per_gallon
2013-02-25,GASALLWCW,4.109,USD_per_gallon
2013-03-04,GASALLWCW,4.125,USD_per_gallon
2013-03-11,GASALLWCW,4.104,USD_per_gallon
2013-03-18,GASALLWCW,4.062,USD_per_gallon
2013-03-25,GASALLWCW,4.016,USD_per_gallon
2013-04-01,GASALLWCW,3.998,USD_per_gallon
2013-04-08,GASALLWCW,3.981,USD_per_gallon
2013-04-15,GASALLWCW,3.941,USD_per_gallon
2013-04-22,GASALLWCW,3.889,USD_per_gallon
2013-04-29,GASALLWCW,3.853,USD_per_gallon
2013-05-06,GASALLWCW,3.863,USD_per_gallon
2013-05-13,GASALLWCW,3.989,USD_per_gallon
2013-05-20,GASALLWCW,4.004,USD_per_gallon
2013-05-27,GASALLWCW,3.984,USD_per_gallon
2013-06-03,GASALLWCW,3.942,USD_per_gallon
2013-06-10,GASALLWCW,3.93,USD_per_gallon
2013-06-17,GASALLWCW,3.941,USD_per_gallon
2013-06-24,GASALLWCW,4.003,USD_per_gallon
2013-07-01,GASALLWCW,3.947,USD_per_gallon
2013-07-08,GASALLWCW,3.929,USD_per_gallon
2013-07-15,GASALLWCW,3.98,USD_per_gallon
2013-07-22,GASALLWCW,4.007,USD_per_gallon
2013-07-29,GASALLWCW,3.983,USD_per_gallon
2013-08-05,GASALLWCW,3.939,USD_per_gallon
2013-08-12,GASALLWCW,3.892,USD_per_gallon
2013-08-19,GASALLWCW,3.829,USD_per_gallon
2013-08-26,GASALLWCW,3.797,USD_per_gallon
2013-09-02,GASALLWCW,3.803,USD_per_gallon
2013-09-09,GASALLWCW,3.851,USD_per_gallon
2013-09-16,GASALLWCW,3.955,USD_per_gallon
2013-09-23,GASALLWCW,3.921,USD_per_gallon
2013-09-30,GASALLWCW,3.858,USD_per_gallon
2013-10-07,GASALLWCW,3.791,USD_per_gallon
2013-10-14,GASALLWCW,3.739,USD_per_gallon
2013-10-21,GASALLWCW,3.709,USD_per_gallon
2013-10-28,GASALLWCW,3.663,USD_per_gallon
2013-11-04,GASALLWCW,3.617,USD_per_gallon
2013-11-11,GASALLWCW,3.561,USD_per_gallon
2013-11-18,GASALLWCW,3.52,USD_per_gallon
2013-11-25,GASALLWCW,3.511,USD_per_gallon
2013-12-02,GASALLWCW,3.529,USD_per_gallon
2013-12-09,GASALLWCW,3.531,USD_per_gallon
2013-12-16,GASALLWCW,3.526,USD_per_gallon
2013-12-23,GASALLWCW,3.538,USD_per_gallon
2013-12-30,GASALLWCW,3.581,USD_per_gallon
2014-01-06,GASALLWCW,3.602,USD_per_gallon
2014-01-13,GASALLWCW,3.581,USD_per_gallon
2014-01-20,GASALLWCW,3.547,USD_per_gallon
2014-01-27,GASALLWCW,3.541,USD_per_gallon
2014-02-03,GASALLWCW,3.548,USD_per_gallon
2014-02-10,GASALLWCW,3.573,USD_per_gallon
2014-02-17,GASALLWCW,3.629,USD_per_gallon
2014-02-24,GASALLWCW,3.709,USD_per_gallon
2014-03-03,GASALLWCW,3.766,USD_per_gallon
2014-03-10,GASALLWCW,3.811,USD_per_gallon
2014-03-17,GASALLWCW,3.868,USD_per_gallon
2014-03-24,GASALLWCW,3.88,USD_per_gallon
2014-03-31,GASALLWCW,3.909,USD_per_gallon
2014-04-07,GASALLWCW,3.938,USD_per_gallon
2014-04-14,GASALLWCW,4.037,USD_per_gallon
2014-04-21,GASALLWCW,4.086,USD_per_gallon
2014-04-28,GASALLWCW,4.131,USD_per_gallon
2014-05-05,GASALLWCW,4.112,USD_per_gallon
2014-05-12,GASALLWCW,4.079,USD_per_gallon
2014-05-19,GASALLWCW,4.072,USD_per_gallon
2014-05-26,GASALLWCW,4.061,USD_per_gallon
2014-06-02,GASALLWCW,4.062,USD_per_gallon
2014-06-09,GASALLWCW,4.05,USD_per_gallon
2014-06-16,GASALLWCW,4.054,USD_per_gallon
2014-06-23,GASALLWCW,4.066,USD_per_gallon
2014-06-30,GASALLWCW,4.09,USD_per_gallon
2014-07-07,GASALLWCW,4.091,USD_per_gallon
2014-07-14,GASALLWCW,4.054,USD_per_gallon
2014-07-21,GASALLWCW,4.01,USD_per_gallon
2014-07-28,GASALLWCW,3.976,USD_per_gallon
2014-08-04,GASALLWCW,3.945,USD_per_gallon
2014-08-11,GASALLWCW,3.922,USD_per_gallon
2014-08-18,GASALLWCW,3.897,USD_per_gallon
2014-08-25,GASALLWCW,3.877,USD_per_gallon
2014-09-01,GASALLWCW,3.848,USD_per_gallon
2014-09-08,GASALLWCW,3.825,USD_per_gallon
2014-09-15,GASALLWCW,3.792,USD_per_gallon
2014-09-22,GASALLWCW,3.735,USD_per_gallon
2014-09-29,GASALLWCW,3.697,USD_per_gallon
2014-10-06,GASALLWCW,3.663,USD_per_gallon
2014-10-13,GASALLWCW,3.59,USD_per_gallon
2014-10-20,GASALLWCW,3.478,USD_per_gallon
2014-10-27,GASALLWCW,3.379,USD_per_gallon
2014-11-03,GASALLWCW,3.291,USD_per_gallon
2014-11-10,GASALLWCW,3.222,USD_per_gallon
2014-11-17,GASALLWCW,3.167,USD_per_gallon
2014-11-24,GASALLWCW,3.101,USD_per_gallon
2014-12-01,GASALLWCW,3.07,USD_per_gallon
2014-12-08,GASALLWCW,2.993,USD_per_gallon
2014-12-15,GASALLWCW,2.887,USD_per_gallon
2014-12-22,GASALLWCW,2.753,USD_per_gallon
2014-12-29,GASALLWCW,2.671,USD_per_gallon
2015-01-05,GASALLWCW,2.638,USD_per_gallon
2015-01-12,GASALLWCW,2.547,USD_per_gallon
2015-01-19,GASALLWCW,2.438,USD_per_gallon
2015-01-26,GASALLWCW,2.387,USD_per_gallon
2015-02-02,GASALLWCW,2.386,USD_per_gallon
2015-02-09,GASALLWCW,2.533,USD_per_gallon
2015-02-16,GASALLWCW,2.681,USD_per_gallon
2015-02-23,GASALLWCW,2.819,USD_per_gallon
2015-03-02,GASALLWCW,3.194,USD_per_gallon
2015-03-09,GASALLWCW,3.245,USD_per_gallon
2015-03-16,GASALLWCW,3.181,USD_per_gallon
2015-03-23,GASALLWCW,3.108,USD_per_gallon
2015-03-30,GASALLWCW,3.061,USD_per_gallon
2015-04-06,GASALLWCW,3.017,USD_per_gallon
2015-04-13,GASALLWCW,2.983,USD_per_gallon
2015-04-20,GASALLWCW,3.028,USD_per_gallon
2015-04-27,GASALLWCW,3.244,USD_per_gallon
2015-05-04,GASALLWCW,3.483,USD_per_gallon
2015-05-11,GASALLWCW,3.508,USD_per_gallon
2015-05-18,GASALLWCW,3.578,USD_per_gallon
2015-05-25,GASALLWCW,3.553,USD_per_gallon
2015-06-01,GASALLWCW,3.506,USD_per_gallon
2015-06-08,GASALLWCW,3.441,USD_per_gallon
2015-06-15,GASALLWCW,3.396,USD_per_gallon
2015-06-22,GASALLWCW,3.389,USD_per_gallon
2015-06-29,GASALLWCW,3.368,USD_per_gallon
2015-07-06,GASALLWCW,3.357,USD_per_gallon
2015-07-13,GASALLWCW,3.66,USD_per_gallon
2015-07-20,GASALLWCW,3.674,USD_per_gallon
2015-07-27,GASALLWCW,3.615,USD_per_gallon
2015-08-03,GASALLWCW,3.549,USD_per_gallon
2015-08-10,GASALLWCW,3.426,USD_per_gallon
2015-08-17,GASALLWCW,3.429,USD_per_gallon
2015-08-24,GASALLWCW,3.349,USD_per_gallon
2015-08-31,GASALLWCW,3.229,USD_per_gallon
2015-09-07,GASALLWCW,3.156,USD_per_gallon
2015-09-14,GASALLWCW,3.056,USD_per_gallon
2015-09-21,GASALLWCW,2.975,USD_per_gallon
2015-09-28,GASALLWCW,2.899,USD_per_gallon
2015-10-05,GASALLWCW,2.85,USD_per_gallon
2015-10-12,GASALLWCW,2.812,USD_per_gallon
2015-10-19,GASALLWCW,2.763,USD_per_gallon
2015-10-26,GASALLWCW,2.742,USD_per_gallon
2015-11-02,GASALLWCW,2.714,USD_per_gallon
2015-11-09,GASALLWCW,2.732,USD_per_gallon
2015-11-16,GASALLWCW,2.7,USD_per_gallon
2015-11-23,GASALLWCW,2.642,USD_per_gallon
2015-11-30,GASALLWCW,2.614,USD_per_gallon
2015-12-07,GASALLWCW,2.599,USD_per_gallon
2015-12-14,GASALLWCW,2.577,USD_per_gallon
2015-12-21,GASALLWCW,2.635,USD_per_gallon
2015-12-28,GASALLWCW,2.698,USD_per_gallon
2016-01-04,GASALLWCW,2.731,USD_per_gallon
2016-01-11,GASALLWCW,2.698,USD_per_gallon
2016-01-18,GASALLWCW,2.591,USD_per_gallon
2016-01-25,GASALLWCW,2.526,USD_per_gallon
2016-02-01,GASALLWCW,2.443,USD_per_gallon
2016-02-08,GASALLWCW,2.379,USD_per_gallon
2016-02-15,GASALLWCW,2.283,USD_per_gallon
2016-02-22,GASALLWCW,2.206,USD_per_gallon
2016-02-29,GASALLWCW,2.277,USD_per_gallon
2016-03-07,GASALLWCW,2.313,USD_per_gallon
2016-03-14,GASALLWCW,2.463,USD_per_gallon
2016-03-21,GASALLWCW,2.547,USD_per_gallon
2016-03-28,GASALLWCW,2.639,USD_per_gallon
2016-04-04,GASALLWCW,2.647,USD_per_gallon
2016-04-11,GASALLWCW,2.63,USD_per_gallon
2016-04-18,GASALLWCW,2.658,USD_per_gallon
2016-04-25,GASALLWCW,2.663,USD_per_gallon
2016-05-02,GASALLWCW,2.702,USD_per_gallon
2016-05-09,GASALLWCW,2.701,USD_per_gallon
2016-05-16,GASALLWCW,2.71,USD_per_gallon
2016-05-23,GASALLWCW,2.724,USD_per_gallon
2016-05-30,GASALLWCW,2.738,USD_per_gallon
2016-06-06,GASALLWCW,2.763,USD_per_gallon
2016-06-13,GASALLWCW,2.786,USD_per_gallon
2016-06-20,GASALLWCW,2.785,USD_per_gallon
2016-06-27,GASALLWCW,2.832,USD_per_gallon
2016-07-04,GASALLWCW,2.826,USD_per_gallon
2016-07-11,GASALLWCW,2.797,USD_per_gallon
2016-07-18,GASALLWCW,2.787,USD_per_gallon
2016-07-25,GASALLWCW,2.734,USD_per_gallon
2016-08-01,GASALLWCW,2.677,USD_per_gallon
2016-08-08,GASALLWCW,2.635,USD_per_gallon
2016-08-15,GASALLWCW,2.596,USD_per_gallon
2016-08-22,GASALLWCW,2.637,USD_per_gallon
2016-08-29,GASALLWCW,2.656,USD_per_gallon
2016-09-05,GASALLWCW,2.66,USD_per_gallon
2016-09-12,GASALLWCW,2.699,USD_per_gallon
2016-09-19,GASALLWCW,2.717,USD_per_gallon
2016-09-26,GASALLWCW,2.716,USD_per_gallon
2016-10-03,GASALLWCW,2.743,USD_per_gallon
2016-10-10,GASALLWCW,2.74,USD_per_gallon
2016-10-17,GASALLWCW,2.744,USD_per_gallon
2016-10-24,GASALLWCW,2.745,USD_per_gallon
2016-10-31,GASALLWCW,2.763,USD_per_gallon
2016-11-07,GASALLWCW,2.753,USD_per_gallon
2016-11-14,GASALLWCW,2.712,USD_per_gallon
2016-11-21,GASALLWCW,2.657,USD_per_gallon
2016-11-28,GASALLWCW,2.638,USD_per_gallon
2016-12-05,GASALLWCW,2.637,USD_per_gallon
2016-12-12,GASALLWCW,2.623,USD_per_gallon
2016-12-19,GASALLWCW,2.629,USD_per_gallon
2016-12-26,GASALLWCW,2.659,USD_per_gallon
2017-01-02,GASALLWCW,2.72,USD_per_gallon
2017-01-09,GASALLWCW,2.748,USD_per_gallon
2017-01-16,GASALLWCW,2.748,USD_per_gallon
2017-01-23,GASALLWCW,2.743,USD_per_gallon
2017-01-30,GASALLWCW,2.746,USD_per_gallon
2017-02-06,GASALLWCW,2.766,USD_per_gallon
2017-02-13,GASALLWCW,2.801,USD_per_gallon
2017-02-20,GASALLWCW,2.819,USD_per_gallon
2017-02-27,GASALLWCW,2.867,USD_per_gallon
2017-03-06,GASALLWCW,2.903,USD_per_gallon
2017-03-13,GASALLWCW,2.92,USD_per_gallon
2017-03-20,GASALLWCW,2.918,USD_per_gallon
2017-03-27,GASALLWCW,2.917,USD_per_gallon
2017-04-03,GASALLWCW,2.921,USD_per_gallon
2017-04-10,GASALLWCW,2.941,USD_per_gallon
2017-04-17,GASALLWCW,2.951,USD_per_gallon
2017-04-24,GASALLWCW,2.959,USD_per_gallon
2017-05-01,GASALLWCW,2.948,USD_per_gallon
2017-05-08,GASALLWCW,2.932,USD_per_gallon
2017-05-15,GASALLWCW,2.94,USD_per_gallon
2017-05-22,GASALLWCW,3.002,USD_per_gallon
2017-05-29,GASALLWCW,3.027,USD_per_gallon
2017-06-05,GASALLWCW,3.011,USD_per_gallon
2017-06-12,GASALLWCW,2.96,USD_per_gallon
2017-06-19,GASALLWCW,2.929,USD_per_gallon
2017-06-26,GASALLWCW,2.893,USD_per_gallon
2017-07-03,GASALLWCW,2.884,USD_per_gallon
2017-07-10,GASALLWCW,2.885,USD_per_gallon
2017-07-17,GASALLWCW,2.872,USD_per_gallon
2017-07-24,GASALLWCW,2.873,USD_per_gallon
2017-07-31,GASALLWCW,2.901,USD_per_gallon
2017-08-07,GASALLWCW,2.911,USD_per_gallon
2017-08-14,GASALLWCW,2.933,USD_per_gallon
2017-08-21,GASALLWCW,2.953,USD_per_gallon
2017-08-28,GASALLWCW,2.969,USD_per_gallon
2017-09-04,GASALLWCW,3.084,USD_per_gallon
2017-09-11,GASALLWCW,3.106,USD_per_gallon
2017-09-18,GASALLWCW,3.09,USD_per_gallon
2017-09-25,GASALLWCW,3.071,USD_per_gallon
2017-10-02,GASALLWCW,3.042,USD_per_gallon
2017-10-09,GASALLWCW,3.014,USD_per_gallon
2017-10-16,GASALLWCW,3.005,USD_per_gallon
2017-10-23,GASALLWCW,2.993,USD_per_gallon
2017-10-30,GASALLWCW,2.997,USD_per_gallon
2017-11-06,GASALLWCW,3.12,USD_per_gallon
2017-11-13,GASALLWCW,3.156,USD_per_gallon
2017-11-20,GASALLWCW,3.123,USD_per_gallon
2017-11-27,GASALLWCW,3.105,USD_per_gallon
2017-12-04,GASALLWCW,3.075,USD_per_gallon
2017-12-11,GASALLWCW,3.043,USD_per_gallon
2017-12-18,GASALLWCW,3.029,USD_per_gallon
2017-12-25,GASALLWCW,3.037,USD_per_gallon
2018-01-01,GASALLWCW,3.046,USD_per_gallon
2018-01-08,GASALLWCW,3.083,USD_per_gallon
2018-01-15,GASALLWCW,3.084,USD_per_gallon
2018-01-22,GASALLWCW,3.096,USD_per_gallon
2018-01-29,GASALLWCW,3.161,USD_per_gallon
2018-02-05,GASALLWCW,3.218,USD_per_gallon
2018-02-12,GASALLWCW,3.214,USD_per_gallon
2018-02-19,GASALLWCW,3.204,USD_per_gallon
2018-02-26,GASALLWCW,3.21,USD_per_gallon
2018-03-05,GASALLWCW,3.215,USD_per_gallon
2018-03-12,GASALLWCW,3.244,USD_per_gallon
2018-03-19,GASALLWCW,3.29,USD_per_gallon
2018-03-26,GASALLWCW,3.347,USD_per_gallon
2018-04-02,GASALLWCW,3.4,USD_per_gallon
2018-04-09,GASALLWCW,3.401,USD_per_gallon
2018-04-16,GASALLWCW,3.438,USD_per_gallon
2018-04-23,GASALLWCW,3.462,USD_per_gallon
2018-04-30,GASALLWCW,3.503,USD_per_gallon
2018-05-07,GASALLWCW,3.534,USD_per_gallon
2018-05-14,GASALLWCW,3.486,USD_per_gallon
2018-05-21,GASALLWCW,3.514,USD_per_gallon
2018-05-28,GASALLWCW,3.542,USD_per_gallon
2018-06-04,GASALLWCW,3.539,USD_per_gallon
2018-06-11,GASALLWCW,3.53,USD_per_gallon
2018-06-18,GASALLWCW,3.512,USD_per_gallon
2018-06-25,GASALLWCW,3.487,USD_per_gallon
2018-07-02,GASALLWCW,3.474,USD_per_gallon
2018-07-09,GASALLWCW,3.475,USD_per_gallon
2018-07-16,GASALLWCW,3.459,USD_per_gallon
2018-07-23,GASALLWCW,3.438,USD_per_gallon
2018-07-30,GASALLWCW,3.429,USD_per_gallon
2018-08-06,GASALLWCW,3.422,USD_per_gallon
2018-08-13,GASALLWCW,3.409,USD_per_gallon
2018-08-20,GASALLWCW,3.388,USD_per_gallon
2018-08-27,GASALLWCW,3.391,USD_per_gallon
2018-09-03,GASALLWCW,3.41,USD_per_gallon
2018-09-10,GASALLWCW,3.417,USD_per_gallon
2018-09-17,GASALLWCW,3.426,USD_per_gallon
2018-09-24,GASALLWCW,3.432,USD_per_gallon
2018-10-01,GASALLWCW,3.498,USD_per_gallon
2018-10-08,GASALLWCW,3.561,USD_per_gallon
2018-10-15,GASALLWCW,3.58,USD_per_gallon
2018-10-22,GASALLWCW,3.584,USD_per_gallon
2018-10-29,GASALLWCW,3.565,USD_per_gallon
2018-11-05,GASALLWCW,3.533,USD_per_gallon
2018-11-12,GASALLWCW,3.483,USD_per_gallon
2018-11-19,GASALLWCW,3.43,USD_per_gallon
2018-11-26,GASALLWCW,3.392,USD_per_gallon
2018-12-03,GASALLWCW,3.322,USD_per_gallon
2018-12-10,GASALLWCW,3.252,USD_per_gallon
2018-12-17,GASALLWCW,3.196,USD_per_gallon
2018-12-24,GASALLWCW,3.169,USD_per_gallon
2018-12-31,GASALLWCW,3.137,USD_per_gallon
2019-01-07,GASALLWCW,3.097,USD_per_gallon
2019-01-14,GASALLWCW,3.065,USD_per_gallon
2019-01-21,GASALLWCW,3.043,USD_per_gallon
2019-01-28,GASALLWCW,3.014,USD_per_gallon
2019-02-04,GASALLWCW,3.001,USD_per_gallon
2019-02-11,GASALLWCW,3.013,USD_per_gallon
2019-02-18,GASALLWCW,3.014,USD_per_gallon
2019-02-25,GASALLWCW,3.024,USD_per_gallon
2019-03-04,GASALLWCW,3.035,USD_per_gallon
2019-03-11,GASALLWCW,3.066,USD_per_gallon
2019-03-18,GASALLWCW,3.114,USD_per_gallon
2019-03-25,GASALLWCW,3.232,USD_per_gallon
2019-04-01,GASALLWCW,3.353,USD_per_gallon
2019-04-08,GASALLWCW,3.508,USD_per_gallon
2019-04-15,GASALLWCW,3.672,USD_per_gallon
2019-04-22,GASALLWCW,3.72,USD_per_gallon
2019-04-29,GASALLWCW,3.764,USD_per_gallon
2019-05-06,GASALLWCW,3.796,USD_per_gallon
2019-05-13,GASALLWCW,3.778,USD_per_gallon
2019-05-20,GASALLWCW,3.754,USD_per_gallon
2019-05-27,GASALLWCW,3.717,USD_per_gallon
2019-06-03,GASALLWCW,3.678,USD_per_gallon
2019-06-10,GASALLWCW,3.605,USD_per_gallon
2019-06-17,GASALLWCW,3.537,USD_per_gallon
2019-06-24,GASALLWCW,3.475,USD_per_gallon
2019-07-01,GASALLWCW,3.474,USD_per_gallon
2019-07-08,GASALLWCW,3.467,USD_per_gallon
2019-07-15,GASALLWCW,3.445,USD_per_gallon
2019-07-22,GASALLWCW,3.416,USD_per_gallon
2019-07-29,GASALLWCW,3.395,USD_per_gallon
2019-08-05,GASALLWCW,3.383,USD_per_gallon
2019-08-12,GASALLWCW,3.347,USD_per_gallon
2019-08-19,GASALLWCW,3.329,USD_per_gallon
2019-08-26,GASALLWCW,3.314,USD_per_gallon
2019-09-02,GASALLWCW,3.341,USD_per_gallon
2019-09-09,GASALLWCW,3.344,USD_per_gallon
2019-09-16,GASALLWCW,3.343,USD_per_gallon
2019-09-23,GASALLWCW,3.429,USD_per_gallon
2019-09-30,GASALLWCW,3.651,USD_per_gallon
2019-10-07,GASALLWCW,3.748,USD_per_gallon
2019-10-14,GASALLWCW,3.768,USD_per_gallon
2019-10-21,GASALLWCW,3.748,USD_per_gallon
2019-10-28,GASALLWCW,3.696,USD_per_gallon
2019-11-04,GASALLWCW,3.703,USD_per_gallon
2019-11-11,GASALLWCW,3.688,USD_per_gallon
2019-11-18,GASALLWCW,3.632,USD_per_gallon
2019-11-25,GASALLWCW,3.561,USD_per_gallon
2019-12-02,GASALLWCW,3.499,USD_per_gallon
2019-12-09,GASALLWCW,3.429,USD_per_gallon
2019-12-16,GASALLWCW,3.366,USD_per_gallon
2019-12-23,GASALLWCW,3.32,USD_per_gallon
2019-12-30,GASALLWCW,3.31,USD_per_gallon
2020-01-06,GASALLWCW,3.297,USD_per_gallon
2020-01-13,GASALLWCW,3.289,USD_per_gallon
2020-01-20,GASALLWCW,3.275,USD_per_gallon
2020-01-27,GASALLWCW,3.26,USD_per_gallon
2020-02-03,GASALLWCW,3.248,USD_per_gallon
2020-02-10,GASALLWCW,3.237,USD_per_gallon
2020-02-17,GASALLWCW,3.228,USD_per_gallon
2020-02-24,GASALLWCW,3.235,USD_per_gallon
2020-03-02,GASALLWCW,3.226,USD_per_gallon
2020-03-09,GASALLWCW,3.201,USD_per_gallon
2020-03-16,GASALLWCW,3.113,USD_per_gallon
2020-03-23,GASALLWCW,2.969,USD_per_gallon
2020-03-30,GASALLWCW,2.852,USD_per_gallon
2020-04-06,GASALLWCW,2.774,USD_per_gallon
2020-04-13,GASALLWCW,2.672,USD_per_gallon
2020-04-20,GASALLWCW,2.611,USD_per_gallon
2020-04-27,GASALLWCW,2.549,USD_per_gallon
2020-05-04,GASALLWCW,2.536,USD_per_gallon
2020-05-11,GASALLWCW,2.548,USD_per_gallon
2020-05-18,GASALLWCW,2.575,USD_per_gallon
2020-05-25,GASALLWCW,2.647,USD_per_gallon
2020-06-01,GASALLWCW,2.674,USD_per_gallon
2020-06-08,GASALLWCW,2.725,USD_per_gallon
2020-06-15,GASALLWCW,2.773,USD_per_gallon
2020-06-22,GASALLWCW,2.813,USD_per_gallon
2020-06-29,GASALLWCW,2.845,USD_per_gallon
2020-07-06,GASALLWCW,2.86,USD_per_gallon
2020-07-13,GASALLWCW,2.89,USD_per_gallon
2020-07-20,GASALLWCW,2.906,USD_per_gallon
2020-07-27,GASALLWCW,2.917,USD_per_gallon
2020-08-03,GASALLWCW,2.923,USD_per_gallon
2020-08-10,GASALLWCW,2.917,USD_per_gallon
2020-08-17,GASALLWCW,2.926,USD_per_gallon
2020-08-24,GASALLWCW,2.948,USD_per_gallon
2020-08-31,GASALLWCW,2.952,USD_per_gallon
2020-09-07,GASALLWCW,2.953,USD_per_gallon
2020-09-14,GASALLWCW,2.95,USD_per_gallon
2020-09-21,GASALLWCW,2.931,USD_per_gallon
2020-09-28,GASALLWCW,2.914,USD_per_gallon
2020-10-05,GASALLWCW,2.903,USD_per_gallon
2020-10-12,GASALLWCW,2.895,USD_per_gallon
2020-10-19,GASALLWCW,2.887,USD_per_gallon
2020-10-26,GASALLWCW,2.882,USD_per_gallon
2020-11-02,GASALLWCW,2.869,USD_per_gallon
2020-11-09,GASALLWCW,2.863,USD_per_gallon
2020-11-16,GASALLWCW,2.864,USD_per_gallon
2020-11-23,GASALLWCW,2.864,USD_per_gallon
2020-11-30,GASALLWCW,2.868,USD_per_gallon
2020-12-07,GASALLWCW,2.871,USD_per_gallon
2020-12-14,GASALLWCW,2.866,USD_per_gallon
2020-12-21,GASALLWCW,2.878,USD_per_gallon
2020-12-28,GASALLWCW,2.893,USD_per_gallon
2021-01-04,GASALLWCW,2.907,USD_per_gallon
2021-01-11,GASALLWCW,2.951,USD_per_gallon
2021-01-18,GASALLWCW,3.009,USD_per_gallon
2021-01-25,GASALLWCW,3.033,USD_per_gallon
2021-02-01,GASALLWCW,3.058,USD_per_gallon
2021-02-08,GASALLWCW,3.102,USD_per_gallon
2021-02-15,GASALLWCW,3.141,USD_per_gallon
2021-02-22,GASALLWCW,3.249,USD_per_gallon
2021-03-01,GASALLWCW,3.373,USD_per_gallon
2021-03-08,GASALLWCW,3.44,USD_per_gallon
2021-03-15,GASALLWCW,3.53,USD_per_gallon
2021-03-22,GASALLWCW,3.567,USD_per_gallon
2021-03-29,GASALLWCW,3.572,USD_per_gallon
2021-04-05,GASALLWCW,3.587,USD_per_gallon
2021-04-12,GASALLWCW,3.608,USD_per_gallon
2021-04-19,GASALLWCW,3.628,USD_per_gallon
2021-04-26,GASALLWCW,3.653,USD_per_gallon
2021-05-03,GASALLWCW,3.699,USD_per_gallon
2021-05-10,GASALLWCW,3.748,USD_per_gallon
2021-05-17,GASALLWCW,3.775,USD_per_gallon
2021-05-24,GASALLWCW,3.799,USD_per_gallon
2021-05-31,GASALLWCW,3.826,USD_per_gallon
2021-06-07,GASALLWCW,3.849,USD_per_gallon
2021-06-14,GASALLWCW,3.859,USD_per_gallon
2021-06-21,GASALLWCW,3.867,USD_per_gallon
2021-06-28,GASALLWCW,3.917,USD_per_gallon
2021-07-05,GASALLWCW,3.946,USD_per_gallon
2021-07-12,GASALLWCW,3.97,USD_per_gallon
2021-07-19,GASALLWCW,3.984,USD_per_gallon
2021-07-26,GASALLWCW,3.987,USD_per_gallon
2021-08-02,GASALLWCW,4.02,USD_per_gallon
2021-08-09,GASALLWCW,4.041,USD_per_gallon
2021-08-16,GASALLWCW,4.062,USD_per_gallon
2021-08-23,GASALLWCW,4.047,USD_per_gallon
2021-08-30,GASALLWCW,4.039,USD_per_gallon
2021-09-06,GASALLWCW,4.038,USD_per_gallon
2021-09-13,GASALLWCW,4.039,USD_per_gallon
2021-09-20,GASALLWCW,4.032,USD_per_gallon
2021-09-27,GASALLWCW,4.025,USD_per_gallon
2021-10-04,GASALLWCW,4.044,USD_per_gallon
2021-10-11,GASALLWCW,4.071,USD_per_gallon
2021-10-18,GASALLWCW,4.118,USD_per_gallon
2021-10-25,GASALLWCW,4.174,USD_per_gallon
2021-11-01,GASALLWCW,4.209,USD_per_gallon
2021-11-08,GASALLWCW,4.232,USD_per_gallon
2021-11-15,GASALLWCW,4.274,USD_per_gallon
2021-11-22,GASALLWCW,4.297,USD_per_gallon
2021-11-29,GASALLWCW,4.302,USD_per_gallon
2021-12-06,GASALLWCW,4.285,USD_per_gallon
2021-12-13,GASALLWCW,4.265,USD_per_gallon
2021-12-20,GASALLWCW,4.251,USD_per_gallon
2021-12-27,GASALLWCW,4.235,USD_per_gallon
2022-01-03,GASALLWCW,4.249,USD_per_gallon
2022-01-10,GASALLWCW,4.262,USD_per_gallon
2022-01-17,GASALLWCW,4.266,USD_per_gallon
2022-01-24,GASALLWCW,4.26,USD_per_gallon
2022-01-31,GASALLWCW,4.26,USD_per_gallon
2022-02-07,GASALLWCW,4.285,USD_per_gallon
2022-02-14,GASALLWCW,4.299,USD_per_gallon
2022-02-21,GASALLWCW,4.34,USD_per_gallon
2022-02-28,GASALLWCW,4.419,USD_per_gallon
2022-03-07,GASALLWCW,4.893,USD_per_gallon
2022-03-14,GASALLWCW,5.267,USD_per_gallon
2022-03-21,GASALLWCW,5.339,USD_per_gallon
2022-03-28,GASALLWCW,5.383,USD_per_gallon
2022-04-04,GASALLWCW,5.333,USD_per_gallon
2022-04-11,GASALLWCW,5.256,USD_per_gallon
2022-04-18,GASALLWCW,5.211,USD_per_gallon
2022-04-25,GASALLWCW,5.198,USD_per_gallon
2022-05-02,GASALLWCW,5.219,USD_per_gallon
2022-05-09,GASALLWCW,5.336,USD_per_gallon
2022-05-16,GASALLWCW,5.48,USD_per_gallon
2022-05-23,GASALLWCW,5.604,USD_per_gallon
2022-05-30,GASALLWCW,5.673,USD_per_gallon
2022-06-06,GASALLWCW,5.867,USD_per_gallon
2022-06-13,GASALLWCW,5.979,USD_per_gallon
2022-06-20,GASALLWCW,5.962,USD_per_gallon
2022-06-27,GASALLWCW,5.893,USD_per_gallon
2022-07-04,GASALLWCW,5.806,USD_per_gallon
2022-07-11,GASALLWCW,5.677,USD_per_gallon
2022-07-18,GASALLWCW,5.498,USD_per_gallon
2022-07-25,GASALLWCW,5.371,USD_per_gallon
2022-08-01,GASALLWCW,5.265,USD_per_gallon
2022-08-08,GASALLWCW,5.107,USD_per_gallon
2022-08-15,GASALLWCW,5.026,USD_per_gallon
2022-08-22,GASALLWCW,4.961,USD_per_gallon
2022-08-29,GASALLWCW,4.894,USD_per_gallon
2022-09-05,GASALLWCW,4.858,USD_per_gallon
2022-09-12,GASALLWCW,4.945,USD_per_gallon
2022-09-19,GASALLWCW,4.968,USD_per_gallon
2022-09-26,GASALLWCW,5.3,USD_per_gallon
2022-10-03,GASALLWCW,5.817,USD_per_gallon
2022-10-10,GASALLWCW,5.795,USD_per_gallon
2022-10-17,GASALLWCW,5.558,USD_per_gallon
2022-10-24,GASALLWCW,5.297,USD_per_gallon
2022-10-31,GASALLWCW,5.143,USD_per_gallon
2022-11-07,GASALLWCW,5.061,USD_per_gallon
2022-11-14,GASALLWCW,5.039,USD_per_gallon
2022-11-21,GASALLWCW,4.893,USD_per_gallon
2022-11-28,GASALLWCW,4.699,USD_per_gallon
2022-12-05,GASALLWCW,4.475,USD_per_gallon
2022-12-12,GASALLWCW,4.257,USD_per_gallon
2022-12-19,GASALLWCW,4.094,USD_per_gallon
2022-12-26,GASALLWCW,4.03,USD_per_gallon
2023-01-02,GASALLWCW,4.06,USD_per_gallon
2023-01-09,GASALLWCW,4.078,USD_per_gallon
2023-01-16,GASALLWCW,4.082,USD_per_gallon
2023-01-23,GASALLWCW,4.123,USD_per_gallon
2023-01-30,GASALLWCW,4.201,USD_per_gallon
2023-02-06,GASALLWCW,4.224,USD_per_gallon
2023-02-13,GASALLWCW,4.229,USD_per_gallon
2023-02-20,GASALLWCW,4.313,USD_per_gallon
2023-02-27,GASALLWCW,4.37,USD_per_gallon
2023-03-06,GASALLWCW,4.463,USD_per_gallon
2023-03-13,GASALLWCW,4.517,USD_per_gallon
2023-03-20,GASALLWCW,4.482,USD_per_gallon
2023-03-27,GASALLWCW,4.487,USD_per_gallon
2023-04-03,GASALLWCW,4.504,USD_per_gallon
2023-04-10,GASALLWCW,4.564,USD_per_gallon
2023-04-17,GASALLWCW,4.631,USD_per_gallon
2023-04-24,GASALLWCW,4.654,USD_per_gallon
2023-05-01,GASALLWCW,4.65,USD_per_gallon
2023-05-08,GASALLWCW,4.628,USD_per_gallon
2023-05-15,GASALLWCW,4.616,USD_per_gallon
2023-05-22,GASALLWCW,4.613,USD_per_gallon
2023-05-29,GASALLWCW,4.641,USD_per_gallon
2023-06-05,GASALLWCW,4.63,USD_per_gallon
2023-06-12,GASALLWCW,4.692,USD_per_gallon
2023-06-19,GASALLWCW,4.676,USD_per_gallon
2023-06-26,GASALLWCW,4.66,USD_per_gallon
2023-07-03,GASALLWCW,4.64,USD_per_gallon
2023-07-10,GASALLWCW,4.648,USD_per_gallon
2023-07-17,GASALLWCW,4.663,USD_per_gallon
2023-07-24,GASALLWCW,4.651,USD_per_gallon
2023-07-31,GASALLWCW,4.733,USD_per_gallon
2023-08-07,GASALLWCW,4.801,USD_per_gallon
2023-08-14,GASALLWCW,4.875,USD_per_gallon
2023-08-21,GASALLWCW,4.981,USD_per_gallon
2023-08-28,GASALLWCW,4.996,USD_per_gallon
2023-09-04,GASALLWCW,5.025,USD_per_gallon
2023-09-11,GASALLWCW,5.086,USD_per_gallon
2023-09-18,GASALLWCW,5.29,USD_per_gallon
2023-09-25,GASALLWCW,5.386,USD_per_gallon
2023-10-02,GASALLWCW,5.524,USD_per_gallon
2023-10-09,GASALLWCW,5.292,USD_per_gallon
2023-10-16,GASALLWCW,5.124,USD_per_gallon
2023-10-23,GASALLWCW,4.985,USD_per_gallon
2023-10-30,GASALLWCW,4.851,USD_per_gallon
2023-11-06,GASALLWCW,4.725,USD_per_gallon
2023-11-13,GASALLWCW,4.648,USD_per_gallon
2023-11-20,GASALLWCW,4.547,USD_per_gallon
2023-11-27,GASALLWCW,4.487,USD_per_gallon
2023-12-04,GASALLWCW,4.382,USD_per_gallon
2023-12-11,GASALLWCW,4.269,USD_per_gallon
2023-12-18,GASALLWCW,4.181,USD_per_gallon
2023-12-25,GASALLWCW,4.183,USD_per_gallon
2024-01-01,GASALLWCW,4.248,USD_per_gallon
2024-01-08,GASALLWCW,4.205,USD_per_gallon
2024-01-15,GASALLWCW,4.107,USD_per_gallon
2024-01-22,GASALLWCW,4.057,USD_per_gallon
2024-01-29,GASALLWCW,4.07,USD_per_gallon
2024-02-05,GASALLWCW,4.115,USD_per_gallon
2024-02-12,GASALLWCW,4.146,USD_per_gallon
2024-02-19,GASALLWCW,4.19,USD_per_gallon
2024-02-26,GASALLWCW,4.211,USD_per_gallon
2024-03-04,GASALLWCW,4.363,USD_per_gallon
2024-03-11,GASALLWCW,4.425,USD_per_gallon
2024-03-18,GASALLWCW,4.507,USD_per_gallon
2024-03-25,GASALLWCW,4.586,USD_per_gallon
2024-04-01,GASALLWCW,4.683,USD_per_gallon
2024-04-08,GASALLWCW,4.878,USD_per_gallon
2024-04-15,GASALLWCW,4.981,USD_per_gallon
2024-04-22,GASALLWCW,4.959,USD_per_gallon
2024-04-29,GASALLWCW,4.923,USD_per_gallon
2024-05-06,GASALLWCW,4.883,USD_per_gallon
2024-05-13,GASALLWCW,4.821,USD_per_gallon
2024-05-20,GASALLWCW,4.751,USD_per_gallon
2024-05-27,GASALLWCW,4.699,USD_per_gallon
2024-06-03,GASALLWCW,4.614,USD_per_gallon
2024-06-10,GASALLWCW,4.499,USD_per_gallon
2024-06-17,GASALLWCW,4.421,USD_per_gallon
2024-06-24,GASALLWCW,4.397,USD_per_gallon
2024-07-01,GASALLWCW,4.366,USD_per_gallon
2024-07-08,GASALLWCW,4.36,USD_per_gallon
2024-07-15,GASALLWCW,4.325,USD_per_gallon
2024-07-22,GASALLWCW,4.266,USD_per_gallon
2024-07-29,GASALLWCW,4.233,USD_per_gallon
2024-08-05,GASALLWCW,4.207,USD_per_gallon
2024-08-12,GASALLWCW,4.201,USD_per_gallon
2024-08-19,GASALLWCW,4.186,USD_per_gallon
2024-08-26,GASALLWCW,4.18,USD_per_gallon
2024-09-02,GASALLWCW,4.232,USD_per_gallon
2024-09-09,GASALLWCW,4.238,USD_per_gallon
2024-09-16,GASALLWCW,4.273,USD_per_gallon
2024-09-23,GASALLWCW,4.247,USD_per_gallon
2024-09-30,GASALLWCW,4.18,USD_per_gallon
2024-10-07,GASALLWCW,4.164,USD_per_gallon
2024-10-14,GASALLWCW,4.183,USD_per_gallon
2024-10-21,GASALLWCW,4.17,USD_per_gallon
2024-10-28,GASALLWCW,4.11,USD_per_gallon
2024-11-04,GASALLWCW,4.08,USD_per_gallon
2024-11-11,GASALLWCW,4.059,USD_per_gallon
2024-11-18,GASALLWCW,4.008,USD_per_gallon
2024-11-25,GASALLWCW,4.016,USD_per_gallon
2024-12-02,GASALLWCW,3.995,USD_per_gallon
2024-12-09,GASALLWCW,3.96,USD_per_gallon
2024-12-16,GASALLWCW,3.918,USD_per_gallon
2024-12-23,GASALLWCW,3.912,USD_per_gallon
2024-12-30,GASALLWCW,3.908,USD_per_gallon
2025-01-06,GASALLWCW,3.932,USD_per_gallon
2025-01-13,GASALLWCW,3.949,USD_per_gallon
2025-01-20,GASALLWCW,4.01,USD_per_gallon
2025-01-27,GASALLWCW,4.019,USD_per_gallon
2025-02-03,GASALLWCW,4.06,USD_per_gallon
2025-02-10,GASALLWCW,4.173,USD_per_gallon
2025-02-17,GASALLWCW,4.329,USD_per_gallon
2025-02-24,GASALLWCW,4.332,USD_per_gallon
2025-03-03,GASALLWCW,4.281,USD_per_gallon
2025-03-10,GASALLWCW,4.235,USD_per_gallon
2025-03-17,GASALLWCW,4.197,USD_per_gallon
2025-03-24,GASALLWCW,4.19,USD_per_gallon
2025-03-31,GASALLWCW,4.32,USD_per_gallon
2025-04-07,GASALLWCW,4.458,USD_per_gallon
2025-04-14,GASALLWCW,4.401,USD_per_gallon
2025-04-21,GASALLWCW,4.353,USD_per_gallon
2025-04-28,GASALLWCW,4.328,USD_per_gallon
2025-05-05,GASALLWCW,4.294,USD_per_gallon
2025-05-12,GASALLWCW,4.363,USD_per_gallon
2025-05-19,GASALLWCW,4.422,USD_per_gallon
2025-05-26,GASALLWCW,4.392,USD_per_gallon
2025-06-02,GASALLWCW,4.341,USD_per_gallon
2025-06-09,GASALLWCW,4.287,USD_per_gallon
2025-06-16,GASALLWCW,4.26,USD_per_gallon
2025-06-23,GASALLWCW,4.295,USD_per_gallon
2025-06-30,GASALLWCW,4.24,USD_per_gallon
2025-07-07,GASALLWCW,4.207,USD_per_gallon
2025-07-14,GASALLWCW,4.172,USD_per_gallon
2025-07-21,GASALLWCW,4.153,USD_per_gallon
2025-07-28,GASALLWCW,4.129,USD_per_gallon
2025-08-04,GASALLWCW,4.156,USD_per_gallon
2025-08-11,GASALLWCW,4.164,USD_per_gallon
2025-08-18,GASALLWCW,4.175,USD_per_gallon
2025-08-25,GASALLWCW,4.236,USD_per_gallon
2025-09-01,GASALLWCW,4.277,USD_per_gallon
2025-09-08,GASALLWCW,4.322,USD_per_gallon
2025-09-15,GASALLWCW,4.395,USD_per_gallon
2025-09-22,GASALLWCW,4.394,USD_per_gallon
2025-09-29,GASALLWCW,4.363,USD_per_gallon
2025-10-06,GASALLWCW,4.353,USD_per_gallon
2025-10-13,GASALLWCW,4.343,USD_per_gallon
2025-10-20,GASALLWCW,4.295,USD_per_gallon
2025-10-27,GASALLWCW,4.236,USD_per_gallon
2025-11-03,GASALLWCW,4.264,USD_per_gallon
2025-11-10,GASALLWCW,4.296,USD_per_gallon
2025-11-17,GASALLWCW,4.256,USD_per_gallon
2025-11-24,GASALLWCW,4.204,USD_per_gallon
2025-12-01,GASALLWCW,4.162,USD_per_gallon
2025-12-08,GASALLWCW,4.088,USD_per_gallon
2025-12-15,GASALLWCW,3.984,USD_per_gallon
2025-12-22,GASALLWCW,3.903,USD_per_gallon
2025-12-29,GASALLWCW,3.869,USD_per_gallon
2026-01-05,GASALLWCW,3.845,USD_per_gallon
2026-01-12,GASALLWCW,3.786,USD_per_gallon
2026-01-19,GASALLWCW,3.792,USD_per_gallon
2026-01-26,GASALLWCW,3.842,USD_per_gallon
2026-02-02,GASALLWCW,3.962,USD_per_gallon
2026-02-09,GASALLWCW,4.075,USD_per_gallon
2026-02-16,GASALLWCW,4.181,USD_per_gallon
2026-02-23,GASALLWCW,4.245,USD_per_gallon
2026-03-02,GASALLWCW,4.294,USD_per_gallon
2026-03-09,GASALLWCW,4.827,USD_per_gallon
2026-03-16,GASALLWCW,5.122,USD_per_gallon
2026-03-23,GASALLWCW,5.394,USD_per_gallon
2026-03-30,GASALLWCW,5.466,USD_per_gallon
2026-04-06,GASALLWCW,5.528,USD_per_gallon
2026-04-13,GASALLWCW,5.505,USD_per_gallon
2026-04-20,GASALLWCW,5.447,USD_per_gallon
2026-04-27,GASALLWCW,5.543,USD_per_gallon
2026-05-04,GASALLWCW,5.719,USD_per_gallon
