observation_date,fred_series_id,value,units
1986-01-02,DCOILWTICO,25.56,USD_per_barrel
1986-01-03,DCOILWTICO,26.0,USD_per_barrel
1986-01-06,DCOILWTICO,26.53,USD_per_barrel
1986-01-07,DCOILWTICO,25.85,USD_per_barrel
1986-01-08,DCOILWTICO,25.87,USD_per_barrel
1986-01-09,DCOILWTICO,26.03,USD_per_barrel
1986-01-10,DCOILWTICO,25.65,USD_per_barrel
1986-01-13,DCOILWTICO,25.08,USD_per_barrel
1986-01-14,DCOILWTICO,24.97,USD_per_barrel
1986-01-15,DCOILWTICO,25.18,USD_per_barrel
1986-01-16,DCOILWTICO,23.98,USD_per_barrel
1986-01-17,DCOILWTICO,23.63,USD_per_barrel
1986-01-20,DCOILWTICO,21.33,USD_per_barrel
1986-01-21,DCOILWTICO,20.61,USD_per_barrel
1986-01-22,DCOILWTICO,20.25,USD_per_barrel
1986-01-23,DCOILWTICO,19.93,USD_per_barrel
1986-01-24,DCOILWTICO,19.45,USD_per_barrel
1986-01-27,DCOILWTICO,20.87,USD_per_barrel
1986-01-28,DCOILWTICO,19.45,USD_per_barrel
1986-01-29,DCOILWTICO,19.61,USD_per_barrel
1986-01-30,DCOILWTICO,19.58,USD_per_barrel
1986-01-31,DCOILWTICO,18.95,USD_per_barrel
1986-02-03,DCOILWTICO,17.42,USD_per_barrel
1986-02-04,DCOILWTICO,15.58,USD_per_barrel
1986-02-05,DCOILWTICO,16.28,USD_per_barrel
1986-02-06,DCOILWTICO,16.6,USD_per_barrel
1986-02-07,DCOILWTICO,17.7,USD_per_barrel
1986-02-10,DCOILWTICO,16.78,USD_per_barrel
1986-02-11,DCOILWTICO,16.28,USD_per_barrel
1986-02-12,DCOILWTICO,15.74,USD_per_barrel
1986-02-13,DCOILWTICO,16.43,USD_per_barrel
1986-02-14,DCOILWTICO,16.03,USD_per_barrel
1986-02-18,DCOILWTICO,14.7,USD_per_barrel
1986-02-19,DCOILWTICO,15.08,USD_per_barrel
1986-02-20,DCOILWTICO,14.13,USD_per_barrel
1986-02-21,DCOILWTICO,13.63,USD_per_barrel
1986-02-24,DCOILWTICO,14.68,USD_per_barrel
1986-02-25,DCOILWTICO,14.68,USD_per_barrel
1986-02-26,DCOILWTICO,14.62,USD_per_barrel
1986-02-27,DCOILWTICO,14.05,USD_per_barrel
1986-02-28,DCOILWTICO,13.23,USD_per_barrel
1986-03-03,DCOILWTICO,11.98,USD_per_barrel
1986-03-04,DCOILWTICO,11.98,USD_per_barrel
1986-03-05,DCOILWTICO,12.03,USD_per_barrel
1986-03-06,DCOILWTICO,13.13,USD_per_barrel
1986-03-07,DCOILWTICO,12.24,USD_per_barrel
1986-03-10,DCOILWTICO,12.94,USD_per_barrel
1986-03-11,DCOILWTICO,13.23,USD_per_barrel
1986-03-12,DCOILWTICO,14.05,USD_per_barrel
1986-03-13,DCOILWTICO,12.6,USD_per_barrel
1986-03-14,DCOILWTICO,12.55,USD_per_barrel
1986-03-17,DCOILWTICO,13.28,USD_per_barrel
1986-03-18,DCOILWTICO,14.03,USD_per_barrel
1986-03-19,DCOILWTICO,13.25,USD_per_barrel
1986-03-20,DCOILWTICO,12.75,USD_per_barrel
1986-03-21,DCOILWTICO,13.95,USD_per_barrel
1986-03-24,DCOILWTICO,12.2,USD_per_barrel
1986-03-25,DCOILWTICO,12.43,USD_per_barrel
1986-03-26,DCOILWTICO,12.03,USD_per_barrel
1986-03-27,DCOILWTICO,11.35,USD_per_barrel
1986-03-31,DCOILWTICO,10.25,USD_per_barrel
1986-04-01,DCOILWTICO,11.13,USD_per_barrel
1986-04-02,DCOILWTICO,11.35,USD_per_barrel
1986-04-03,DCOILWTICO,11.7,USD_per_barrel
1986-04-04,DCOILWTICO,12.75,USD_per_barrel
1986-04-07,DCOILWTICO,14.39,USD_per_barrel
1986-04-08,DCOILWTICO,12.83,USD_per_barrel
1986-04-09,DCOILWTICO,13.0,USD_per_barrel
1986-04-10,DCOILWTICO,13.45,USD_per_barrel
1986-04-11,DCOILWTICO,13.63,USD_per_barrel
1986-04-14,DCOILWTICO,12.94,USD_per_barrel
1986-04-15,DCOILWTICO,12.72,USD_per_barrel
1986-04-16,DCOILWTICO,11.5,USD_per_barrel
1986-04-17,DCOILWTICO,11.75,USD_per_barrel
1986-04-18,DCOILWTICO,11.88,USD_per_barrel
1986-04-21,DCOILWTICO,12.48,USD_per_barrel
1986-04-22,DCOILWTICO,13.13,USD_per_barrel
1986-04-23,DCOILWTICO,13.7,USD_per_barrel
1986-04-24,DCOILWTICO,13.65,USD_per_barrel
1986-04-25,DCOILWTICO,14.23,USD_per_barrel
1986-04-28,DCOILWTICO,13.34,USD_per_barrel
1986-04-29,DCOILWTICO,13.63,USD_per_barrel
1986-04-30,DCOILWTICO,13.38,USD_per_barrel
1986-05-01,DCOILWTICO,13.8,USD_per_barrel
1986-05-02,DCOILWTICO,14.65,USD_per_barrel
1986-05-05,DCOILWTICO,14.32,USD_per_barrel
1986-05-06,DCOILWTICO,14.43,USD_per_barrel
1986-05-07,DCOILWTICO,15.13,USD_per_barrel
1986-05-08,DCOILWTICO,15.7,USD_per_barrel
1986-05-09,DCOILWTICO,15.83,USD_per_barrel
1986-05-12,DCOILWTICO,15.75,USD_per_barrel
1986-05-13,DCOILWTICO,15.65,USD_per_barrel
1986-05-14,DCOILWTICO,15.53,USD_per_barrel
1986-05-15,DCOILWTICO,15.68,USD_per_barrel
1986-05-16,DCOILWTICO,16.08,USD_per_barrel
1986-05-19,DCOILWTICO,17.13,USD_per_barrel
1986-05-20,DCOILWTICO,16.18,USD_per_barrel
1986-05-21,DCOILWTICO,15.53,USD_per_barrel
1986-05-22,DCOILWTICO,16.04,USD_per_barrel
1986-05-23,DCOILWTICO,16.95,USD_per_barrel
1986-05-27,DCOILWTICO,15.1,USD_per_barrel
1986-05-28,DCOILWTICO,14.65,USD_per_barrel
1986-05-29,DCOILWTICO,14.5,USD_per_barrel
1986-05-30,DCOILWTICO,14.3,USD_per_barrel
1986-06-02,DCOILWTICO,13.8,USD_per_barrel
1986-06-03,DCOILWTICO,13.35,USD_per_barrel
1986-06-04,DCOILWTICO,13.15,USD_per_barrel
1986-06-05,DCOILWTICO,13.21,USD_per_barrel
1986-06-06,DCOILWTICO,12.73,USD_per_barrel
1986-06-09,DCOILWTICO,12.61,USD_per_barrel
1986-06-10,DCOILWTICO,12.38,USD_per_barrel
1986-06-11,DCOILWTICO,13.52,USD_per_barrel
1986-06-12,DCOILWTICO,13.69,USD_per_barrel
1986-06-13,DCOILWTICO,13.83,USD_per_barrel
1986-06-16,DCOILWTICO,13.65,USD_per_barrel
1986-06-17,DCOILWTICO,13.65,USD_per_barrel
1986-06-18,DCOILWTICO,13.62,USD_per_barrel
1986-06-19,DCOILWTICO,13.73,USD_per_barrel
1986-06-20,DCOILWTICO,14.44,USD_per_barrel
1986-06-23,DCOILWTICO,14.05,USD_per_barrel
1986-06-24,DCOILWTICO,13.98,USD_per_barrel
1986-06-25,DCOILWTICO,13.23,USD_per_barrel
1986-06-26,DCOILWTICO,13.14,USD_per_barrel
1986-06-27,DCOILWTICO,13.38,USD_per_barrel
1986-06-30,DCOILWTICO,12.8,USD_per_barrel
1986-07-01,DCOILWTICO,12.39,USD_per_barrel
1986-07-02,DCOILWTICO,12.04,USD_per_barrel
1986-07-03,DCOILWTICO,11.7,USD_per_barrel
1986-07-07,DCOILWTICO,11.18,USD_per_barrel
1986-07-08,DCOILWTICO,11.19,USD_per_barrel
1986-07-09,DCOILWTICO,11.0,USD_per_barrel
1986-07-10,DCOILWTICO,11.13,USD_per_barrel
1986-07-11,DCOILWTICO,11.13,USD_per_barrel
1986-07-14,DCOILWTICO,11.23,USD_per_barrel
1986-07-15,DCOILWTICO,11.85,USD_per_barrel
1986-07-16,DCOILWTICO,12.68,USD_per_barrel
1986-07-17,DCOILWTICO,12.3,USD_per_barrel
1986-07-18,DCOILWTICO,12.8,USD_per_barrel
1986-07-21,DCOILWTICO,13.07,USD_per_barrel
1986-07-22,DCOILWTICO,10.88,USD_per_barrel
1986-07-23,DCOILWTICO,10.83,USD_per_barrel
1986-07-24,DCOILWTICO,10.95,USD_per_barrel
1986-07-25,DCOILWTICO,10.83,USD_per_barrel
1986-07-28,DCOILWTICO,11.09,USD_per_barrel
1986-07-29,DCOILWTICO,11.63,USD_per_barrel
1986-07-30,DCOILWTICO,11.73,USD_per_barrel
1986-07-31,DCOILWTICO,11.23,USD_per_barrel
1986-08-01,DCOILWTICO,11.56,USD_per_barrel
1986-08-04,DCOILWTICO,14.0,USD_per_barrel
1986-08-05,DCOILWTICO,14.35,USD_per_barrel
1986-08-06,DCOILWTICO,14.8,USD_per_barrel
1986-08-07,DCOILWTICO,15.18,USD_per_barrel
1986-08-08,DCOILWTICO,14.83,USD_per_barrel
1986-08-11,DCOILWTICO,14.92,USD_per_barrel
1986-08-12,DCOILWTICO,15.5,USD_per_barrel
1986-08-13,DCOILWTICO,15.28,USD_per_barrel
1986-08-14,DCOILWTICO,15.43,USD_per_barrel
1986-08-15,DCOILWTICO,15.83,USD_per_barrel
1986-08-18,DCOILWTICO,15.58,USD_per_barrel
1986-08-19,DCOILWTICO,14.98,USD_per_barrel
1986-08-20,DCOILWTICO,15.23,USD_per_barrel
1986-08-21,DCOILWTICO,15.23,USD_per_barrel
1986-08-22,DCOILWTICO,15.48,USD_per_barrel
1986-08-25,DCOILWTICO,15.48,USD_per_barrel
1986-08-26,DCOILWTICO,15.78,USD_per_barrel
1986-08-27,DCOILWTICO,15.83,USD_per_barrel
1986-08-28,DCOILWTICO,15.83,USD_per_barrel
1986-08-29,DCOILWTICO,15.93,USD_per_barrel
1986-09-02,DCOILWTICO,16.43,USD_per_barrel
1986-09-03,DCOILWTICO,16.03,USD_per_barrel
1986-09-04,DCOILWTICO,16.18,USD_per_barrel
1986-09-05,DCOILWTICO,15.63,USD_per_barrel
1986-09-08,DCOILWTICO,15.63,USD_per_barrel
1986-09-09,DCOILWTICO,15.0,USD_per_barrel
1986-09-10,DCOILWTICO,14.9,USD_per_barrel
1986-09-11,DCOILWTICO,15.05,USD_per_barrel
1986-09-12,DCOILWTICO,15.06,USD_per_barrel
1986-09-15,DCOILWTICO,14.31,USD_per_barrel
1986-09-16,DCOILWTICO,13.8,USD_per_barrel
1986-09-17,DCOILWTICO,14.03,USD_per_barrel
1986-09-18,DCOILWTICO,14.55,USD_per_barrel
1986-09-19,DCOILWTICO,14.47,USD_per_barrel
1986-09-22,DCOILWTICO,13.94,USD_per_barrel
1986-09-23,DCOILWTICO,14.3,USD_per_barrel
1986-09-24,DCOILWTICO,14.55,USD_per_barrel
1986-09-25,DCOILWTICO,14.28,USD_per_barrel
1986-09-26,DCOILWTICO,14.43,USD_per_barrel
1986-09-29,DCOILWTICO,14.93,USD_per_barrel
1986-09-30,DCOILWTICO,14.7,USD_per_barrel
1986-10-01,DCOILWTICO,15.23,USD_per_barrel
1986-10-02,DCOILWTICO,15.38,USD_per_barrel
1986-10-03,DCOILWTICO,14.86,USD_per_barrel
1986-10-06,DCOILWTICO,14.83,USD_per_barrel
1986-10-07,DCOILWTICO,15.6,USD_per_barrel
1986-10-08,DCOILWTICO,15.35,USD_per_barrel
1986-10-09,DCOILWTICO,15.05,USD_per_barrel
1986-10-10,DCOILWTICO,14.98,USD_per_barrel
1986-10-14,DCOILWTICO,14.55,USD_per_barrel
1986-10-15,DCOILWTICO,14.83,USD_per_barrel
1986-10-16,DCOILWTICO,14.53,USD_per_barrel
1986-10-17,DCOILWTICO,14.85,USD_per_barrel
1986-10-20,DCOILWTICO,15.17,USD_per_barrel
1986-10-21,DCOILWTICO,15.22,USD_per_barrel
1986-10-22,DCOILWTICO,14.85,USD_per_barrel
1986-10-23,DCOILWTICO,14.88,USD_per_barrel
1986-10-24,DCOILWTICO,14.93,USD_per_barrel
1986-10-27,DCOILWTICO,14.4,USD_per_barrel
1986-10-28,DCOILWTICO,14.18,USD_per_barrel
1986-10-29,DCOILWTICO,13.73,USD_per_barrel
1986-10-30,DCOILWTICO,15.08,USD_per_barrel
1986-10-31,DCOILWTICO,15.25,USD_per_barrel
1986-11-03,DCOILWTICO,14.7,USD_per_barrel
1986-11-04,DCOILWTICO,15.05,USD_per_barrel
1986-11-05,DCOILWTICO,14.93,USD_per_barrel
1986-11-06,DCOILWTICO,15.08,USD_per_barrel
1986-11-07,DCOILWTICO,15.15,USD_per_barrel
1986-11-10,DCOILWTICO,15.3,USD_per_barrel
1986-11-11,DCOILWTICO,15.39,USD_per_barrel
1986-11-12,DCOILWTICO,15.33,USD_per_barrel
1986-11-13,DCOILWTICO,15.55,USD_per_barrel
1986-11-14,DCOILWTICO,15.68,USD_per_barrel
1986-11-17,DCOILWTICO,15.62,USD_per_barrel
1986-11-18,DCOILWTICO,15.65,USD_per_barrel
1986-11-19,DCOILWTICO,15.52,USD_per_barrel
1986-11-20,DCOILWTICO,15.1,USD_per_barrel
1986-11-21,DCOILWTICO,15.13,USD_per_barrel
1986-11-24,DCOILWTICO,14.98,USD_per_barrel
1986-11-25,DCOILWTICO,15.05,USD_per_barrel
1986-11-26,DCOILWTICO,15.0,USD_per_barrel
1986-11-28,DCOILWTICO,15.0,USD_per_barrel
1986-12-01,DCOILWTICO,15.29,USD_per_barrel
1986-12-02,DCOILWTICO,15.22,USD_per_barrel
1986-12-03,DCOILWTICO,15.13,USD_per_barrel
1986-12-04,DCOILWTICO,15.2,USD_per_barrel
1986-12-05,DCOILWTICO,15.14,USD_per_barrel
1986-12-08,DCOILWTICO,15.01,USD_per_barrel
1986-12-09,DCOILWTICO,14.93,USD_per_barrel
1986-12-10,DCOILWTICO,15.12,USD_per_barrel
1986-12-11,DCOILWTICO,15.49,USD_per_barrel
1986-12-12,DCOILWTICO,16.13,USD_per_barrel
1986-12-15,DCOILWTICO,16.38,USD_per_barrel
1986-12-16,DCOILWTICO,16.11,USD_per_barrel
1986-12-17,DCOILWTICO,15.83,USD_per_barrel
1986-12-18,DCOILWTICO,16.28,USD_per_barrel
1986-12-19,DCOILWTICO,16.55,USD_per_barrel
1986-12-22,DCOILWTICO,16.95,USD_per_barrel
1986-12-23,DCOILWTICO,16.93,USD_per_barrel
1986-12-24,DCOILWTICO,17.26,USD_per_barrel
1986-12-29,DCOILWTICO,17.65,USD_per_barrel
1986-12-30,DCOILWTICO,17.73,USD_per_barrel
1986-12-31,DCOILWTICO,17.93,USD_per_barrel
1987-01-02,DCOILWTICO,18.13,USD_per_barrel
1987-01-05,DCOILWTICO,17.98,USD_per_barrel
1987-01-06,DCOILWTICO,18.21,USD_per_barrel
1987-01-07,DCOILWTICO,18.28,USD_per_barrel
1987-01-08,DCOILWTICO,18.63,USD_per_barrel
1987-01-09,DCOILWTICO,18.78,USD_per_barrel
1987-01-12,DCOILWTICO,19.0,USD_per_barrel
1987-01-13,DCOILWTICO,18.86,USD_per_barrel
1987-01-14,DCOILWTICO,19.13,USD_per_barrel
1987-01-15,DCOILWTICO,19.09,USD_per_barrel
1987-01-16,DCOILWTICO,19.13,USD_per_barrel
1987-01-19,DCOILWTICO,18.7,USD_per_barrel
1987-01-20,DCOILWTICO,18.73,USD_per_barrel
1987-01-21,DCOILWTICO,18.6,USD_per_barrel
1987-01-22,DCOILWTICO,18.76,USD_per_barrel
1987-01-23,DCOILWTICO,18.59,USD_per_barrel
1987-01-26,DCOILWTICO,18.63,USD_per_barrel
1987-01-27,DCOILWTICO,18.48,USD_per_barrel
1987-01-28,DCOILWTICO,18.56,USD_per_barrel
1987-01-29,DCOILWTICO,18.68,USD_per_barrel
1987-01-30,DCOILWTICO,18.73,USD_per_barrel
1987-02-02,DCOILWTICO,18.59,USD_per_barrel
1987-02-03,DCOILWTICO,18.38,USD_per_barrel
1987-02-04,DCOILWTICO,18.26,USD_per_barrel
1987-02-05,DCOILWTICO,18.56,USD_per_barrel
1987-02-06,DCOILWTICO,18.44,USD_per_barrel
1987-02-09,DCOILWTICO,18.37,USD_per_barrel
1987-02-10,DCOILWTICO,18.43,USD_per_barrel
1987-02-11,DCOILWTICO,18.03,USD_per_barrel
1987-02-12,DCOILWTICO,18.05,USD_per_barrel
1987-02-13,DCOILWTICO,17.83,USD_per_barrel
1987-02-17,DCOILWTICO,17.78,USD_per_barrel
1987-02-18,DCOILWTICO,17.44,USD_per_barrel
1987-02-19,DCOILWTICO,17.48,USD_per_barrel
1987-02-20,DCOILWTICO,17.83,USD_per_barrel
1987-02-23,DCOILWTICO,17.15,USD_per_barrel
1987-02-24,DCOILWTICO,16.75,USD_per_barrel
1987-02-25,DCOILWTICO,16.43,USD_per_barrel
1987-02-26,DCOILWTICO,16.98,USD_per_barrel
1987-02-27,DCOILWTICO,16.45,USD_per_barrel
1987-03-02,DCOILWTICO,16.43,USD_per_barrel
1987-03-03,DCOILWTICO,17.4,USD_per_barrel
1987-03-04,DCOILWTICO,17.4,USD_per_barrel
1987-03-05,DCOILWTICO,18.0,USD_per_barrel
1987-03-06,DCOILWTICO,18.13,USD_per_barrel
1987-03-09,DCOILWTICO,18.13,USD_per_barrel
1987-03-10,DCOILWTICO,18.27,USD_per_barrel
1987-03-11,DCOILWTICO,18.33,USD_per_barrel
1987-03-12,DCOILWTICO,18.42,USD_per_barrel
1987-03-13,DCOILWTICO,18.39,USD_per_barrel
1987-03-16,DCOILWTICO,18.61,USD_per_barrel
1987-03-17,DCOILWTICO,18.94,USD_per_barrel
1987-03-18,DCOILWTICO,18.75,USD_per_barrel
1987-03-19,DCOILWTICO,18.61,USD_per_barrel
1987-03-20,DCOILWTICO,18.7,USD_per_barrel
1987-03-23,DCOILWTICO,18.6,USD_per_barrel
1987-03-25,DCOILWTICO,18.48,USD_per_barrel
1987-03-26,DCOILWTICO,18.63,USD_per_barrel
1987-03-27,DCOILWTICO,18.65,USD_per_barrel
1987-03-30,DCOILWTICO,18.67,USD_per_barrel
1987-03-31,DCOILWTICO,18.82,USD_per_barrel
1987-04-01,DCOILWTICO,18.78,USD_per_barrel
1987-04-02,DCOILWTICO,18.9,USD_per_barrel
1987-04-03,DCOILWTICO,18.68,USD_per_barrel
1987-04-06,DCOILWTICO,18.71,USD_per_barrel
1987-04-07,DCOILWTICO,18.69,USD_per_barrel
1987-04-08,DCOILWTICO,18.68,USD_per_barrel
1987-04-09,DCOILWTICO,18.64,USD_per_barrel
1987-04-10,DCOILWTICO,18.26,USD_per_barrel
1987-04-13,DCOILWTICO,18.07,USD_per_barrel
1987-04-14,DCOILWTICO,18.09,USD_per_barrel
1987-04-15,DCOILWTICO,18.46,USD_per_barrel
1987-04-16,DCOILWTICO,18.58,USD_per_barrel
1987-04-20,DCOILWTICO,18.66,USD_per_barrel
1987-04-21,DCOILWTICO,18.97,USD_per_barrel
1987-04-22,DCOILWTICO,19.03,USD_per_barrel
1987-04-23,DCOILWTICO,19.03,USD_per_barrel
1987-04-24,DCOILWTICO,19.01,USD_per_barrel
1987-04-27,DCOILWTICO,18.83,USD_per_barrel
1987-04-28,DCOILWTICO,18.73,USD_per_barrel
1987-04-29,DCOILWTICO,18.66,USD_per_barrel
1987-04-30,DCOILWTICO,18.76,USD_per_barrel
1987-05-01,DCOILWTICO,18.84,USD_per_barrel
1987-05-04,DCOILWTICO,18.93,USD_per_barrel
1987-05-05,DCOILWTICO,19.18,USD_per_barrel
1987-05-06,DCOILWTICO,19.22,USD_per_barrel
1987-05-07,DCOILWTICO,19.08,USD_per_barrel
1987-05-08,DCOILWTICO,19.28,USD_per_barrel
1987-05-11,DCOILWTICO,19.43,USD_per_barrel
1987-05-12,DCOILWTICO,19.37,USD_per_barrel
1987-05-13,DCOILWTICO,19.39,USD_per_barrel
1987-05-14,DCOILWTICO,19.56,USD_per_barrel
1987-05-15,DCOILWTICO,19.84,USD_per_barrel
1987-05-18,DCOILWTICO,19.91,USD_per_barrel
1987-05-19,DCOILWTICO,19.97,USD_per_barrel
1987-05-20,DCOILWTICO,19.75,USD_per_barrel
1987-05-21,DCOILWTICO,19.95,USD_per_barrel
1987-05-22,DCOILWTICO,19.68,USD_per_barrel
1987-05-26,DCOILWTICO,19.35,USD_per_barrel
1987-05-27,DCOILWTICO,19.38,USD_per_barrel
1987-05-28,DCOILWTICO,19.28,USD_per_barrel
1987-05-29,DCOILWTICO,19.36,USD_per_barrel
1987-06-01,DCOILWTICO,19.55,USD_per_barrel
1987-06-02,DCOILWTICO,19.7,USD_per_barrel
1987-06-03,DCOILWTICO,19.87,USD_per_barrel
1987-06-04,DCOILWTICO,19.75,USD_per_barrel
1987-06-05,DCOILWTICO,19.79,USD_per_barrel
1987-06-08,DCOILWTICO,19.94,USD_per_barrel
1987-06-09,DCOILWTICO,19.84,USD_per_barrel
1987-06-10,DCOILWTICO,19.83,USD_per_barrel
1987-06-11,DCOILWTICO,19.85,USD_per_barrel
1987-06-12,DCOILWTICO,19.93,USD_per_barrel
1987-06-15,DCOILWTICO,20.07,USD_per_barrel
1987-06-16,DCOILWTICO,20.27,USD_per_barrel
1987-06-17,DCOILWTICO,20.41,USD_per_barrel
1987-06-18,DCOILWTICO,20.5,USD_per_barrel
1987-06-19,DCOILWTICO,20.65,USD_per_barrel
1987-06-22,DCOILWTICO,20.49,USD_per_barrel
1987-06-23,DCOILWTICO,19.95,USD_per_barrel
1987-06-24,DCOILWTICO,20.13,USD_per_barrel
1987-06-25,DCOILWTICO,20.15,USD_per_barrel
1987-06-26,DCOILWTICO,20.34,USD_per_barrel
1987-06-29,DCOILWTICO,20.38,USD_per_barrel
1987-06-30,DCOILWTICO,20.22,USD_per_barrel
1987-07-01,DCOILWTICO,20.47,USD_per_barrel
1987-07-02,DCOILWTICO,20.61,USD_per_barrel
1987-07-03,DCOILWTICO,20.61,USD_per_barrel
1987-07-06,DCOILWTICO,20.92,USD_per_barrel
1987-07-07,DCOILWTICO,20.76,USD_per_barrel
1987-07-08,DCOILWTICO,20.94,USD_per_barrel
1987-07-09,DCOILWTICO,21.32,USD_per_barrel
1987-07-10,DCOILWTICO,21.34,USD_per_barrel
1987-07-13,DCOILWTICO,21.38,USD_per_barrel
1987-07-14,DCOILWTICO,21.65,USD_per_barrel
1987-07-15,DCOILWTICO,22.23,USD_per_barrel
1987-07-16,DCOILWTICO,22.44,USD_per_barrel
1987-07-17,DCOILWTICO,22.44,USD_per_barrel
1987-07-20,DCOILWTICO,22.23,USD_per_barrel
1987-07-21,DCOILWTICO,21.75,USD_per_barrel
1987-07-22,DCOILWTICO,21.73,USD_per_barrel
1987-07-23,DCOILWTICO,21.23,USD_per_barrel
1987-07-24,DCOILWTICO,20.58,USD_per_barrel
1987-07-27,DCOILWTICO,20.5,USD_per_barrel
1987-07-28,DCOILWTICO,21.35,USD_per_barrel
1987-07-29,DCOILWTICO,21.49,USD_per_barrel
1987-07-30,DCOILWTICO,21.47,USD_per_barrel
1987-07-31,DCOILWTICO,21.43,USD_per_barrel
1987-08-03,DCOILWTICO,22.21,USD_per_barrel
1987-08-04,DCOILWTICO,21.82,USD_per_barrel
1987-08-05,DCOILWTICO,21.37,USD_per_barrel
1987-08-06,DCOILWTICO,21.17,USD_per_barrel
1987-08-07,DCOILWTICO,21.01,USD_per_barrel
1987-08-10,DCOILWTICO,20.7,USD_per_barrel
1987-08-11,DCOILWTICO,21.07,USD_per_barrel
1987-08-12,DCOILWTICO,20.96,USD_per_barrel
1987-08-13,DCOILWTICO,20.76,USD_per_barrel
1987-08-14,DCOILWTICO,20.53,USD_per_barrel
1987-08-17,DCOILWTICO,19.85,USD_per_barrel
1987-08-18,DCOILWTICO,19.84,USD_per_barrel
1987-08-19,DCOILWTICO,19.71,USD_per_barrel
1987-08-20,DCOILWTICO,19.47,USD_per_barrel
1987-08-21,DCOILWTICO,19.2,USD_per_barrel
1987-08-24,DCOILWTICO,19.18,USD_per_barrel
1987-08-25,DCOILWTICO,19.3,USD_per_barrel
1987-08-26,DCOILWTICO,19.49,USD_per_barrel
1987-08-27,DCOILWTICO,19.69,USD_per_barrel
1987-08-28,DCOILWTICO,19.44,USD_per_barrel
1987-08-31,DCOILWTICO,19.76,USD_per_barrel
1987-09-01,DCOILWTICO,19.61,USD_per_barrel
1987-09-02,DCOILWTICO,19.62,USD_per_barrel
1987-09-03,DCOILWTICO,19.48,USD_per_barrel
1987-09-04,DCOILWTICO,19.34,USD_per_barrel
1987-09-07,DCOILWTICO,19.34,USD_per_barrel
1987-09-08,DCOILWTICO,18.99,USD_per_barrel
1987-09-09,DCOILWTICO,19.43,USD_per_barrel
1987-09-10,DCOILWTICO,19.72,USD_per_barrel
1987-09-11,DCOILWTICO,19.42,USD_per_barrel
1987-09-14,DCOILWTICO,19.64,USD_per_barrel
1987-09-15,DCOILWTICO,19.66,USD_per_barrel
1987-09-16,DCOILWTICO,19.71,USD_per_barrel
1987-09-17,DCOILWTICO,19.58,USD_per_barrel
1987-09-18,DCOILWTICO,19.58,USD_per_barrel
1987-09-21,DCOILWTICO,19.77,USD_per_barrel
1987-09-22,DCOILWTICO,19.35,USD_per_barrel
1987-09-23,DCOILWTICO,19.66,USD_per_barrel
1987-09-24,DCOILWTICO,19.61,USD_per_barrel
1987-09-25,DCOILWTICO,19.47,USD_per_barrel
1987-09-28,DCOILWTICO,19.48,USD_per_barrel
1987-09-29,DCOILWTICO,19.58,USD_per_barrel
1987-09-30,DCOILWTICO,19.62,USD_per_barrel
1987-10-01,DCOILWTICO,19.62,USD_per_barrel
1987-10-02,DCOILWTICO,19.88,USD_per_barrel
1987-10-05,DCOILWTICO,19.81,USD_per_barrel
1987-10-06,DCOILWTICO,19.33,USD_per_barrel
1987-10-07,DCOILWTICO,19.68,USD_per_barrel
1987-10-08,DCOILWTICO,19.77,USD_per_barrel
1987-10-09,DCOILWTICO,19.67,USD_per_barrel
1987-10-12,DCOILWTICO,19.67,USD_per_barrel
1987-10-13,DCOILWTICO,19.66,USD_per_barrel
1987-10-14,DCOILWTICO,19.79,USD_per_barrel
1987-10-15,DCOILWTICO,19.77,USD_per_barrel
1987-10-16,DCOILWTICO,20.23,USD_per_barrel
1987-10-19,DCOILWTICO,19.79,USD_per_barrel
1987-10-20,DCOILWTICO,19.79,USD_per_barrel
1987-10-21,DCOILWTICO,19.93,USD_per_barrel
1987-10-22,DCOILWTICO,20.19,USD_per_barrel
1987-10-23,DCOILWTICO,20.18,USD_per_barrel
1987-10-26,DCOILWTICO,20.0,USD_per_barrel
1987-10-27,DCOILWTICO,20.15,USD_per_barrel
1987-10-28,DCOILWTICO,20.1,USD_per_barrel
1987-10-29,DCOILWTICO,19.93,USD_per_barrel
1987-10-30,DCOILWTICO,19.96,USD_per_barrel
1987-11-02,DCOILWTICO,19.64,USD_per_barrel
1987-11-03,DCOILWTICO,19.39,USD_per_barrel
1987-11-04,DCOILWTICO,19.09,USD_per_barrel
1987-11-05,DCOILWTICO,19.02,USD_per_barrel
1987-11-06,DCOILWTICO,18.73,USD_per_barrel
1987-11-09,DCOILWTICO,18.66,USD_per_barrel
1987-11-10,DCOILWTICO,18.98,USD_per_barrel
1987-11-11,DCOILWTICO,18.92,USD_per_barrel
1987-11-12,DCOILWTICO,18.93,USD_per_barrel
1987-11-13,DCOILWTICO,18.89,USD_per_barrel
1987-11-16,DCOILWTICO,18.69,USD_per_barrel
1987-11-17,DCOILWTICO,18.28,USD_per_barrel
1987-11-18,DCOILWTICO,18.62,USD_per_barrel
1987-11-19,DCOILWTICO,18.55,USD_per_barrel
1987-11-20,DCOILWTICO,18.87,USD_per_barrel
1987-11-23,DCOILWTICO,19.31,USD_per_barrel
1987-11-24,DCOILWTICO,18.73,USD_per_barrel
1987-11-25,DCOILWTICO,18.63,USD_per_barrel
1987-11-27,DCOILWTICO,18.63,USD_per_barrel
1987-11-30,DCOILWTICO,18.52,USD_per_barrel
1987-12-01,DCOILWTICO,18.44,USD_per_barrel
1987-12-02,DCOILWTICO,18.59,USD_per_barrel
1987-12-03,DCOILWTICO,18.87,USD_per_barrel
1987-12-04,DCOILWTICO,18.68,USD_per_barrel
1987-12-07,DCOILWTICO,18.3,USD_per_barrel
1987-12-08,DCOILWTICO,18.06,USD_per_barrel
1987-12-09,DCOILWTICO,18.53,USD_per_barrel
1987-12-10,DCOILWTICO,18.51,USD_per_barrel
1987-12-11,DCOILWTICO,18.31,USD_per_barrel
1987-12-14,DCOILWTICO,17.47,USD_per_barrel
1987-12-15,DCOILWTICO,16.75,USD_per_barrel
1987-12-16,DCOILWTICO,15.97,USD_per_barrel
1987-12-17,DCOILWTICO,15.97,USD_per_barrel
1987-12-18,DCOILWTICO,15.57,USD_per_barrel
1987-12-21,DCOILWTICO,15.12,USD_per_barrel
1987-12-22,DCOILWTICO,16.6,USD_per_barrel
1987-12-23,DCOILWTICO,16.64,USD_per_barrel
1987-12-24,DCOILWTICO,16.54,USD_per_barrel
1987-12-28,DCOILWTICO,16.46,USD_per_barrel
1987-12-29,DCOILWTICO,16.95,USD_per_barrel
1987-12-30,DCOILWTICO,16.97,USD_per_barrel
1987-12-31,DCOILWTICO,16.74,USD_per_barrel
1988-01-04,DCOILWTICO,17.77,USD_per_barrel
1988-01-05,DCOILWTICO,17.89,USD_per_barrel
1988-01-06,DCOILWTICO,17.73,USD_per_barrel
1988-01-07,DCOILWTICO,17.3,USD_per_barrel
1988-01-08,DCOILWTICO,17.33,USD_per_barrel
1988-01-11,DCOILWTICO,16.63,USD_per_barrel
1988-01-12,DCOILWTICO,16.76,USD_per_barrel
1988-01-13,DCOILWTICO,16.56,USD_per_barrel
1988-01-14,DCOILWTICO,17.1,USD_per_barrel
1988-01-15,DCOILWTICO,16.92,USD_per_barrel
1988-01-18,DCOILWTICO,17.28,USD_per_barrel
1988-01-19,DCOILWTICO,17.3,USD_per_barrel
1988-01-20,DCOILWTICO,17.2,USD_per_barrel
1988-01-21,DCOILWTICO,17.21,USD_per_barrel
1988-01-22,DCOILWTICO,16.99,USD_per_barrel
1988-01-25,DCOILWTICO,17.11,USD_per_barrel
1988-01-26,DCOILWTICO,16.96,USD_per_barrel
1988-01-27,DCOILWTICO,16.64,USD_per_barrel
1988-01-28,DCOILWTICO,16.94,USD_per_barrel
1988-01-29,DCOILWTICO,16.97,USD_per_barrel
1988-02-01,DCOILWTICO,16.83,USD_per_barrel
1988-02-02,DCOILWTICO,16.92,USD_per_barrel
1988-02-03,DCOILWTICO,17.12,USD_per_barrel
1988-02-04,DCOILWTICO,17.17,USD_per_barrel
1988-02-05,DCOILWTICO,17.34,USD_per_barrel
1988-02-08,DCOILWTICO,17.7,USD_per_barrel
1988-02-09,DCOILWTICO,17.38,USD_per_barrel
1988-02-10,DCOILWTICO,17.12,USD_per_barrel
1988-02-11,DCOILWTICO,17.17,USD_per_barrel
1988-02-12,DCOILWTICO,16.84,USD_per_barrel
1988-02-15,DCOILWTICO,16.84,USD_per_barrel
1988-02-16,DCOILWTICO,16.8,USD_per_barrel
1988-02-17,DCOILWTICO,16.62,USD_per_barrel
1988-02-18,DCOILWTICO,16.5,USD_per_barrel
1988-02-19,DCOILWTICO,16.73,USD_per_barrel
1988-02-22,DCOILWTICO,16.64,USD_per_barrel
1988-02-23,DCOILWTICO,16.8,USD_per_barrel
1988-02-24,DCOILWTICO,16.58,USD_per_barrel
1988-02-25,DCOILWTICO,15.86,USD_per_barrel
1988-02-26,DCOILWTICO,15.77,USD_per_barrel
1988-02-29,DCOILWTICO,15.98,USD_per_barrel
1988-03-01,DCOILWTICO,15.57,USD_per_barrel
1988-03-02,DCOILWTICO,15.69,USD_per_barrel
1988-03-03,DCOILWTICO,15.35,USD_per_barrel
1988-03-04,DCOILWTICO,15.63,USD_per_barrel
1988-03-07,DCOILWTICO,15.35,USD_per_barrel
1988-03-08,DCOILWTICO,15.58,USD_per_barrel
1988-03-09,DCOILWTICO,15.52,USD_per_barrel
1988-03-10,DCOILWTICO,16.04,USD_per_barrel
1988-03-11,DCOILWTICO,16.2,USD_per_barrel
1988-03-14,DCOILWTICO,15.57,USD_per_barrel
1988-03-15,DCOILWTICO,15.81,USD_per_barrel
1988-03-16,DCOILWTICO,16.03,USD_per_barrel
1988-03-17,DCOILWTICO,16.39,USD_per_barrel
1988-03-18,DCOILWTICO,16.61,USD_per_barrel
1988-03-21,DCOILWTICO,16.52,USD_per_barrel
1988-03-22,DCOILWTICO,16.02,USD_per_barrel
1988-03-23,DCOILWTICO,16.58,USD_per_barrel
1988-03-24,DCOILWTICO,16.73,USD_per_barrel
1988-03-25,DCOILWTICO,17.07,USD_per_barrel
1988-03-28,DCOILWTICO,17.05,USD_per_barrel
1988-03-29,DCOILWTICO,17.08,USD_per_barrel
1988-03-30,DCOILWTICO,17.06,USD_per_barrel
1988-03-31,DCOILWTICO,17.09,USD_per_barrel
1988-04-04,DCOILWTICO,16.99,USD_per_barrel
1988-04-05,DCOILWTICO,16.72,USD_per_barrel
1988-04-06,DCOILWTICO,16.8,USD_per_barrel
1988-04-07,DCOILWTICO,17.05,USD_per_barrel
1988-04-08,DCOILWTICO,16.87,USD_per_barrel
1988-04-11,DCOILWTICO,17.87,USD_per_barrel
1988-04-12,DCOILWTICO,18.06,USD_per_barrel
1988-04-13,DCOILWTICO,18.12,USD_per_barrel
1988-04-14,DCOILWTICO,18.4,USD_per_barrel
1988-04-15,DCOILWTICO,18.32,USD_per_barrel
1988-04-18,DCOILWTICO,18.5,USD_per_barrel
1988-04-19,DCOILWTICO,17.92,USD_per_barrel
1988-04-20,DCOILWTICO,17.93,USD_per_barrel
1988-04-21,DCOILWTICO,18.34,USD_per_barrel
1988-04-22,DCOILWTICO,18.13,USD_per_barrel
1988-04-25,DCOILWTICO,18.36,USD_per_barrel
1988-04-26,DCOILWTICO,18.54,USD_per_barrel
1988-04-27,DCOILWTICO,18.32,USD_per_barrel
1988-04-28,DCOILWTICO,17.91,USD_per_barrel
1988-04-29,DCOILWTICO,18.1,USD_per_barrel
1988-05-02,DCOILWTICO,17.12,USD_per_barrel
1988-05-03,DCOILWTICO,17.3,USD_per_barrel
1988-05-04,DCOILWTICO,17.23,USD_per_barrel
1988-05-05,DCOILWTICO,17.41,USD_per_barrel
1988-05-06,DCOILWTICO,17.63,USD_per_barrel
1988-05-09,DCOILWTICO,17.56,USD_per_barrel
1988-05-10,DCOILWTICO,17.5,USD_per_barrel
1988-05-11,DCOILWTICO,17.48,USD_per_barrel
1988-05-12,DCOILWTICO,17.49,USD_per_barrel
1988-05-13,DCOILWTICO,17.53,USD_per_barrel
1988-05-16,DCOILWTICO,17.7,USD_per_barrel
1988-05-17,DCOILWTICO,17.72,USD_per_barrel
1988-05-18,DCOILWTICO,17.39,USD_per_barrel
1988-05-19,DCOILWTICO,17.43,USD_per_barrel
1988-05-20,DCOILWTICO,17.41,USD_per_barrel
1988-05-23,DCOILWTICO,17.01,USD_per_barrel
1988-05-24,DCOILWTICO,17.04,USD_per_barrel
1988-05-25,DCOILWTICO,17.39,USD_per_barrel
1988-05-26,DCOILWTICO,17.54,USD_per_barrel
1988-05-27,DCOILWTICO,17.45,USD_per_barrel
1988-05-30,DCOILWTICO,17.45,USD_per_barrel
1988-05-31,DCOILWTICO,17.54,USD_per_barrel
1988-06-01,DCOILWTICO,17.6,USD_per_barrel
1988-06-02,DCOILWTICO,17.67,USD_per_barrel
1988-06-03,DCOILWTICO,17.51,USD_per_barrel
1988-06-06,DCOILWTICO,17.28,USD_per_barrel
1988-06-07,DCOILWTICO,17.32,USD_per_barrel
1988-06-08,DCOILWTICO,17.35,USD_per_barrel
1988-06-09,DCOILWTICO,17.09,USD_per_barrel
1988-06-10,DCOILWTICO,16.7,USD_per_barrel
1988-06-13,DCOILWTICO,16.43,USD_per_barrel
1988-06-14,DCOILWTICO,16.85,USD_per_barrel
1988-06-15,DCOILWTICO,16.56,USD_per_barrel
1988-06-16,DCOILWTICO,16.62,USD_per_barrel
1988-06-17,DCOILWTICO,16.43,USD_per_barrel
1988-06-20,DCOILWTICO,16.02,USD_per_barrel
1988-06-21,DCOILWTICO,15.82,USD_per_barrel
1988-06-22,DCOILWTICO,16.03,USD_per_barrel
1988-06-23,DCOILWTICO,15.86,USD_per_barrel
1988-06-24,DCOILWTICO,16.03,USD_per_barrel
1988-06-27,DCOILWTICO,15.86,USD_per_barrel
1988-06-28,DCOILWTICO,16.01,USD_per_barrel
1988-06-29,DCOILWTICO,15.37,USD_per_barrel
1988-06-30,DCOILWTICO,15.2,USD_per_barrel
1988-07-01,DCOILWTICO,14.92,USD_per_barrel
1988-07-05,DCOILWTICO,15.11,USD_per_barrel
1988-07-06,DCOILWTICO,15.44,USD_per_barrel
1988-07-07,DCOILWTICO,15.83,USD_per_barrel
1988-07-08,DCOILWTICO,15.42,USD_per_barrel
1988-07-11,DCOILWTICO,14.56,USD_per_barrel
1988-07-12,DCOILWTICO,14.61,USD_per_barrel
1988-07-13,DCOILWTICO,14.35,USD_per_barrel
1988-07-14,DCOILWTICO,14.84,USD_per_barrel
1988-07-15,DCOILWTICO,14.85,USD_per_barrel
1988-07-18,DCOILWTICO,15.84,USD_per_barrel
1988-07-19,DCOILWTICO,15.16,USD_per_barrel
1988-07-20,DCOILWTICO,15.76,USD_per_barrel
1988-07-21,DCOILWTICO,16.28,USD_per_barrel
1988-07-22,DCOILWTICO,16.27,USD_per_barrel
1988-07-25,DCOILWTICO,16.09,USD_per_barrel
1988-07-26,DCOILWTICO,15.99,USD_per_barrel
1988-07-27,DCOILWTICO,16.18,USD_per_barrel
1988-07-28,DCOILWTICO,16.08,USD_per_barrel
1988-07-29,DCOILWTICO,16.37,USD_per_barrel
1988-08-01,DCOILWTICO,16.07,USD_per_barrel
1988-08-02,DCOILWTICO,15.57,USD_per_barrel
1988-08-03,DCOILWTICO,15.2,USD_per_barrel
1988-08-04,DCOILWTICO,15.12,USD_per_barrel
1988-08-05,DCOILWTICO,15.31,USD_per_barrel
1988-08-08,DCOILWTICO,15.84,USD_per_barrel
1988-08-09,DCOILWTICO,15.56,USD_per_barrel
1988-08-10,DCOILWTICO,15.65,USD_per_barrel
1988-08-11,DCOILWTICO,15.75,USD_per_barrel
1988-08-12,DCOILWTICO,15.54,USD_per_barrel
1988-08-15,DCOILWTICO,15.59,USD_per_barrel
1988-08-16,DCOILWTICO,15.51,USD_per_barrel
1988-08-17,DCOILWTICO,15.46,USD_per_barrel
1988-08-18,DCOILWTICO,15.59,USD_per_barrel
1988-08-19,DCOILWTICO,15.77,USD_per_barrel
1988-08-22,DCOILWTICO,15.75,USD_per_barrel
1988-08-23,DCOILWTICO,15.71,USD_per_barrel
1988-08-24,DCOILWTICO,15.55,USD_per_barrel
1988-08-25,DCOILWTICO,15.33,USD_per_barrel
1988-08-26,DCOILWTICO,15.35,USD_per_barrel
1988-08-29,DCOILWTICO,15.24,USD_per_barrel
1988-08-30,DCOILWTICO,15.39,USD_per_barrel
1988-08-31,DCOILWTICO,15.19,USD_per_barrel
1988-09-01,DCOILWTICO,15.05,USD_per_barrel
1988-09-02,DCOILWTICO,14.79,USD_per_barrel
1988-09-05,DCOILWTICO,14.79,USD_per_barrel
1988-09-06,DCOILWTICO,14.25,USD_per_barrel
1988-09-07,DCOILWTICO,14.29,USD_per_barrel
1988-09-08,DCOILWTICO,14.51,USD_per_barrel
1988-09-09,DCOILWTICO,14.14,USD_per_barrel
1988-09-12,DCOILWTICO,14.48,USD_per_barrel
1988-09-13,DCOILWTICO,14.55,USD_per_barrel
1988-09-14,DCOILWTICO,15.38,USD_per_barrel
1988-09-15,DCOILWTICO,14.86,USD_per_barrel
1988-09-16,DCOILWTICO,14.5,USD_per_barrel
1988-09-19,DCOILWTICO,14.72,USD_per_barrel
1988-09-20,DCOILWTICO,15.08,USD_per_barrel
1988-09-21,DCOILWTICO,15.19,USD_per_barrel
1988-09-22,DCOILWTICO,15.25,USD_per_barrel
1988-09-23,DCOILWTICO,14.26,USD_per_barrel
1988-09-26,DCOILWTICO,14.16,USD_per_barrel
1988-09-27,DCOILWTICO,14.22,USD_per_barrel
1988-09-28,DCOILWTICO,14.07,USD_per_barrel
1988-09-29,DCOILWTICO,13.91,USD_per_barrel
1988-09-30,DCOILWTICO,13.33,USD_per_barrel
1988-10-03,DCOILWTICO,13.03,USD_per_barrel
1988-10-04,DCOILWTICO,13.03,USD_per_barrel
1988-10-05,DCOILWTICO,12.58,USD_per_barrel
1988-10-06,DCOILWTICO,12.62,USD_per_barrel
1988-10-07,DCOILWTICO,12.99,USD_per_barrel
1988-10-10,DCOILWTICO,13.59,USD_per_barrel
1988-10-11,DCOILWTICO,13.63,USD_per_barrel
1988-10-12,DCOILWTICO,14.02,USD_per_barrel
1988-10-13,DCOILWTICO,14.26,USD_per_barrel
1988-10-14,DCOILWTICO,14.9,USD_per_barrel
1988-10-17,DCOILWTICO,15.16,USD_per_barrel
1988-10-18,DCOILWTICO,14.63,USD_per_barrel
1988-10-19,DCOILWTICO,15.33,USD_per_barrel
1988-10-20,DCOILWTICO,14.44,USD_per_barrel
1988-10-21,DCOILWTICO,14.22,USD_per_barrel
1988-10-24,DCOILWTICO,12.94,USD_per_barrel
1988-10-25,DCOILWTICO,13.36,USD_per_barrel
1988-10-26,DCOILWTICO,13.45,USD_per_barrel
1988-10-27,DCOILWTICO,13.67,USD_per_barrel
1988-10-28,DCOILWTICO,13.79,USD_per_barrel
1988-10-31,DCOILWTICO,13.54,USD_per_barrel
1988-11-01,DCOILWTICO,13.52,USD_per_barrel
1988-11-02,DCOILWTICO,13.78,USD_per_barrel
1988-11-03,DCOILWTICO,13.89,USD_per_barrel
1988-11-04,DCOILWTICO,14.04,USD_per_barrel
1988-11-07,DCOILWTICO,14.08,USD_per_barrel
1988-11-08,DCOILWTICO,13.7,USD_per_barrel
1988-11-09,DCOILWTICO,13.88,USD_per_barrel
1988-11-10,DCOILWTICO,13.99,USD_per_barrel
1988-11-11,DCOILWTICO,13.99,USD_per_barrel
1988-11-14,DCOILWTICO,14.25,USD_per_barrel
1988-11-15,DCOILWTICO,14.03,USD_per_barrel
1988-11-16,DCOILWTICO,13.68,USD_per_barrel
1988-11-17,DCOILWTICO,13.3,USD_per_barrel
1988-11-18,DCOILWTICO,13.47,USD_per_barrel
1988-11-21,DCOILWTICO,13.73,USD_per_barrel
1988-11-22,DCOILWTICO,14.78,USD_per_barrel
1988-11-23,DCOILWTICO,14.11,USD_per_barrel
1988-11-24,DCOILWTICO,14.11,USD_per_barrel
1988-11-25,DCOILWTICO,15.43,USD_per_barrel
1988-11-28,DCOILWTICO,14.93,USD_per_barrel
1988-11-29,DCOILWTICO,15.0,USD_per_barrel
1988-11-30,DCOILWTICO,15.42,USD_per_barrel
1988-12-01,DCOILWTICO,15.63,USD_per_barrel
1988-12-02,DCOILWTICO,15.69,USD_per_barrel
1988-12-05,DCOILWTICO,15.36,USD_per_barrel
1988-12-06,DCOILWTICO,15.51,USD_per_barrel
1988-12-07,DCOILWTICO,15.8,USD_per_barrel
1988-12-08,DCOILWTICO,15.48,USD_per_barrel
1988-12-09,DCOILWTICO,15.9,USD_per_barrel
1988-12-12,DCOILWTICO,16.08,USD_per_barrel
1988-12-13,DCOILWTICO,15.93,USD_per_barrel
1988-12-14,DCOILWTICO,16.33,USD_per_barrel
1988-12-15,DCOILWTICO,16.39,USD_per_barrel
1988-12-16,DCOILWTICO,16.81,USD_per_barrel
1988-12-19,DCOILWTICO,16.24,USD_per_barrel
1988-12-20,DCOILWTICO,17.68,USD_per_barrel
1988-12-21,DCOILWTICO,17.27,USD_per_barrel
1988-12-22,DCOILWTICO,17.36,USD_per_barrel
1988-12-23,DCOILWTICO,16.63,USD_per_barrel
1988-12-27,DCOILWTICO,16.98,USD_per_barrel
1988-12-28,DCOILWTICO,17.03,USD_per_barrel
1988-12-29,DCOILWTICO,16.81,USD_per_barrel
1988-12-30,DCOILWTICO,17.12,USD_per_barrel
1989-01-03,DCOILWTICO,17.38,USD_per_barrel
1989-01-04,DCOILWTICO,16.99,USD_per_barrel
1989-01-05,DCOILWTICO,17.45,USD_per_barrel
1989-01-06,DCOILWTICO,17.56,USD_per_barrel
1989-01-09,DCOILWTICO,17.74,USD_per_barrel
1989-01-10,DCOILWTICO,17.8,USD_per_barrel
1989-01-11,DCOILWTICO,18.16,USD_per_barrel
1989-01-12,DCOILWTICO,18.11,USD_per_barrel
1989-01-13,DCOILWTICO,18.49,USD_per_barrel
1989-01-16,DCOILWTICO,18.88,USD_per_barrel
1989-01-17,DCOILWTICO,19.03,USD_per_barrel
1989-01-18,DCOILWTICO,19.2,USD_per_barrel
1989-01-19,DCOILWTICO,19.28,USD_per_barrel
1989-01-20,DCOILWTICO,18.85,USD_per_barrel
1989-01-23,DCOILWTICO,17.66,USD_per_barrel
1989-01-24,DCOILWTICO,17.96,USD_per_barrel
1989-01-25,DCOILWTICO,18.23,USD_per_barrel
1989-01-26,DCOILWTICO,17.68,USD_per_barrel
1989-01-27,DCOILWTICO,17.74,USD_per_barrel
1989-01-30,DCOILWTICO,17.32,USD_per_barrel
1989-01-31,DCOILWTICO,17.0,USD_per_barrel
1989-02-01,DCOILWTICO,17.5,USD_per_barrel
1989-02-02,DCOILWTICO,17.72,USD_per_barrel
1989-02-03,DCOILWTICO,17.51,USD_per_barrel
1989-02-06,DCOILWTICO,17.38,USD_per_barrel
1989-02-07,DCOILWTICO,17.55,USD_per_barrel
1989-02-08,DCOILWTICO,17.49,USD_per_barrel
1989-02-09,DCOILWTICO,17.42,USD_per_barrel
1989-02-10,DCOILWTICO,17.11,USD_per_barrel
1989-02-13,DCOILWTICO,17.61,USD_per_barrel
1989-02-14,DCOILWTICO,17.6,USD_per_barrel
1989-02-15,DCOILWTICO,18.23,USD_per_barrel
1989-02-16,DCOILWTICO,18.35,USD_per_barrel
1989-02-17,DCOILWTICO,18.6,USD_per_barrel
1989-02-20,DCOILWTICO,18.6,USD_per_barrel
1989-02-21,DCOILWTICO,18.64,USD_per_barrel
1989-02-22,DCOILWTICO,18.5,USD_per_barrel
1989-02-23,DCOILWTICO,18.49,USD_per_barrel
1989-02-24,DCOILWTICO,18.06,USD_per_barrel
1989-02-27,DCOILWTICO,18.16,USD_per_barrel
1989-02-28,DCOILWTICO,18.21,USD_per_barrel
1989-03-01,DCOILWTICO,18.3,USD_per_barrel
1989-03-02,DCOILWTICO,18.68,USD_per_barrel
1989-03-03,DCOILWTICO,18.67,USD_per_barrel
1989-03-06,DCOILWTICO,18.73,USD_per_barrel
1989-03-07,DCOILWTICO,18.12,USD_per_barrel
1989-03-08,DCOILWTICO,18.57,USD_per_barrel
1989-03-09,DCOILWTICO,18.53,USD_per_barrel
1989-03-10,DCOILWTICO,18.53,USD_per_barrel
1989-03-13,DCOILWTICO,19.05,USD_per_barrel
1989-03-14,DCOILWTICO,19.47,USD_per_barrel
1989-03-15,DCOILWTICO,19.84,USD_per_barrel
1989-03-16,DCOILWTICO,19.86,USD_per_barrel
1989-03-17,DCOILWTICO,20.34,USD_per_barrel
1989-03-20,DCOILWTICO,19.53,USD_per_barrel
1989-03-21,DCOILWTICO,20.08,USD_per_barrel
1989-03-22,DCOILWTICO,20.21,USD_per_barrel
1989-03-23,DCOILWTICO,20.16,USD_per_barrel
1989-03-27,DCOILWTICO,20.55,USD_per_barrel
1989-03-28,DCOILWTICO,19.93,USD_per_barrel
1989-03-29,DCOILWTICO,20.2,USD_per_barrel
1989-03-30,DCOILWTICO,21.03,USD_per_barrel
1989-03-31,DCOILWTICO,20.27,USD_per_barrel
1989-04-03,DCOILWTICO,20.03,USD_per_barrel
1989-04-04,DCOILWTICO,20.59,USD_per_barrel
1989-04-05,DCOILWTICO,20.07,USD_per_barrel
1989-04-06,DCOILWTICO,19.85,USD_per_barrel
1989-04-07,DCOILWTICO,20.03,USD_per_barrel
1989-04-10,DCOILWTICO,20.65,USD_per_barrel
1989-04-11,DCOILWTICO,20.56,USD_per_barrel
1989-04-12,DCOILWTICO,20.66,USD_per_barrel
1989-04-13,DCOILWTICO,20.26,USD_per_barrel
1989-04-14,DCOILWTICO,20.68,USD_per_barrel
1989-04-17,DCOILWTICO,21.23,USD_per_barrel
1989-04-18,DCOILWTICO,21.74,USD_per_barrel
1989-04-19,DCOILWTICO,22.66,USD_per_barrel
1989-04-20,DCOILWTICO,24.62,USD_per_barrel
1989-04-21,DCOILWTICO,23.38,USD_per_barrel
1989-04-24,DCOILWTICO,20.64,USD_per_barrel
1989-04-25,DCOILWTICO,21.32,USD_per_barrel
1989-04-26,DCOILWTICO,21.2,USD_per_barrel
1989-04-27,DCOILWTICO,20.83,USD_per_barrel
1989-04-28,DCOILWTICO,20.38,USD_per_barrel
1989-05-01,DCOILWTICO,20.66,USD_per_barrel
1989-05-02,DCOILWTICO,19.73,USD_per_barrel
1989-05-03,DCOILWTICO,20.13,USD_per_barrel
1989-05-04,DCOILWTICO,20.57,USD_per_barrel
1989-05-05,DCOILWTICO,20.08,USD_per_barrel
1989-05-08,DCOILWTICO,19.41,USD_per_barrel
1989-05-09,DCOILWTICO,19.54,USD_per_barrel
1989-05-10,DCOILWTICO,19.56,USD_per_barrel
1989-05-11,DCOILWTICO,20.13,USD_per_barrel
1989-05-12,DCOILWTICO,20.12,USD_per_barrel
1989-05-15,DCOILWTICO,20.53,USD_per_barrel
1989-05-16,DCOILWTICO,20.58,USD_per_barrel
1989-05-17,DCOILWTICO,20.15,USD_per_barrel
1989-05-18,DCOILWTICO,20.25,USD_per_barrel
1989-05-19,DCOILWTICO,20.58,USD_per_barrel
1989-05-22,DCOILWTICO,20.92,USD_per_barrel
1989-05-23,DCOILWTICO,21.77,USD_per_barrel
1989-05-24,DCOILWTICO,19.68,USD_per_barrel
1989-05-25,DCOILWTICO,19.46,USD_per_barrel
1989-05-26,DCOILWTICO,19.55,USD_per_barrel
1989-05-29,DCOILWTICO,19.55,USD_per_barrel
1989-05-30,DCOILWTICO,19.96,USD_per_barrel
1989-05-31,DCOILWTICO,19.93,USD_per_barrel
1989-06-01,DCOILWTICO,19.83,USD_per_barrel
1989-06-02,DCOILWTICO,20.18,USD_per_barrel
1989-06-05,DCOILWTICO,20.5,USD_per_barrel
1989-06-06,DCOILWTICO,20.38,USD_per_barrel
1989-06-07,DCOILWTICO,19.7,USD_per_barrel
1989-06-08,DCOILWTICO,19.94,USD_per_barrel
1989-06-09,DCOILWTICO,19.87,USD_per_barrel
1989-06-12,DCOILWTICO,19.3,USD_per_barrel
1989-06-13,DCOILWTICO,19.5,USD_per_barrel
1989-06-14,DCOILWTICO,20.37,USD_per_barrel
1989-06-15,DCOILWTICO,20.56,USD_per_barrel
1989-06-16,DCOILWTICO,19.98,USD_per_barrel
1989-06-19,DCOILWTICO,20.88,USD_per_barrel
1989-06-20,DCOILWTICO,19.88,USD_per_barrel
1989-06-21,DCOILWTICO,19.74,USD_per_barrel
1989-06-22,DCOILWTICO,19.53,USD_per_barrel
1989-06-23,DCOILWTICO,19.71,USD_per_barrel
1989-06-26,DCOILWTICO,20.28,USD_per_barrel
1989-06-27,DCOILWTICO,20.38,USD_per_barrel
1989-06-28,DCOILWTICO,20.04,USD_per_barrel
1989-06-29,DCOILWTICO,20.27,USD_per_barrel
1989-06-30,DCOILWTICO,20.29,USD_per_barrel
1989-07-03,DCOILWTICO,20.55,USD_per_barrel
1989-07-04,DCOILWTICO,20.29,USD_per_barrel
1989-07-05,DCOILWTICO,20.98,USD_per_barrel
1989-07-06,DCOILWTICO,20.35,USD_per_barrel
1989-07-07,DCOILWTICO,20.78,USD_per_barrel
1989-07-10,DCOILWTICO,20.38,USD_per_barrel
1989-07-11,DCOILWTICO,20.75,USD_per_barrel
1989-07-12,DCOILWTICO,20.2,USD_per_barrel
1989-07-13,DCOILWTICO,20.42,USD_per_barrel
1989-07-14,DCOILWTICO,20.36,USD_per_barrel
1989-07-17,DCOILWTICO,20.49,USD_per_barrel
1989-07-18,DCOILWTICO,20.21,USD_per_barrel
1989-07-19,DCOILWTICO,19.83,USD_per_barrel
1989-07-20,DCOILWTICO,19.92,USD_per_barrel
1989-07-21,DCOILWTICO,19.86,USD_per_barrel
1989-07-24,DCOILWTICO,18.76,USD_per_barrel
1989-07-25,DCOILWTICO,18.52,USD_per_barrel
1989-07-26,DCOILWTICO,18.32,USD_per_barrel
1989-07-27,DCOILWTICO,18.15,USD_per_barrel
1989-07-28,DCOILWTICO,17.96,USD_per_barrel
1989-07-31,DCOILWTICO,18.33,USD_per_barrel
1989-08-01,DCOILWTICO,17.91,USD_per_barrel
1989-08-02,DCOILWTICO,18.28,USD_per_barrel
1989-08-03,DCOILWTICO,18.18,USD_per_barrel
1989-08-04,DCOILWTICO,18.05,USD_per_barrel
1989-08-07,DCOILWTICO,17.91,USD_per_barrel
1989-08-08,DCOILWTICO,18.06,USD_per_barrel
1989-08-09,DCOILWTICO,18.23,USD_per_barrel
1989-08-10,DCOILWTICO,18.58,USD_per_barrel
1989-08-11,DCOILWTICO,18.46,USD_per_barrel
1989-08-14,DCOILWTICO,18.6,USD_per_barrel
1989-08-15,DCOILWTICO,18.78,USD_per_barrel
1989-08-16,DCOILWTICO,18.99,USD_per_barrel
1989-08-17,DCOILWTICO,18.67,USD_per_barrel
1989-08-18,DCOILWTICO,18.82,USD_per_barrel
1989-08-21,DCOILWTICO,19.1,USD_per_barrel
1989-08-22,DCOILWTICO,19.01,USD_per_barrel
1989-08-23,DCOILWTICO,19.15,USD_per_barrel
1989-08-24,DCOILWTICO,19.02,USD_per_barrel
1989-08-25,DCOILWTICO,18.53,USD_per_barrel
1989-08-28,DCOILWTICO,18.69,USD_per_barrel
1989-08-29,DCOILWTICO,18.59,USD_per_barrel
1989-08-30,DCOILWTICO,18.85,USD_per_barrel
1989-08-31,DCOILWTICO,18.83,USD_per_barrel
1989-09-01,DCOILWTICO,18.88,USD_per_barrel
1989-09-04,DCOILWTICO,18.88,USD_per_barrel
1989-09-05,DCOILWTICO,19.08,USD_per_barrel
1989-09-06,DCOILWTICO,19.41,USD_per_barrel
1989-09-07,DCOILWTICO,19.4,USD_per_barrel
1989-09-08,DCOILWTICO,19.77,USD_per_barrel
1989-09-11,DCOILWTICO,19.77,USD_per_barrel
1989-09-12,DCOILWTICO,19.68,USD_per_barrel
1989-09-13,DCOILWTICO,19.87,USD_per_barrel
1989-09-14,DCOILWTICO,19.73,USD_per_barrel
1989-09-15,DCOILWTICO,19.96,USD_per_barrel
1989-09-18,DCOILWTICO,19.87,USD_per_barrel
1989-09-19,DCOILWTICO,19.68,USD_per_barrel
1989-09-20,DCOILWTICO,19.68,USD_per_barrel
1989-09-21,DCOILWTICO,19.69,USD_per_barrel
1989-09-22,DCOILWTICO,19.21,USD_per_barrel
1989-09-25,DCOILWTICO,19.49,USD_per_barrel
1989-09-26,DCOILWTICO,19.62,USD_per_barrel
1989-09-27,DCOILWTICO,19.61,USD_per_barrel
1989-09-28,DCOILWTICO,19.99,USD_per_barrel
1989-09-29,DCOILWTICO,20.15,USD_per_barrel
1989-10-02,DCOILWTICO,19.99,USD_per_barrel
1989-10-03,DCOILWTICO,20.15,USD_per_barrel
1989-10-04,DCOILWTICO,20.17,USD_per_barrel
1989-10-05,DCOILWTICO,19.95,USD_per_barrel
1989-10-06,DCOILWTICO,19.89,USD_per_barrel
1989-10-09,DCOILWTICO,20.04,USD_per_barrel
1989-10-10,DCOILWTICO,20.21,USD_per_barrel
1989-10-11,DCOILWTICO,20.18,USD_per_barrel
1989-10-12,DCOILWTICO,20.49,USD_per_barrel
1989-10-13,DCOILWTICO,20.91,USD_per_barrel
1989-10-16,DCOILWTICO,20.64,USD_per_barrel
1989-10-17,DCOILWTICO,20.68,USD_per_barrel
1989-10-18,DCOILWTICO,20.58,USD_per_barrel
1989-10-19,DCOILWTICO,20.37,USD_per_barrel
1989-10-20,DCOILWTICO,20.04,USD_per_barrel
1989-10-23,DCOILWTICO,19.67,USD_per_barrel
1989-10-24,DCOILWTICO,19.7,USD_per_barrel
1989-10-25,DCOILWTICO,19.6,USD_per_barrel
1989-10-26,DCOILWTICO,19.48,USD_per_barrel
1989-10-27,DCOILWTICO,19.79,USD_per_barrel
1989-10-30,DCOILWTICO,19.74,USD_per_barrel
1989-10-31,DCOILWTICO,19.88,USD_per_barrel
1989-11-01,DCOILWTICO,20.09,USD_per_barrel
1989-11-02,DCOILWTICO,20.01,USD_per_barrel
1989-11-03,DCOILWTICO,20.23,USD_per_barrel
1989-11-06,DCOILWTICO,20.06,USD_per_barrel
1989-11-07,DCOILWTICO,19.97,USD_per_barrel
1989-11-08,DCOILWTICO,19.97,USD_per_barrel
1989-11-09,DCOILWTICO,19.62,USD_per_barrel
1989-11-10,DCOILWTICO,19.84,USD_per_barrel
1989-11-13,DCOILWTICO,19.62,USD_per_barrel
1989-11-14,DCOILWTICO,19.58,USD_per_barrel
1989-11-15,DCOILWTICO,19.69,USD_per_barrel
1989-11-16,DCOILWTICO,19.88,USD_per_barrel
1989-11-17,DCOILWTICO,19.93,USD_per_barrel
1989-11-20,DCOILWTICO,20.13,USD_per_barrel
1989-11-21,DCOILWTICO,20.52,USD_per_barrel
1989-11-22,DCOILWTICO,19.8,USD_per_barrel
1989-11-23,DCOILWTICO,19.8,USD_per_barrel
1989-11-24,DCOILWTICO,19.84,USD_per_barrel
1989-11-27,DCOILWTICO,19.65,USD_per_barrel
1989-11-28,DCOILWTICO,19.33,USD_per_barrel
1989-11-29,DCOILWTICO,19.4,USD_per_barrel
1989-11-30,DCOILWTICO,19.87,USD_per_barrel
1989-12-01,DCOILWTICO,20.26,USD_per_barrel
1989-12-04,DCOILWTICO,20.24,USD_per_barrel
1989-12-05,DCOILWTICO,20.22,USD_per_barrel
1989-12-06,DCOILWTICO,20.46,USD_per_barrel
1989-12-07,DCOILWTICO,20.45,USD_per_barrel
1989-12-08,DCOILWTICO,20.41,USD_per_barrel
1989-12-11,DCOILWTICO,20.69,USD_per_barrel
1989-12-12,DCOILWTICO,20.8,USD_per_barrel
1989-12-13,DCOILWTICO,20.75,USD_per_barrel
1989-12-14,DCOILWTICO,20.67,USD_per_barrel
1989-12-15,DCOILWTICO,21.13,USD_per_barrel
1989-12-18,DCOILWTICO,22.2,USD_per_barrel
1989-12-19,DCOILWTICO,22.17,USD_per_barrel
1989-12-20,DCOILWTICO,21.58,USD_per_barrel
1989-12-21,DCOILWTICO,21.53,USD_per_barrel
1989-12-22,DCOILWTICO,21.31,USD_per_barrel
1989-12-26,DCOILWTICO,21.91,USD_per_barrel
1989-12-27,DCOILWTICO,21.78,USD_per_barrel
1989-12-28,DCOILWTICO,21.6,USD_per_barrel
1989-12-29,DCOILWTICO,21.84,USD_per_barrel
1990-01-02,DCOILWTICO,22.88,USD_per_barrel
1990-01-03,DCOILWTICO,23.81,USD_per_barrel
1990-01-04,DCOILWTICO,23.41,USD_per_barrel
1990-01-05,DCOILWTICO,23.07,USD_per_barrel
1990-01-08,DCOILWTICO,21.64,USD_per_barrel
1990-01-09,DCOILWTICO,22.25,USD_per_barrel
1990-01-10,DCOILWTICO,22.9,USD_per_barrel
1990-01-11,DCOILWTICO,23.15,USD_per_barrel
1990-01-12,DCOILWTICO,23.17,USD_per_barrel
1990-01-15,DCOILWTICO,22.36,USD_per_barrel
1990-01-16,DCOILWTICO,22.61,USD_per_barrel
1990-01-17,DCOILWTICO,22.11,USD_per_barrel
1990-01-18,DCOILWTICO,22.78,USD_per_barrel
1990-01-19,DCOILWTICO,23.7,USD_per_barrel
1990-01-22,DCOILWTICO,22.57,USD_per_barrel
1990-01-23,DCOILWTICO,22.34,USD_per_barrel
1990-01-24,DCOILWTICO,23.43,USD_per_barrel
1990-01-25,DCOILWTICO,24.48,USD_per_barrel
1990-01-26,DCOILWTICO,22.56,USD_per_barrel
1990-01-29,DCOILWTICO,22.79,USD_per_barrel
1990-01-30,DCOILWTICO,22.29,USD_per_barrel
1990-01-31,DCOILWTICO,22.69,USD_per_barrel
1990-02-01,DCOILWTICO,22.71,USD_per_barrel
1990-02-02,DCOILWTICO,23.04,USD_per_barrel
1990-02-05,DCOILWTICO,22.44,USD_per_barrel
1990-02-06,DCOILWTICO,22.36,USD_per_barrel
1990-02-07,DCOILWTICO,22.4,USD_per_barrel
1990-02-08,DCOILWTICO,22.11,USD_per_barrel
1990-02-09,DCOILWTICO,21.82,USD_per_barrel
1990-02-12,DCOILWTICO,22.02,USD_per_barrel
1990-02-13,DCOILWTICO,21.88,USD_per_barrel
1990-02-14,DCOILWTICO,22.12,USD_per_barrel
1990-02-15,DCOILWTICO,22.86,USD_per_barrel
1990-02-16,DCOILWTICO,22.46,USD_per_barrel
1990-02-19,DCOILWTICO,22.46,USD_per_barrel
1990-02-20,DCOILWTICO,22.2,USD_per_barrel
1990-02-21,DCOILWTICO,21.87,USD_per_barrel
1990-02-22,DCOILWTICO,21.4,USD_per_barrel
1990-02-23,DCOILWTICO,21.13,USD_per_barrel
1990-02-26,DCOILWTICO,21.81,USD_per_barrel
1990-02-27,DCOILWTICO,21.62,USD_per_barrel
1990-02-28,DCOILWTICO,21.55,USD_per_barrel
1990-03-01,DCOILWTICO,21.19,USD_per_barrel
1990-03-02,DCOILWTICO,21.36,USD_per_barrel
1990-03-05,DCOILWTICO,21.62,USD_per_barrel
1990-03-06,DCOILWTICO,21.3,USD_per_barrel
1990-03-07,DCOILWTICO,20.93,USD_per_barrel
1990-03-08,DCOILWTICO,20.8,USD_per_barrel
1990-03-09,DCOILWTICO,20.42,USD_per_barrel
1990-03-12,DCOILWTICO,20.26,USD_per_barrel
1990-03-13,DCOILWTICO,20.15,USD_per_barrel
1990-03-14,DCOILWTICO,20.07,USD_per_barrel
1990-03-15,DCOILWTICO,20.38,USD_per_barrel
1990-03-16,DCOILWTICO,20.09,USD_per_barrel
1990-03-19,DCOILWTICO,19.6,USD_per_barrel
1990-03-20,DCOILWTICO,19.34,USD_per_barrel
1990-03-21,DCOILWTICO,19.59,USD_per_barrel
1990-03-22,DCOILWTICO,19.85,USD_per_barrel
1990-03-23,DCOILWTICO,20.28,USD_per_barrel
1990-03-26,DCOILWTICO,20.48,USD_per_barrel
1990-03-27,DCOILWTICO,20.36,USD_per_barrel
1990-03-28,DCOILWTICO,20.09,USD_per_barrel
1990-03-29,DCOILWTICO,20.03,USD_per_barrel
1990-03-30,DCOILWTICO,20.34,USD_per_barrel
1990-04-02,DCOILWTICO,20.51,USD_per_barrel
1990-04-03,DCOILWTICO,20.23,USD_per_barrel
1990-04-04,DCOILWTICO,19.78,USD_per_barrel
1990-04-05,DCOILWTICO,19.48,USD_per_barrel
1990-04-06,DCOILWTICO,19.15,USD_per_barrel
1990-04-09,DCOILWTICO,18.32,USD_per_barrel
1990-04-10,DCOILWTICO,17.56,USD_per_barrel
1990-04-11,DCOILWTICO,18.19,USD_per_barrel
1990-04-12,DCOILWTICO,17.76,USD_per_barrel
1990-04-16,DCOILWTICO,17.87,USD_per_barrel
1990-04-17,DCOILWTICO,17.37,USD_per_barrel
1990-04-18,DCOILWTICO,16.95,USD_per_barrel
1990-04-19,DCOILWTICO,17.93,USD_per_barrel
1990-04-20,DCOILWTICO,17.9,USD_per_barrel
1990-04-23,DCOILWTICO,18.6,USD_per_barrel
1990-04-24,DCOILWTICO,17.85,USD_per_barrel
1990-04-25,DCOILWTICO,17.49,USD_per_barrel
1990-04-26,DCOILWTICO,18.5,USD_per_barrel
1990-04-27,DCOILWTICO,18.57,USD_per_barrel
1990-04-30,DCOILWTICO,18.5,USD_per_barrel
1990-05-01,DCOILWTICO,18.76,USD_per_barrel
1990-05-02,DCOILWTICO,18.63,USD_per_barrel
1990-05-03,DCOILWTICO,17.98,USD_per_barrel
1990-05-04,DCOILWTICO,17.98,USD_per_barrel
1990-05-07,DCOILWTICO,18.3,USD_per_barrel
1990-05-08,DCOILWTICO,18.26,USD_per_barrel
1990-05-09,DCOILWTICO,19.01,USD_per_barrel
1990-05-10,DCOILWTICO,19.03,USD_per_barrel
1990-05-11,DCOILWTICO,18.96,USD_per_barrel
1990-05-14,DCOILWTICO,19.73,USD_per_barrel
1990-05-15,DCOILWTICO,19.52,USD_per_barrel
1990-05-16,DCOILWTICO,19.05,USD_per_barrel
1990-05-17,DCOILWTICO,18.89,USD_per_barrel
1990-05-18,DCOILWTICO,18.78,USD_per_barrel
1990-05-21,DCOILWTICO,18.26,USD_per_barrel
1990-05-22,DCOILWTICO,17.51,USD_per_barrel
1990-05-23,DCOILWTICO,16.25,USD_per_barrel
1990-05-24,DCOILWTICO,16.02,USD_per_barrel
1990-05-25,DCOILWTICO,16.12,USD_per_barrel
1990-05-29,DCOILWTICO,18.0,USD_per_barrel
1990-05-30,DCOILWTICO,17.88,USD_per_barrel
1990-05-31,DCOILWTICO,17.47,USD_per_barrel
1990-06-01,DCOILWTICO,17.51,USD_per_barrel
1990-06-04,DCOILWTICO,17.09,USD_per_barrel
1990-06-05,DCOILWTICO,16.41,USD_per_barrel
1990-06-06,DCOILWTICO,16.91,USD_per_barrel
1990-06-07,DCOILWTICO,16.65,USD_per_barrel
1990-06-08,DCOILWTICO,16.78,USD_per_barrel
1990-06-11,DCOILWTICO,16.82,USD_per_barrel
1990-06-12,DCOILWTICO,17.39,USD_per_barrel
1990-06-13,DCOILWTICO,17.6,USD_per_barrel
1990-06-14,DCOILWTICO,17.11,USD_per_barrel
1990-06-15,DCOILWTICO,16.64,USD_per_barrel
1990-06-18,DCOILWTICO,15.92,USD_per_barrel
1990-06-19,DCOILWTICO,15.55,USD_per_barrel
1990-06-20,DCOILWTICO,15.43,USD_per_barrel
1990-06-21,DCOILWTICO,16.09,USD_per_barrel
1990-06-22,DCOILWTICO,16.5,USD_per_barrel
1990-06-25,DCOILWTICO,16.15,USD_per_barrel
1990-06-26,DCOILWTICO,17.12,USD_per_barrel
1990-06-27,DCOILWTICO,16.7,USD_per_barrel
1990-06-28,DCOILWTICO,17.18,USD_per_barrel
1990-06-29,DCOILWTICO,17.05,USD_per_barrel
1990-07-02,DCOILWTICO,16.94,USD_per_barrel
1990-07-03,DCOILWTICO,16.73,USD_per_barrel
1990-07-04,DCOILWTICO,16.73,USD_per_barrel
1990-07-05,DCOILWTICO,16.5,USD_per_barrel
1990-07-06,DCOILWTICO,16.49,USD_per_barrel
1990-07-09,DCOILWTICO,16.63,USD_per_barrel
1990-07-10,DCOILWTICO,17.05,USD_per_barrel
1990-07-11,DCOILWTICO,17.45,USD_per_barrel
1990-07-12,DCOILWTICO,18.69,USD_per_barrel
1990-07-13,DCOILWTICO,18.37,USD_per_barrel
1990-07-16,DCOILWTICO,18.67,USD_per_barrel
1990-07-17,DCOILWTICO,18.23,USD_per_barrel
1990-07-18,DCOILWTICO,18.57,USD_per_barrel
1990-07-19,DCOILWTICO,19.07,USD_per_barrel
1990-07-20,DCOILWTICO,19.61,USD_per_barrel
1990-07-23,DCOILWTICO,19.88,USD_per_barrel
1990-07-24,DCOILWTICO,19.84,USD_per_barrel
1990-07-25,DCOILWTICO,19.33,USD_per_barrel
1990-07-26,DCOILWTICO,20.33,USD_per_barrel
1990-07-27,DCOILWTICO,20.07,USD_per_barrel
1990-07-30,DCOILWTICO,20.24,USD_per_barrel
1990-07-31,DCOILWTICO,20.57,USD_per_barrel
1990-08-01,DCOILWTICO,21.59,USD_per_barrel
1990-08-02,DCOILWTICO,23.71,USD_per_barrel
1990-08-03,DCOILWTICO,23.79,USD_per_barrel
1990-08-06,DCOILWTICO,28.73,USD_per_barrel
1990-08-07,DCOILWTICO,29.6,USD_per_barrel
1990-08-08,DCOILWTICO,26.19,USD_per_barrel
1990-08-09,DCOILWTICO,25.69,USD_per_barrel
1990-08-10,DCOILWTICO,26.38,USD_per_barrel
1990-08-13,DCOILWTICO,27.07,USD_per_barrel
1990-08-14,DCOILWTICO,26.7,USD_per_barrel
1990-08-15,DCOILWTICO,26.54,USD_per_barrel
1990-08-16,DCOILWTICO,27.4,USD_per_barrel
1990-08-17,DCOILWTICO,28.65,USD_per_barrel
1990-08-20,DCOILWTICO,28.63,USD_per_barrel
1990-08-21,DCOILWTICO,28.46,USD_per_barrel
1990-08-22,DCOILWTICO,30.52,USD_per_barrel
1990-08-23,DCOILWTICO,31.67,USD_per_barrel
1990-08-24,DCOILWTICO,31.1,USD_per_barrel
1990-08-27,DCOILWTICO,27.36,USD_per_barrel
1990-08-28,DCOILWTICO,27.73,USD_per_barrel
1990-08-29,DCOILWTICO,26.15,USD_per_barrel
1990-08-30,DCOILWTICO,26.96,USD_per_barrel
1990-08-31,DCOILWTICO,27.45,USD_per_barrel
1990-09-03,DCOILWTICO,27.45,USD_per_barrel
1990-09-04,DCOILWTICO,29.3,USD_per_barrel
1990-09-05,DCOILWTICO,30.0,USD_per_barrel
1990-09-06,DCOILWTICO,31.51,USD_per_barrel
1990-09-07,DCOILWTICO,30.09,USD_per_barrel
1990-09-10,DCOILWTICO,30.83,USD_per_barrel
1990-09-11,DCOILWTICO,30.29,USD_per_barrel
1990-09-12,DCOILWTICO,30.85,USD_per_barrel
1990-09-13,DCOILWTICO,31.2,USD_per_barrel
1990-09-14,DCOILWTICO,31.79,USD_per_barrel
1990-09-17,DCOILWTICO,33.73,USD_per_barrel
1990-09-18,DCOILWTICO,33.48,USD_per_barrel
1990-09-19,DCOILWTICO,33.18,USD_per_barrel
1990-09-20,DCOILWTICO,34.44,USD_per_barrel
1990-09-21,DCOILWTICO,36.21,USD_per_barrel
1990-09-24,DCOILWTICO,39.05,USD_per_barrel
1990-09-25,DCOILWTICO,38.33,USD_per_barrel
1990-09-26,DCOILWTICO,39.12,USD_per_barrel
1990-09-27,DCOILWTICO,39.77,USD_per_barrel
1990-09-28,DCOILWTICO,39.53,USD_per_barrel
1990-10-01,DCOILWTICO,37.08,USD_per_barrel
1990-10-02,DCOILWTICO,34.43,USD_per_barrel
1990-10-03,DCOILWTICO,37.04,USD_per_barrel
1990-10-04,DCOILWTICO,36.76,USD_per_barrel
1990-10-05,DCOILWTICO,37.87,USD_per_barrel
1990-10-08,DCOILWTICO,38.88,USD_per_barrel
1990-10-09,DCOILWTICO,40.73,USD_per_barrel
1990-10-10,DCOILWTICO,39.3,USD_per_barrel
1990-10-11,DCOILWTICO,41.07,USD_per_barrel
1990-10-12,DCOILWTICO,39.42,USD_per_barrel
1990-10-15,DCOILWTICO,38.0,USD_per_barrel
1990-10-16,DCOILWTICO,39.34,USD_per_barrel
1990-10-17,DCOILWTICO,36.03,USD_per_barrel
1990-10-18,DCOILWTICO,37.03,USD_per_barrel
1990-10-19,DCOILWTICO,33.82,USD_per_barrel
1990-10-22,DCOILWTICO,28.46,USD_per_barrel
1990-10-23,DCOILWTICO,29.95,USD_per_barrel
1990-10-24,DCOILWTICO,30.8,USD_per_barrel
1990-10-25,DCOILWTICO,34.35,USD_per_barrel
1990-10-26,DCOILWTICO,33.03,USD_per_barrel
1990-10-29,DCOILWTICO,35.28,USD_per_barrel
1990-10-30,DCOILWTICO,34.93,USD_per_barrel
1990-10-31,DCOILWTICO,35.31,USD_per_barrel
1990-11-01,DCOILWTICO,35.3,USD_per_barrel
1990-11-02,DCOILWTICO,33.95,USD_per_barrel
1990-11-05,DCOILWTICO,32.05,USD_per_barrel
1990-11-06,DCOILWTICO,32.41,USD_per_barrel
1990-11-07,DCOILWTICO,35.48,USD_per_barrel
1990-11-08,DCOILWTICO,35.61,USD_per_barrel
1990-11-09,DCOILWTICO,33.91,USD_per_barrel
1990-11-12,DCOILWTICO,32.08,USD_per_barrel
1990-11-13,DCOILWTICO,33.3,USD_per_barrel
1990-11-14,DCOILWTICO,31.18,USD_per_barrel
1990-11-15,DCOILWTICO,31.05,USD_per_barrel
1990-11-16,DCOILWTICO,29.91,USD_per_barrel
1990-11-19,DCOILWTICO,31.45,USD_per_barrel
1990-11-20,DCOILWTICO,29.5,USD_per_barrel
1990-11-21,DCOILWTICO,30.08,USD_per_barrel
1990-11-22,DCOILWTICO,30.08,USD_per_barrel
1990-11-23,DCOILWTICO,32.35,USD_per_barrel
1990-11-26,DCOILWTICO,33.28,USD_per_barrel
1990-11-27,DCOILWTICO,33.05,USD_per_barrel
1990-11-28,DCOILWTICO,33.28,USD_per_barrel
1990-11-29,DCOILWTICO,32.93,USD_per_barrel
1990-11-30,DCOILWTICO,29.08,USD_per_barrel
1990-12-03,DCOILWTICO,29.4,USD_per_barrel
1990-12-04,DCOILWTICO,29.05,USD_per_barrel
1990-12-05,DCOILWTICO,27.18,USD_per_barrel
1990-12-06,DCOILWTICO,26.35,USD_per_barrel
1990-12-07,DCOILWTICO,26.61,USD_per_barrel
1990-12-10,DCOILWTICO,27.08,USD_per_barrel
1990-12-11,DCOILWTICO,26.5,USD_per_barrel
1990-12-12,DCOILWTICO,25.3,USD_per_barrel
1990-12-13,DCOILWTICO,26.45,USD_per_barrel
1990-12-14,DCOILWTICO,26.6,USD_per_barrel
1990-12-17,DCOILWTICO,27.1,USD_per_barrel
1990-12-18,DCOILWTICO,27.85,USD_per_barrel
1990-12-19,DCOILWTICO,28.26,USD_per_barrel
1990-12-20,DCOILWTICO,27.5,USD_per_barrel
1990-12-21,DCOILWTICO,27.08,USD_per_barrel
1990-12-24,DCOILWTICO,26.95,USD_per_barrel
1990-12-26,DCOILWTICO,27.35,USD_per_barrel
1990-12-27,DCOILWTICO,26.95,USD_per_barrel
1990-12-28,DCOILWTICO,27.58,USD_per_barrel
1990-12-31,DCOILWTICO,28.48,USD_per_barrel
1991-01-02,DCOILWTICO,26.53,USD_per_barrel
1991-01-03,DCOILWTICO,25.61,USD_per_barrel
1991-01-04,DCOILWTICO,24.88,USD_per_barrel
1991-01-07,DCOILWTICO,27.25,USD_per_barrel
1991-01-08,DCOILWTICO,27.5,USD_per_barrel
1991-01-09,DCOILWTICO,28.0,USD_per_barrel
1991-01-10,DCOILWTICO,27.55,USD_per_barrel
1991-01-11,DCOILWTICO,27.43,USD_per_barrel
1991-01-14,DCOILWTICO,30.13,USD_per_barrel
1991-01-15,DCOILWTICO,30.35,USD_per_barrel
1991-01-16,DCOILWTICO,32.25,USD_per_barrel
1991-01-17,DCOILWTICO,21.48,USD_per_barrel
1991-01-18,DCOILWTICO,20.05,USD_per_barrel
1991-01-21,DCOILWTICO,21.63,USD_per_barrel
1991-01-22,DCOILWTICO,24.91,USD_per_barrel
1991-01-23,DCOILWTICO,24.08,USD_per_barrel
1991-01-24,DCOILWTICO,25.63,USD_per_barrel
1991-01-25,DCOILWTICO,24.15,USD_per_barrel
1991-01-28,DCOILWTICO,21.03,USD_per_barrel
1991-01-29,DCOILWTICO,21.73,USD_per_barrel
1991-01-30,DCOILWTICO,21.08,USD_per_barrel
1991-01-31,DCOILWTICO,21.9,USD_per_barrel
1991-02-01,DCOILWTICO,21.33,USD_per_barrel
1991-02-04,DCOILWTICO,21.23,USD_per_barrel
1991-02-05,DCOILWTICO,20.7,USD_per_barrel
1991-02-06,DCOILWTICO,21.48,USD_per_barrel
1991-02-07,DCOILWTICO,21.33,USD_per_barrel
1991-02-08,DCOILWTICO,21.78,USD_per_barrel
1991-02-11,DCOILWTICO,22.44,USD_per_barrel
1991-02-12,DCOILWTICO,22.78,USD_per_barrel
1991-02-13,DCOILWTICO,22.38,USD_per_barrel
1991-02-14,DCOILWTICO,22.25,USD_per_barrel
1991-02-15,DCOILWTICO,20.73,USD_per_barrel
1991-02-18,DCOILWTICO,20.73,USD_per_barrel
1991-02-19,DCOILWTICO,20.08,USD_per_barrel
1991-02-20,DCOILWTICO,20.18,USD_per_barrel
1991-02-21,DCOILWTICO,18.48,USD_per_barrel
1991-02-22,DCOILWTICO,17.43,USD_per_barrel
1991-02-25,DCOILWTICO,17.43,USD_per_barrel
1991-02-26,DCOILWTICO,18.48,USD_per_barrel
1991-02-27,DCOILWTICO,19.03,USD_per_barrel
1991-02-28,DCOILWTICO,19.28,USD_per_barrel
1991-03-01,DCOILWTICO,19.43,USD_per_barrel
1991-03-04,DCOILWTICO,20.33,USD_per_barrel
1991-03-05,DCOILWTICO,20.5,USD_per_barrel
1991-03-06,DCOILWTICO,19.78,USD_per_barrel
1991-03-07,DCOILWTICO,19.33,USD_per_barrel
1991-03-08,DCOILWTICO,19.34,USD_per_barrel
1991-03-11,DCOILWTICO,19.0,USD_per_barrel
1991-03-12,DCOILWTICO,20.06,USD_per_barrel
1991-03-13,DCOILWTICO,20.48,USD_per_barrel
1991-03-14,DCOILWTICO,20.05,USD_per_barrel
1991-03-15,DCOILWTICO,19.88,USD_per_barrel
1991-03-18,DCOILWTICO,19.78,USD_per_barrel
1991-03-19,DCOILWTICO,20.68,USD_per_barrel
1991-03-20,DCOILWTICO,20.4,USD_per_barrel
1991-03-21,DCOILWTICO,20.78,USD_per_barrel
1991-03-22,DCOILWTICO,19.88,USD_per_barrel
1991-03-25,DCOILWTICO,19.47,USD_per_barrel
1991-03-26,DCOILWTICO,19.78,USD_per_barrel
1991-03-27,DCOILWTICO,19.45,USD_per_barrel
1991-03-28,DCOILWTICO,19.63,USD_per_barrel
1991-04-01,DCOILWTICO,19.28,USD_per_barrel
1991-04-02,DCOILWTICO,19.38,USD_per_barrel
1991-04-03,DCOILWTICO,19.48,USD_per_barrel
1991-04-04,DCOILWTICO,19.98,USD_per_barrel
1991-04-05,DCOILWTICO,20.03,USD_per_barrel
1991-04-08,DCOILWTICO,20.28,USD_per_barrel
1991-04-09,DCOILWTICO,20.58,USD_per_barrel
1991-04-10,DCOILWTICO,21.08,USD_per_barrel
1991-04-11,DCOILWTICO,20.98,USD_per_barrel
1991-04-12,DCOILWTICO,21.54,USD_per_barrel
1991-04-15,DCOILWTICO,21.85,USD_per_barrel
1991-04-16,DCOILWTICO,21.6,USD_per_barrel
1991-04-17,DCOILWTICO,21.73,USD_per_barrel
1991-04-18,DCOILWTICO,21.08,USD_per_barrel
1991-04-19,DCOILWTICO,21.16,USD_per_barrel
1991-04-22,DCOILWTICO,21.68,USD_per_barrel
1991-04-23,DCOILWTICO,21.03,USD_per_barrel
1991-04-24,DCOILWTICO,21.0,USD_per_barrel
1991-04-25,DCOILWTICO,20.95,USD_per_barrel
1991-04-26,DCOILWTICO,21.28,USD_per_barrel
1991-04-29,DCOILWTICO,21.3,USD_per_barrel
1991-04-30,DCOILWTICO,20.99,USD_per_barrel
1991-05-01,DCOILWTICO,21.28,USD_per_barrel
1991-05-02,DCOILWTICO,21.17,USD_per_barrel
1991-05-03,DCOILWTICO,21.43,USD_per_barrel
1991-05-06,DCOILWTICO,21.73,USD_per_barrel
1991-05-07,DCOILWTICO,21.72,USD_per_barrel
1991-05-08,DCOILWTICO,21.83,USD_per_barrel
1991-05-09,DCOILWTICO,21.92,USD_per_barrel
1991-05-10,DCOILWTICO,21.25,USD_per_barrel
1991-05-13,DCOILWTICO,20.89,USD_per_barrel
1991-05-14,DCOILWTICO,20.73,USD_per_barrel
1991-05-15,DCOILWTICO,21.04,USD_per_barrel
1991-05-16,DCOILWTICO,20.91,USD_per_barrel
1991-05-17,DCOILWTICO,21.19,USD_per_barrel
1991-05-20,DCOILWTICO,21.39,USD_per_barrel
1991-05-21,DCOILWTICO,20.95,USD_per_barrel
1991-05-22,DCOILWTICO,20.85,USD_per_barrel
1991-05-23,DCOILWTICO,20.95,USD_per_barrel
1991-05-24,DCOILWTICO,21.04,USD_per_barrel
1991-05-28,DCOILWTICO,21.34,USD_per_barrel
1991-05-29,DCOILWTICO,21.04,USD_per_barrel
1991-05-30,DCOILWTICO,21.3,USD_per_barrel
1991-05-31,DCOILWTICO,21.16,USD_per_barrel
1991-06-03,DCOILWTICO,21.16,USD_per_barrel
1991-06-04,DCOILWTICO,20.9,USD_per_barrel
1991-06-05,DCOILWTICO,20.45,USD_per_barrel
1991-06-06,DCOILWTICO,20.38,USD_per_barrel
1991-06-07,DCOILWTICO,20.28,USD_per_barrel
1991-06-10,DCOILWTICO,19.84,USD_per_barrel
1991-06-11,DCOILWTICO,19.85,USD_per_barrel
1991-06-12,DCOILWTICO,20.08,USD_per_barrel
1991-06-13,DCOILWTICO,19.71,USD_per_barrel
1991-06-14,DCOILWTICO,19.7,USD_per_barrel
1991-06-17,DCOILWTICO,19.97,USD_per_barrel
1991-06-18,DCOILWTICO,20.11,USD_per_barrel
1991-06-19,DCOILWTICO,19.99,USD_per_barrel
1991-06-20,DCOILWTICO,20.22,USD_per_barrel
1991-06-21,DCOILWTICO,20.1,USD_per_barrel
1991-06-24,DCOILWTICO,19.92,USD_per_barrel
1991-06-25,DCOILWTICO,20.03,USD_per_barrel
1991-06-26,DCOILWTICO,20.12,USD_per_barrel
1991-06-27,DCOILWTICO,20.41,USD_per_barrel
1991-06-28,DCOILWTICO,20.56,USD_per_barrel
1991-07-01,DCOILWTICO,20.78,USD_per_barrel
1991-07-02,DCOILWTICO,20.92,USD_per_barrel
1991-07-03,DCOILWTICO,20.69,USD_per_barrel
1991-07-04,DCOILWTICO,20.69,USD_per_barrel
1991-07-05,DCOILWTICO,20.91,USD_per_barrel
1991-07-08,DCOILWTICO,21.29,USD_per_barrel
1991-07-09,DCOILWTICO,21.35,USD_per_barrel
1991-07-10,DCOILWTICO,21.43,USD_per_barrel
1991-07-11,DCOILWTICO,21.32,USD_per_barrel
1991-07-12,DCOILWTICO,21.74,USD_per_barrel
1991-07-15,DCOILWTICO,21.5,USD_per_barrel
1991-07-16,DCOILWTICO,21.7,USD_per_barrel
1991-07-17,DCOILWTICO,22.2,USD_per_barrel
1991-07-18,DCOILWTICO,21.97,USD_per_barrel
1991-07-19,DCOILWTICO,22.16,USD_per_barrel
1991-07-22,DCOILWTICO,21.74,USD_per_barrel
1991-07-23,DCOILWTICO,21.25,USD_per_barrel
1991-07-24,DCOILWTICO,21.41,USD_per_barrel
1991-07-25,DCOILWTICO,21.11,USD_per_barrel
1991-07-26,DCOILWTICO,21.48,USD_per_barrel
1991-07-29,DCOILWTICO,21.38,USD_per_barrel
1991-07-30,DCOILWTICO,21.55,USD_per_barrel
1991-07-31,DCOILWTICO,21.7,USD_per_barrel
1991-08-01,DCOILWTICO,21.33,USD_per_barrel
1991-08-02,DCOILWTICO,21.35,USD_per_barrel
1991-08-05,DCOILWTICO,21.5,USD_per_barrel
1991-08-06,DCOILWTICO,21.39,USD_per_barrel
1991-08-07,DCOILWTICO,21.38,USD_per_barrel
1991-08-08,DCOILWTICO,21.6,USD_per_barrel
1991-08-09,DCOILWTICO,21.64,USD_per_barrel
1991-08-12,DCOILWTICO,21.71,USD_per_barrel
1991-08-13,DCOILWTICO,21.52,USD_per_barrel
1991-08-14,DCOILWTICO,21.3,USD_per_barrel
1991-08-15,DCOILWTICO,21.39,USD_per_barrel
1991-08-16,DCOILWTICO,21.29,USD_per_barrel
1991-08-19,DCOILWTICO,22.5,USD_per_barrel
1991-08-20,DCOILWTICO,22.3,USD_per_barrel
1991-08-21,DCOILWTICO,21.44,USD_per_barrel
1991-08-22,DCOILWTICO,21.93,USD_per_barrel
1991-08-23,DCOILWTICO,21.78,USD_per_barrel
1991-08-26,DCOILWTICO,21.98,USD_per_barrel
1991-08-27,DCOILWTICO,21.86,USD_per_barrel
1991-08-28,DCOILWTICO,21.77,USD_per_barrel
1991-08-29,DCOILWTICO,22.02,USD_per_barrel
1991-08-30,DCOILWTICO,22.28,USD_per_barrel
1991-09-03,DCOILWTICO,22.28,USD_per_barrel
1991-09-04,DCOILWTICO,21.76,USD_per_barrel
1991-09-05,DCOILWTICO,21.75,USD_per_barrel
1991-09-06,DCOILWTICO,21.56,USD_per_barrel
1991-09-09,DCOILWTICO,21.36,USD_per_barrel
1991-09-10,DCOILWTICO,21.44,USD_per_barrel
1991-09-11,DCOILWTICO,21.66,USD_per_barrel
1991-09-12,DCOILWTICO,21.51,USD_per_barrel
1991-09-13,DCOILWTICO,21.71,USD_per_barrel
1991-09-16,DCOILWTICO,21.84,USD_per_barrel
1991-09-17,DCOILWTICO,21.73,USD_per_barrel
1991-09-18,DCOILWTICO,21.87,USD_per_barrel
1991-09-19,DCOILWTICO,21.79,USD_per_barrel
1991-09-20,DCOILWTICO,22.02,USD_per_barrel
1991-09-23,DCOILWTICO,22.2,USD_per_barrel
1991-09-24,DCOILWTICO,22.24,USD_per_barrel
1991-09-25,DCOILWTICO,22.11,USD_per_barrel
1991-09-26,DCOILWTICO,22.23,USD_per_barrel
1991-09-27,DCOILWTICO,22.42,USD_per_barrel
1991-09-30,DCOILWTICO,22.25,USD_per_barrel
1991-10-01,DCOILWTICO,22.1,USD_per_barrel
1991-10-02,DCOILWTICO,22.34,USD_per_barrel
1991-10-03,DCOILWTICO,22.7,USD_per_barrel
1991-10-04,DCOILWTICO,22.64,USD_per_barrel
1991-10-07,DCOILWTICO,22.99,USD_per_barrel
1991-10-08,DCOILWTICO,23.02,USD_per_barrel
1991-10-09,DCOILWTICO,23.18,USD_per_barrel
1991-10-10,DCOILWTICO,23.01,USD_per_barrel
1991-10-11,DCOILWTICO,23.19,USD_per_barrel
1991-10-14,DCOILWTICO,23.48,USD_per_barrel
1991-10-15,DCOILWTICO,23.89,USD_per_barrel
1991-10-16,DCOILWTICO,23.67,USD_per_barrel
1991-10-17,DCOILWTICO,23.96,USD_per_barrel
1991-10-18,DCOILWTICO,24.12,USD_per_barrel
1991-10-21,DCOILWTICO,24.03,USD_per_barrel
1991-10-22,DCOILWTICO,23.47,USD_per_barrel
1991-10-23,DCOILWTICO,23.14,USD_per_barrel
1991-10-24,DCOILWTICO,23.47,USD_per_barrel
1991-10-25,DCOILWTICO,23.18,USD_per_barrel
1991-10-28,DCOILWTICO,23.24,USD_per_barrel
1991-10-29,DCOILWTICO,23.09,USD_per_barrel
1991-10-30,DCOILWTICO,23.11,USD_per_barrel
1991-10-31,DCOILWTICO,23.29,USD_per_barrel
1991-11-01,DCOILWTICO,23.85,USD_per_barrel
1991-11-04,DCOILWTICO,23.82,USD_per_barrel
1991-11-05,DCOILWTICO,23.78,USD_per_barrel
1991-11-06,DCOILWTICO,23.44,USD_per_barrel
1991-11-07,DCOILWTICO,23.29,USD_per_barrel
1991-11-08,DCOILWTICO,23.0,USD_per_barrel
1991-11-11,DCOILWTICO,22.66,USD_per_barrel
1991-11-12,DCOILWTICO,22.58,USD_per_barrel
1991-11-13,DCOILWTICO,22.28,USD_per_barrel
1991-11-14,DCOILWTICO,22.55,USD_per_barrel
1991-11-15,DCOILWTICO,22.79,USD_per_barrel
1991-11-18,DCOILWTICO,22.38,USD_per_barrel
1991-11-19,DCOILWTICO,21.88,USD_per_barrel
1991-11-20,DCOILWTICO,22.17,USD_per_barrel
1991-11-21,DCOILWTICO,21.93,USD_per_barrel
1991-11-22,DCOILWTICO,21.85,USD_per_barrel
1991-11-25,DCOILWTICO,22.15,USD_per_barrel
1991-11-26,DCOILWTICO,21.04,USD_per_barrel
1991-11-27,DCOILWTICO,21.38,USD_per_barrel
1991-11-28,DCOILWTICO,21.38,USD_per_barrel
1991-11-29,DCOILWTICO,21.48,USD_per_barrel
1991-12-02,DCOILWTICO,21.1,USD_per_barrel
1991-12-03,DCOILWTICO,20.61,USD_per_barrel
1991-12-04,DCOILWTICO,20.75,USD_per_barrel
1991-12-05,DCOILWTICO,20.42,USD_per_barrel
1991-12-06,DCOILWTICO,19.87,USD_per_barrel
1991-12-09,DCOILWTICO,19.39,USD_per_barrel
1991-12-10,DCOILWTICO,19.24,USD_per_barrel
1991-12-11,DCOILWTICO,19.54,USD_per_barrel
1991-12-12,DCOILWTICO,19.94,USD_per_barrel
1991-12-13,DCOILWTICO,20.09,USD_per_barrel
1991-12-16,DCOILWTICO,19.78,USD_per_barrel
1991-12-17,DCOILWTICO,19.45,USD_per_barrel
1991-12-18,DCOILWTICO,19.39,USD_per_barrel
1991-12-19,DCOILWTICO,19.12,USD_per_barrel
1991-12-20,DCOILWTICO,18.28,USD_per_barrel
1991-12-23,DCOILWTICO,18.58,USD_per_barrel
1991-12-24,DCOILWTICO,18.68,USD_per_barrel
1991-12-26,DCOILWTICO,18.63,USD_per_barrel
1991-12-27,DCOILWTICO,18.82,USD_per_barrel
1991-12-30,DCOILWTICO,18.63,USD_per_barrel
1991-12-31,DCOILWTICO,19.15,USD_per_barrel
1992-01-02,DCOILWTICO,19.43,USD_per_barrel
1992-01-03,DCOILWTICO,19.22,USD_per_barrel
1992-01-06,DCOILWTICO,19.24,USD_per_barrel
1992-01-07,DCOILWTICO,18.72,USD_per_barrel
1992-01-08,DCOILWTICO,17.95,USD_per_barrel
1992-01-09,DCOILWTICO,17.89,USD_per_barrel
1992-01-10,DCOILWTICO,18.26,USD_per_barrel
1992-01-13,DCOILWTICO,18.77,USD_per_barrel
1992-01-14,DCOILWTICO,18.4,USD_per_barrel
1992-01-15,DCOILWTICO,18.83,USD_per_barrel
1992-01-16,DCOILWTICO,18.94,USD_per_barrel
1992-01-17,DCOILWTICO,19.11,USD_per_barrel
1992-01-20,DCOILWTICO,18.92,USD_per_barrel
1992-01-21,DCOILWTICO,18.5,USD_per_barrel
1992-01-22,DCOILWTICO,18.73,USD_per_barrel
1992-01-23,DCOILWTICO,18.38,USD_per_barrel
1992-01-24,DCOILWTICO,18.75,USD_per_barrel
1992-01-27,DCOILWTICO,19.35,USD_per_barrel
1992-01-28,DCOILWTICO,19.09,USD_per_barrel
1992-01-29,DCOILWTICO,18.92,USD_per_barrel
1992-01-30,DCOILWTICO,18.95,USD_per_barrel
1992-01-31,DCOILWTICO,18.93,USD_per_barrel
1992-02-03,DCOILWTICO,18.97,USD_per_barrel
1992-02-04,DCOILWTICO,19.26,USD_per_barrel
1992-02-05,DCOILWTICO,19.5,USD_per_barrel
1992-02-06,DCOILWTICO,19.48,USD_per_barrel
1992-02-07,DCOILWTICO,19.91,USD_per_barrel
1992-02-10,DCOILWTICO,19.69,USD_per_barrel
1992-02-11,DCOILWTICO,19.36,USD_per_barrel
1992-02-12,DCOILWTICO,19.29,USD_per_barrel
1992-02-13,DCOILWTICO,19.7,USD_per_barrel
1992-02-14,DCOILWTICO,19.42,USD_per_barrel
1992-02-17,DCOILWTICO,19.42,USD_per_barrel
1992-02-18,DCOILWTICO,18.14,USD_per_barrel
1992-02-19,DCOILWTICO,18.42,USD_per_barrel
1992-02-20,DCOILWTICO,18.52,USD_per_barrel
1992-02-21,DCOILWTICO,18.6,USD_per_barrel
1992-02-24,DCOILWTICO,18.37,USD_per_barrel
1992-02-25,DCOILWTICO,18.3,USD_per_barrel
1992-02-26,DCOILWTICO,18.44,USD_per_barrel
1992-02-27,DCOILWTICO,18.77,USD_per_barrel
1992-02-28,DCOILWTICO,18.69,USD_per_barrel
1992-03-02,DCOILWTICO,18.36,USD_per_barrel
1992-03-03,DCOILWTICO,18.67,USD_per_barrel
1992-03-04,DCOILWTICO,18.62,USD_per_barrel
1992-03-05,DCOILWTICO,18.58,USD_per_barrel
1992-03-06,DCOILWTICO,18.53,USD_per_barrel
1992-03-09,DCOILWTICO,18.65,USD_per_barrel
1992-03-10,DCOILWTICO,18.62,USD_per_barrel
1992-03-11,DCOILWTICO,18.5,USD_per_barrel
1992-03-12,DCOILWTICO,18.86,USD_per_barrel
1992-03-13,DCOILWTICO,19.16,USD_per_barrel
1992-03-16,DCOILWTICO,19.15,USD_per_barrel
1992-03-17,DCOILWTICO,19.27,USD_per_barrel
1992-03-18,DCOILWTICO,19.05,USD_per_barrel
1992-03-19,DCOILWTICO,19.27,USD_per_barrel
1992-03-20,DCOILWTICO,18.78,USD_per_barrel
1992-03-23,DCOILWTICO,18.91,USD_per_barrel
1992-03-24,DCOILWTICO,19.06,USD_per_barrel
1992-03-25,DCOILWTICO,19.0,USD_per_barrel
1992-03-26,DCOILWTICO,19.31,USD_per_barrel
1992-03-27,DCOILWTICO,19.19,USD_per_barrel
1992-03-30,DCOILWTICO,19.25,USD_per_barrel
1992-03-31,DCOILWTICO,19.49,USD_per_barrel
1992-04-01,DCOILWTICO,19.85,USD_per_barrel
1992-04-02,DCOILWTICO,19.79,USD_per_barrel
1992-04-03,DCOILWTICO,20.25,USD_per_barrel
1992-04-06,DCOILWTICO,20.44,USD_per_barrel
1992-04-07,DCOILWTICO,20.29,USD_per_barrel
1992-04-08,DCOILWTICO,20.64,USD_per_barrel
1992-04-09,DCOILWTICO,20.33,USD_per_barrel
1992-04-10,DCOILWTICO,20.45,USD_per_barrel
1992-04-13,DCOILWTICO,20.24,USD_per_barrel
1992-04-14,DCOILWTICO,19.81,USD_per_barrel
1992-04-15,DCOILWTICO,19.93,USD_per_barrel
1992-04-16,DCOILWTICO,20.25,USD_per_barrel
1992-04-20,DCOILWTICO,20.26,USD_per_barrel
1992-04-21,DCOILWTICO,20.17,USD_per_barrel
1992-04-22,DCOILWTICO,19.92,USD_per_barrel
1992-04-23,DCOILWTICO,19.91,USD_per_barrel
1992-04-24,DCOILWTICO,20.05,USD_per_barrel
1992-04-27,DCOILWTICO,20.31,USD_per_barrel
1992-04-28,DCOILWTICO,20.29,USD_per_barrel
1992-04-29,DCOILWTICO,20.77,USD_per_barrel
1992-04-30,DCOILWTICO,20.88,USD_per_barrel
1992-05-01,DCOILWTICO,20.88,USD_per_barrel
1992-05-04,DCOILWTICO,21.13,USD_per_barrel
1992-05-05,DCOILWTICO,20.78,USD_per_barrel
1992-05-06,DCOILWTICO,20.79,USD_per_barrel
1992-05-07,DCOILWTICO,20.73,USD_per_barrel
1992-05-08,DCOILWTICO,20.85,USD_per_barrel
1992-05-11,DCOILWTICO,21.02,USD_per_barrel
1992-05-12,DCOILWTICO,20.98,USD_per_barrel
1992-05-13,DCOILWTICO,20.75,USD_per_barrel
1992-05-14,DCOILWTICO,20.56,USD_per_barrel
1992-05-15,DCOILWTICO,20.7,USD_per_barrel
1992-05-18,DCOILWTICO,20.54,USD_per_barrel
1992-05-19,DCOILWTICO,20.12,USD_per_barrel
1992-05-20,DCOILWTICO,20.2,USD_per_barrel
1992-05-21,DCOILWTICO,20.79,USD_per_barrel
1992-05-22,DCOILWTICO,20.79,USD_per_barrel
1992-05-26,DCOILWTICO,21.8,USD_per_barrel
1992-05-27,DCOILWTICO,22.0,USD_per_barrel
1992-05-28,DCOILWTICO,21.97,USD_per_barrel
1992-05-29,DCOILWTICO,22.13,USD_per_barrel
1992-06-01,DCOILWTICO,22.07,USD_per_barrel
1992-06-02,DCOILWTICO,22.2,USD_per_barrel
1992-06-03,DCOILWTICO,22.45,USD_per_barrel
1992-06-04,DCOILWTICO,22.53,USD_per_barrel
1992-06-05,DCOILWTICO,22.65,USD_per_barrel
1992-06-08,DCOILWTICO,22.43,USD_per_barrel
1992-06-09,DCOILWTICO,22.23,USD_per_barrel
1992-06-10,DCOILWTICO,22.49,USD_per_barrel
1992-06-11,DCOILWTICO,22.33,USD_per_barrel
1992-06-12,DCOILWTICO,22.28,USD_per_barrel
1992-06-15,DCOILWTICO,22.38,USD_per_barrel
1992-06-16,DCOILWTICO,22.23,USD_per_barrel
1992-06-17,DCOILWTICO,22.3,USD_per_barrel
1992-06-18,DCOILWTICO,22.23,USD_per_barrel
1992-06-19,DCOILWTICO,22.16,USD_per_barrel
1992-06-22,DCOILWTICO,22.47,USD_per_barrel
1992-06-23,DCOILWTICO,22.74,USD_per_barrel
1992-06-24,DCOILWTICO,23.03,USD_per_barrel
1992-06-25,DCOILWTICO,22.73,USD_per_barrel
1992-06-26,DCOILWTICO,22.42,USD_per_barrel
1992-06-29,DCOILWTICO,22.27,USD_per_barrel
1992-06-30,DCOILWTICO,21.84,USD_per_barrel
1992-07-01,DCOILWTICO,21.9,USD_per_barrel
1992-07-02,DCOILWTICO,22.08,USD_per_barrel
1992-07-03,DCOILWTICO,22.08,USD_per_barrel
1992-07-06,DCOILWTICO,21.87,USD_per_barrel
1992-07-07,DCOILWTICO,21.51,USD_per_barrel
1992-07-08,DCOILWTICO,21.38,USD_per_barrel
1992-07-09,DCOILWTICO,21.38,USD_per_barrel
1992-07-10,DCOILWTICO,21.25,USD_per_barrel
1992-07-13,DCOILWTICO,21.38,USD_per_barrel
1992-07-14,DCOILWTICO,21.42,USD_per_barrel
1992-07-15,DCOILWTICO,21.73,USD_per_barrel
1992-07-16,DCOILWTICO,21.8,USD_per_barrel
1992-07-17,DCOILWTICO,21.56,USD_per_barrel
1992-07-20,DCOILWTICO,21.78,USD_per_barrel
1992-07-21,DCOILWTICO,21.91,USD_per_barrel
1992-07-22,DCOILWTICO,21.99,USD_per_barrel
1992-07-23,DCOILWTICO,22.11,USD_per_barrel
1992-07-24,DCOILWTICO,21.95,USD_per_barrel
1992-07-27,DCOILWTICO,22.09,USD_per_barrel
1992-07-28,DCOILWTICO,22.03,USD_per_barrel
1992-07-29,DCOILWTICO,21.98,USD_per_barrel
1992-07-30,DCOILWTICO,21.82,USD_per_barrel
1992-07-31,DCOILWTICO,21.83,USD_per_barrel
1992-08-03,DCOILWTICO,21.6,USD_per_barrel
1992-08-04,DCOILWTICO,21.23,USD_per_barrel
1992-08-05,DCOILWTICO,21.18,USD_per_barrel
1992-08-06,DCOILWTICO,21.41,USD_per_barrel
1992-08-07,DCOILWTICO,21.27,USD_per_barrel
1992-08-10,DCOILWTICO,21.12,USD_per_barrel
1992-08-11,DCOILWTICO,21.0,USD_per_barrel
1992-08-12,DCOILWTICO,21.13,USD_per_barrel
1992-08-13,DCOILWTICO,21.35,USD_per_barrel
1992-08-14,DCOILWTICO,21.31,USD_per_barrel
1992-08-17,DCOILWTICO,21.47,USD_per_barrel
1992-08-18,DCOILWTICO,21.54,USD_per_barrel
1992-08-19,DCOILWTICO,21.33,USD_per_barrel
1992-08-20,DCOILWTICO,21.4,USD_per_barrel
1992-08-21,DCOILWTICO,21.19,USD_per_barrel
1992-08-24,DCOILWTICO,21.85,USD_per_barrel
1992-08-25,DCOILWTICO,21.6,USD_per_barrel
1992-08-26,DCOILWTICO,21.24,USD_per_barrel
1992-08-27,DCOILWTICO,21.14,USD_per_barrel
1992-08-28,DCOILWTICO,21.3,USD_per_barrel
1992-08-31,DCOILWTICO,21.46,USD_per_barrel
1992-09-01,DCOILWTICO,21.72,USD_per_barrel
1992-09-02,DCOILWTICO,21.65,USD_per_barrel
1992-09-03,DCOILWTICO,21.69,USD_per_barrel
1992-09-04,DCOILWTICO,21.77,USD_per_barrel
1992-09-07,DCOILWTICO,21.77,USD_per_barrel
1992-09-08,DCOILWTICO,21.98,USD_per_barrel
1992-09-09,DCOILWTICO,22.0,USD_per_barrel
1992-09-10,DCOILWTICO,21.93,USD_per_barrel
1992-09-11,DCOILWTICO,22.0,USD_per_barrel
1992-09-14,DCOILWTICO,22.35,USD_per_barrel
1992-09-15,DCOILWTICO,22.13,USD_per_barrel
1992-09-16,DCOILWTICO,22.39,USD_per_barrel
1992-09-17,DCOILWTICO,22.23,USD_per_barrel
1992-09-18,DCOILWTICO,21.96,USD_per_barrel
1992-09-21,DCOILWTICO,21.91,USD_per_barrel
1992-09-22,DCOILWTICO,21.78,USD_per_barrel
1992-09-23,DCOILWTICO,21.78,USD_per_barrel
1992-09-24,DCOILWTICO,21.57,USD_per_barrel
1992-09-25,DCOILWTICO,21.51,USD_per_barrel
1992-09-28,DCOILWTICO,21.78,USD_per_barrel
1992-09-29,DCOILWTICO,21.66,USD_per_barrel
1992-09-30,DCOILWTICO,21.83,USD_per_barrel
1992-10-01,DCOILWTICO,21.83,USD_per_barrel
1992-10-02,DCOILWTICO,21.93,USD_per_barrel
1992-10-05,DCOILWTICO,21.76,USD_per_barrel
1992-10-06,DCOILWTICO,21.85,USD_per_barrel
1992-10-07,DCOILWTICO,21.89,USD_per_barrel
1992-10-08,DCOILWTICO,21.99,USD_per_barrel
1992-10-09,DCOILWTICO,21.99,USD_per_barrel
1992-10-12,DCOILWTICO,22.28,USD_per_barrel
1992-10-13,DCOILWTICO,22.12,USD_per_barrel
1992-10-14,DCOILWTICO,22.16,USD_per_barrel
1992-10-15,DCOILWTICO,22.37,USD_per_barrel
1992-10-16,DCOILWTICO,22.31,USD_per_barrel
1992-10-19,DCOILWTICO,22.18,USD_per_barrel
1992-10-20,DCOILWTICO,21.88,USD_per_barrel
1992-10-21,DCOILWTICO,21.49,USD_per_barrel
1992-10-22,DCOILWTICO,21.22,USD_per_barrel
1992-10-23,DCOILWTICO,21.11,USD_per_barrel
1992-10-26,DCOILWTICO,21.14,USD_per_barrel
1992-10-27,DCOILWTICO,21.03,USD_per_barrel
1992-10-28,DCOILWTICO,21.17,USD_per_barrel
1992-10-29,DCOILWTICO,20.71,USD_per_barrel
1992-10-30,DCOILWTICO,20.68,USD_per_barrel
1992-11-02,DCOILWTICO,20.77,USD_per_barrel
1992-11-03,DCOILWTICO,20.6,USD_per_barrel
1992-11-04,DCOILWTICO,20.33,USD_per_barrel
1992-11-05,DCOILWTICO,20.62,USD_per_barrel
1992-11-06,DCOILWTICO,20.26,USD_per_barrel
1992-11-09,DCOILWTICO,20.63,USD_per_barrel
1992-11-10,DCOILWTICO,20.54,USD_per_barrel
1992-11-11,DCOILWTICO,20.46,USD_per_barrel
1992-11-12,DCOILWTICO,20.19,USD_per_barrel
1992-11-13,DCOILWTICO,20.04,USD_per_barrel
1992-11-16,DCOILWTICO,20.37,USD_per_barrel
1992-11-17,DCOILWTICO,20.32,USD_per_barrel
1992-11-18,DCOILWTICO,20.21,USD_per_barrel
1992-11-19,DCOILWTICO,20.5,USD_per_barrel
1992-11-20,DCOILWTICO,20.37,USD_per_barrel
1992-11-23,DCOILWTICO,20.01,USD_per_barrel
1992-11-24,DCOILWTICO,20.06,USD_per_barrel
1992-11-25,DCOILWTICO,20.29,USD_per_barrel
1992-11-27,DCOILWTICO,20.29,USD_per_barrel
1992-11-30,DCOILWTICO,19.91,USD_per_barrel
1992-12-01,DCOILWTICO,19.56,USD_per_barrel
1992-12-02,DCOILWTICO,19.38,USD_per_barrel
1992-12-03,DCOILWTICO,19.08,USD_per_barrel
1992-12-04,DCOILWTICO,18.95,USD_per_barrel
1992-12-07,DCOILWTICO,19.17,USD_per_barrel
1992-12-08,DCOILWTICO,18.69,USD_per_barrel
1992-12-09,DCOILWTICO,18.86,USD_per_barrel
1992-12-10,DCOILWTICO,19.26,USD_per_barrel
1992-12-11,DCOILWTICO,19.09,USD_per_barrel
1992-12-14,DCOILWTICO,19.06,USD_per_barrel
1992-12-15,DCOILWTICO,18.94,USD_per_barrel
1992-12-16,DCOILWTICO,19.42,USD_per_barrel
1992-12-17,DCOILWTICO,19.68,USD_per_barrel
1992-12-18,DCOILWTICO,19.81,USD_per_barrel
1992-12-21,DCOILWTICO,19.92,USD_per_barrel
1992-12-22,DCOILWTICO,19.79,USD_per_barrel
1992-12-23,DCOILWTICO,19.97,USD_per_barrel
1992-12-24,DCOILWTICO,19.97,USD_per_barrel
1992-12-28,DCOILWTICO,19.77,USD_per_barrel
1992-12-29,DCOILWTICO,19.62,USD_per_barrel
1992-12-30,DCOILWTICO,19.63,USD_per_barrel
1992-12-31,DCOILWTICO,19.49,USD_per_barrel
1993-01-04,DCOILWTICO,19.03,USD_per_barrel
1993-01-05,DCOILWTICO,19.13,USD_per_barrel
1993-01-06,DCOILWTICO,19.03,USD_per_barrel
1993-01-07,DCOILWTICO,18.92,USD_per_barrel
1993-01-08,DCOILWTICO,18.9,USD_per_barrel
1993-01-11,DCOILWTICO,18.78,USD_per_barrel
1993-01-12,DCOILWTICO,18.21,USD_per_barrel
1993-01-13,DCOILWTICO,18.51,USD_per_barrel
1993-01-14,DCOILWTICO,18.71,USD_per_barrel
1993-01-15,DCOILWTICO,18.89,USD_per_barrel
1993-01-18,DCOILWTICO,18.94,USD_per_barrel
1993-01-19,DCOILWTICO,18.4,USD_per_barrel
1993-01-20,DCOILWTICO,18.35,USD_per_barrel
1993-01-21,DCOILWTICO,18.71,USD_per_barrel
1993-01-22,DCOILWTICO,18.64,USD_per_barrel
1993-01-25,DCOILWTICO,19.51,USD_per_barrel
1993-01-26,DCOILWTICO,19.67,USD_per_barrel
1993-01-27,DCOILWTICO,19.66,USD_per_barrel
1993-01-28,DCOILWTICO,20.38,USD_per_barrel
1993-01-29,DCOILWTICO,20.27,USD_per_barrel
1993-02-01,DCOILWTICO,20.32,USD_per_barrel
1993-02-02,DCOILWTICO,20.0,USD_per_barrel
1993-02-04,DCOILWTICO,20.29,USD_per_barrel
1993-02-05,DCOILWTICO,20.27,USD_per_barrel
1993-02-08,DCOILWTICO,20.07,USD_per_barrel
1993-02-09,DCOILWTICO,20.12,USD_per_barrel
1993-02-10,DCOILWTICO,20.2,USD_per_barrel
1993-02-11,DCOILWTICO,20.29,USD_per_barrel
1993-02-12,DCOILWTICO,19.96,USD_per_barrel
1993-02-16,DCOILWTICO,19.59,USD_per_barrel
1993-02-17,DCOILWTICO,19.3,USD_per_barrel
1993-02-18,DCOILWTICO,19.44,USD_per_barrel
1993-02-19,DCOILWTICO,19.69,USD_per_barrel
1993-02-22,DCOILWTICO,20.08,USD_per_barrel
1993-02-23,DCOILWTICO,20.49,USD_per_barrel
1993-02-24,DCOILWTICO,20.28,USD_per_barrel
1993-02-25,DCOILWTICO,20.63,USD_per_barrel
1993-02-26,DCOILWTICO,20.53,USD_per_barrel
1993-03-01,DCOILWTICO,20.62,USD_per_barrel
1993-03-02,DCOILWTICO,20.48,USD_per_barrel
1993-03-03,DCOILWTICO,20.46,USD_per_barrel
1993-03-04,DCOILWTICO,21.05,USD_per_barrel
1993-03-05,DCOILWTICO,20.85,USD_per_barrel
1993-03-08,DCOILWTICO,20.63,USD_per_barrel
1993-03-09,DCOILWTICO,20.71,USD_per_barrel
1993-03-10,DCOILWTICO,20.42,USD_per_barrel
1993-03-11,DCOILWTICO,20.12,USD_per_barrel
1993-03-12,DCOILWTICO,20.38,USD_per_barrel
1993-03-15,DCOILWTICO,20.18,USD_per_barrel
1993-03-16,DCOILWTICO,20.04,USD_per_barrel
1993-03-17,DCOILWTICO,20.14,USD_per_barrel
1993-03-18,DCOILWTICO,20.29,USD_per_barrel
1993-03-19,DCOILWTICO,20.05,USD_per_barrel
1993-03-22,DCOILWTICO,19.52,USD_per_barrel
1993-03-23,DCOILWTICO,19.98,USD_per_barrel
1993-03-24,DCOILWTICO,19.97,USD_per_barrel
1993-03-25,DCOILWTICO,20.12,USD_per_barrel
1993-03-26,DCOILWTICO,20.42,USD_per_barrel
1993-03-29,DCOILWTICO,20.27,USD_per_barrel
1993-03-30,DCOILWTICO,20.27,USD_per_barrel
1993-03-31,DCOILWTICO,20.44,USD_per_barrel
1993-04-01,DCOILWTICO,20.54,USD_per_barrel
1993-04-02,DCOILWTICO,20.67,USD_per_barrel
1993-04-05,DCOILWTICO,20.59,USD_per_barrel
1993-04-06,DCOILWTICO,20.33,USD_per_barrel
1993-04-07,DCOILWTICO,20.35,USD_per_barrel
1993-04-08,DCOILWTICO,20.22,USD_per_barrel
1993-04-12,DCOILWTICO,20.43,USD_per_barrel
1993-04-13,DCOILWTICO,20.28,USD_per_barrel
1993-04-14,DCOILWTICO,20.38,USD_per_barrel
1993-04-15,DCOILWTICO,20.21,USD_per_barrel
1993-04-16,DCOILWTICO,20.09,USD_per_barrel
1993-04-19,DCOILWTICO,19.99,USD_per_barrel
1993-04-20,DCOILWTICO,20.05,USD_per_barrel
1993-04-21,DCOILWTICO,19.99,USD_per_barrel
1993-04-22,DCOILWTICO,19.79,USD_per_barrel
1993-04-23,DCOILWTICO,19.93,USD_per_barrel
1993-04-26,DCOILWTICO,19.83,USD_per_barrel
1993-04-27,DCOILWTICO,20.21,USD_per_barrel
1993-04-29,DCOILWTICO,20.63,USD_per_barrel
1993-04-30,DCOILWTICO,20.54,USD_per_barrel
1993-05-03,DCOILWTICO,20.58,USD_per_barrel
1993-05-04,DCOILWTICO,20.4,USD_per_barrel
1993-05-05,DCOILWTICO,20.46,USD_per_barrel
1993-05-06,DCOILWTICO,20.49,USD_per_barrel
1993-05-07,DCOILWTICO,20.43,USD_per_barrel
1993-05-10,DCOILWTICO,20.42,USD_per_barrel
1993-05-11,DCOILWTICO,20.38,USD_per_barrel
1993-05-12,DCOILWTICO,20.19,USD_per_barrel
1993-05-13,DCOILWTICO,19.8,USD_per_barrel
1993-05-14,DCOILWTICO,19.51,USD_per_barrel
1993-05-17,DCOILWTICO,19.51,USD_per_barrel
1993-05-18,DCOILWTICO,19.32,USD_per_barrel
1993-05-19,DCOILWTICO,19.15,USD_per_barrel
1993-05-20,DCOILWTICO,19.56,USD_per_barrel
1993-05-21,DCOILWTICO,19.6,USD_per_barrel
1993-05-24,DCOILWTICO,19.43,USD_per_barrel
1993-05-25,DCOILWTICO,19.75,USD_per_barrel
1993-05-26,DCOILWTICO,19.92,USD_per_barrel
1993-05-27,DCOILWTICO,20.05,USD_per_barrel
1993-05-28,DCOILWTICO,20.04,USD_per_barrel
1993-06-01,DCOILWTICO,20.2,USD_per_barrel
1993-06-02,DCOILWTICO,20.05,USD_per_barrel
1993-06-03,DCOILWTICO,19.77,USD_per_barrel
1993-06-04,DCOILWTICO,19.79,USD_per_barrel
1993-06-07,DCOILWTICO,19.6,USD_per_barrel
1993-06-08,DCOILWTICO,19.65,USD_per_barrel
1993-06-09,DCOILWTICO,19.66,USD_per_barrel
1993-06-10,DCOILWTICO,19.27,USD_per_barrel
1993-06-11,DCOILWTICO,18.99,USD_per_barrel
1993-06-14,DCOILWTICO,18.9,USD_per_barrel
1993-06-15,DCOILWTICO,18.6,USD_per_barrel
1993-06-16,DCOILWTICO,18.87,USD_per_barrel
1993-06-17,DCOILWTICO,18.7,USD_per_barrel
1993-06-18,DCOILWTICO,18.71,USD_per_barrel
1993-06-21,DCOILWTICO,18.63,USD_per_barrel
1993-06-22,DCOILWTICO,18.35,USD_per_barrel
1993-06-23,DCOILWTICO,18.44,USD_per_barrel
1993-06-24,DCOILWTICO,18.36,USD_per_barrel
1993-06-25,DCOILWTICO,18.83,USD_per_barrel
1993-06-28,DCOILWTICO,18.89,USD_per_barrel
1993-06-29,DCOILWTICO,18.99,USD_per_barrel
1993-06-30,DCOILWTICO,18.82,USD_per_barrel
1993-07-01,DCOILWTICO,18.44,USD_per_barrel
1993-07-02,DCOILWTICO,17.93,USD_per_barrel
1993-07-06,DCOILWTICO,18.29,USD_per_barrel
1993-07-07,DCOILWTICO,18.06,USD_per_barrel
1993-07-08,DCOILWTICO,17.79,USD_per_barrel
1993-07-09,DCOILWTICO,17.92,USD_per_barrel
1993-07-12,DCOILWTICO,18.12,USD_per_barrel
1993-07-13,DCOILWTICO,18.05,USD_per_barrel
1993-07-14,DCOILWTICO,17.43,USD_per_barrel
1993-07-15,DCOILWTICO,17.73,USD_per_barrel
1993-07-16,DCOILWTICO,17.29,USD_per_barrel
1993-07-19,DCOILWTICO,17.68,USD_per_barrel
1993-07-20,DCOILWTICO,17.2,USD_per_barrel
1993-07-21,DCOILWTICO,17.6,USD_per_barrel
1993-07-22,DCOILWTICO,17.57,USD_per_barrel
1993-07-23,DCOILWTICO,17.67,USD_per_barrel
1993-07-26,DCOILWTICO,18.11,USD_per_barrel
1993-07-27,DCOILWTICO,18.5,USD_per_barrel
1993-07-28,DCOILWTICO,18.25,USD_per_barrel
1993-07-29,DCOILWTICO,18.12,USD_per_barrel
1993-07-30,DCOILWTICO,17.94,USD_per_barrel
1993-08-02,DCOILWTICO,17.9,USD_per_barrel
1993-08-03,DCOILWTICO,17.81,USD_per_barrel
1993-08-04,DCOILWTICO,17.82,USD_per_barrel
1993-08-05,DCOILWTICO,17.54,USD_per_barrel
1993-08-06,DCOILWTICO,17.3,USD_per_barrel
1993-08-09,DCOILWTICO,17.58,USD_per_barrel
1993-08-10,DCOILWTICO,17.58,USD_per_barrel
1993-08-11,DCOILWTICO,17.87,USD_per_barrel
1993-08-12,DCOILWTICO,18.16,USD_per_barrel
1993-08-13,DCOILWTICO,18.14,USD_per_barrel
1993-08-16,DCOILWTICO,17.84,USD_per_barrel
1993-08-17,DCOILWTICO,17.95,USD_per_barrel
1993-08-18,DCOILWTICO,17.68,USD_per_barrel
1993-08-19,DCOILWTICO,17.64,USD_per_barrel
1993-08-20,DCOILWTICO,18.09,USD_per_barrel
1993-08-23,DCOILWTICO,18.42,USD_per_barrel
1993-08-24,DCOILWTICO,18.38,USD_per_barrel
1993-08-25,DCOILWTICO,18.45,USD_per_barrel
1993-08-26,DCOILWTICO,18.4,USD_per_barrel
1993-08-27,DCOILWTICO,18.82,USD_per_barrel
1993-08-30,DCOILWTICO,18.63,USD_per_barrel
1993-08-31,DCOILWTICO,18.24,USD_per_barrel
1993-09-01,DCOILWTICO,17.92,USD_per_barrel
1993-09-02,DCOILWTICO,17.97,USD_per_barrel
1993-09-03,DCOILWTICO,17.72,USD_per_barrel
1993-09-07,DCOILWTICO,17.14,USD_per_barrel
1993-09-08,DCOILWTICO,17.0,USD_per_barrel
1993-09-09,DCOILWTICO,16.97,USD_per_barrel
1993-09-10,DCOILWTICO,16.74,USD_per_barrel
1993-09-13,DCOILWTICO,16.98,USD_per_barrel
1993-09-14,DCOILWTICO,16.94,USD_per_barrel
1993-09-15,DCOILWTICO,16.85,USD_per_barrel
1993-09-16,DCOILWTICO,16.85,USD_per_barrel
1993-09-17,DCOILWTICO,17.1,USD_per_barrel
1993-09-20,DCOILWTICO,17.68,USD_per_barrel
1993-09-21,DCOILWTICO,18.12,USD_per_barrel
1993-09-22,DCOILWTICO,17.53,USD_per_barrel
1993-09-23,DCOILWTICO,17.52,USD_per_barrel
1993-09-24,DCOILWTICO,17.52,USD_per_barrel
1993-09-27,DCOILWTICO,17.52,USD_per_barrel
1993-09-28,DCOILWTICO,18.07,USD_per_barrel
1993-09-29,DCOILWTICO,18.73,USD_per_barrel
1993-09-30,DCOILWTICO,18.72,USD_per_barrel
1993-10-01,DCOILWTICO,18.63,USD_per_barrel
1993-10-04,DCOILWTICO,18.4,USD_per_barrel
1993-10-05,DCOILWTICO,18.43,USD_per_barrel
1993-10-06,DCOILWTICO,18.43,USD_per_barrel
1993-10-07,DCOILWTICO,18.49,USD_per_barrel
1993-10-08,DCOILWTICO,18.53,USD_per_barrel
1993-10-11,DCOILWTICO,18.76,USD_per_barrel
1993-10-12,DCOILWTICO,18.7,USD_per_barrel
1993-10-13,DCOILWTICO,18.65,USD_per_barrel
1993-10-14,DCOILWTICO,18.5,USD_per_barrel
1993-10-15,DCOILWTICO,18.24,USD_per_barrel
1993-10-18,DCOILWTICO,18.13,USD_per_barrel
1993-10-19,DCOILWTICO,18.04,USD_per_barrel
1993-10-20,DCOILWTICO,18.25,USD_per_barrel
1993-10-21,DCOILWTICO,18.28,USD_per_barrel
1993-10-22,DCOILWTICO,17.92,USD_per_barrel
1993-10-25,DCOILWTICO,17.36,USD_per_barrel
1993-10-26,DCOILWTICO,17.55,USD_per_barrel
1993-10-27,DCOILWTICO,17.66,USD_per_barrel
1993-10-28,DCOILWTICO,17.3,USD_per_barrel
1993-10-29,DCOILWTICO,16.97,USD_per_barrel
1993-11-01,DCOILWTICO,17.5,USD_per_barrel
1993-11-02,DCOILWTICO,17.03,USD_per_barrel
1993-11-03,DCOILWTICO,17.47,USD_per_barrel
1993-11-04,DCOILWTICO,17.38,USD_per_barrel
1993-11-05,DCOILWTICO,17.09,USD_per_barrel
1993-11-08,DCOILWTICO,16.69,USD_per_barrel
1993-11-09,DCOILWTICO,16.71,USD_per_barrel
1993-11-10,DCOILWTICO,16.54,USD_per_barrel
1993-11-11,DCOILWTICO,16.91,USD_per_barrel
1993-11-12,DCOILWTICO,16.72,USD_per_barrel
1993-11-15,DCOILWTICO,16.78,USD_per_barrel
1993-11-16,DCOILWTICO,16.69,USD_per_barrel
1993-11-17,DCOILWTICO,17.08,USD_per_barrel
1993-11-18,DCOILWTICO,16.67,USD_per_barrel
1993-11-19,DCOILWTICO,16.55,USD_per_barrel
1993-11-22,DCOILWTICO,16.67,USD_per_barrel
1993-11-23,DCOILWTICO,16.39,USD_per_barrel
1993-11-24,DCOILWTICO,15.73,USD_per_barrel
1993-11-26,DCOILWTICO,15.53,USD_per_barrel
1993-11-29,DCOILWTICO,15.3,USD_per_barrel
1993-11-30,DCOILWTICO,15.36,USD_per_barrel
1993-12-01,DCOILWTICO,15.45,USD_per_barrel
1993-12-02,DCOILWTICO,14.93,USD_per_barrel
1993-12-03,DCOILWTICO,15.03,USD_per_barrel
1993-12-06,DCOILWTICO,14.57,USD_per_barrel
1993-12-07,DCOILWTICO,14.53,USD_per_barrel
1993-12-08,DCOILWTICO,14.61,USD_per_barrel
1993-12-09,DCOILWTICO,14.65,USD_per_barrel
1993-12-10,DCOILWTICO,15.04,USD_per_barrel
1993-12-13,DCOILWTICO,14.5,USD_per_barrel
1993-12-14,DCOILWTICO,14.47,USD_per_barrel
1993-12-15,DCOILWTICO,14.39,USD_per_barrel
1993-12-16,DCOILWTICO,14.21,USD_per_barrel
1993-12-17,DCOILWTICO,13.98,USD_per_barrel
1993-12-20,DCOILWTICO,14.2,USD_per_barrel
1993-12-21,DCOILWTICO,14.32,USD_per_barrel
1993-12-22,DCOILWTICO,14.61,USD_per_barrel
1993-12-23,DCOILWTICO,14.48,USD_per_barrel
1993-12-27,DCOILWTICO,14.09,USD_per_barrel
1993-12-28,DCOILWTICO,14.11,USD_per_barrel
1993-12-29,DCOILWTICO,14.45,USD_per_barrel
1993-12-30,DCOILWTICO,14.19,USD_per_barrel
1994-01-03,DCOILWTICO,14.52,USD_per_barrel
1994-01-04,DCOILWTICO,14.66,USD_per_barrel
1994-01-05,DCOILWTICO,15.3,USD_per_barrel
1994-01-06,DCOILWTICO,15.36,USD_per_barrel
1994-01-07,DCOILWTICO,15.33,USD_per_barrel
1994-01-10,DCOILWTICO,14.65,USD_per_barrel
1994-01-11,DCOILWTICO,14.95,USD_per_barrel
1994-01-12,DCOILWTICO,14.36,USD_per_barrel
1994-01-13,DCOILWTICO,14.56,USD_per_barrel
1994-01-14,DCOILWTICO,14.81,USD_per_barrel
1994-01-17,DCOILWTICO,15.15,USD_per_barrel
1994-01-18,DCOILWTICO,14.92,USD_per_barrel
1994-01-19,DCOILWTICO,15.25,USD_per_barrel
1994-01-20,DCOILWTICO,14.95,USD_per_barrel
1994-01-21,DCOILWTICO,14.85,USD_per_barrel
1994-01-24,DCOILWTICO,15.09,USD_per_barrel
1994-01-25,DCOILWTICO,15.26,USD_per_barrel
1994-01-26,DCOILWTICO,15.5,USD_per_barrel
1994-01-27,DCOILWTICO,15.48,USD_per_barrel
1994-01-28,DCOILWTICO,15.37,USD_per_barrel
1994-01-31,DCOILWTICO,15.24,USD_per_barrel
1994-02-01,DCOILWTICO,15.91,USD_per_barrel
1994-02-02,DCOILWTICO,16.06,USD_per_barrel
1994-02-03,DCOILWTICO,15.97,USD_per_barrel
1994-02-04,DCOILWTICO,15.63,USD_per_barrel
1994-02-07,DCOILWTICO,15.31,USD_per_barrel
1994-02-08,DCOILWTICO,15.12,USD_per_barrel
1994-02-09,DCOILWTICO,14.64,USD_per_barrel
1994-02-10,DCOILWTICO,14.59,USD_per_barrel
1994-02-11,DCOILWTICO,14.71,USD_per_barrel
1994-02-14,DCOILWTICO,14.15,USD_per_barrel
1994-02-15,DCOILWTICO,14.13,USD_per_barrel
1994-02-16,DCOILWTICO,13.89,USD_per_barrel
1994-02-17,DCOILWTICO,14.26,USD_per_barrel
1994-02-18,DCOILWTICO,14.21,USD_per_barrel
1994-02-22,DCOILWTICO,14.28,USD_per_barrel
1994-02-23,DCOILWTICO,14.18,USD_per_barrel
1994-02-24,DCOILWTICO,14.82,USD_per_barrel
1994-02-25,DCOILWTICO,14.48,USD_per_barrel
1994-02-28,DCOILWTICO,14.5,USD_per_barrel
1994-03-01,DCOILWTICO,14.78,USD_per_barrel
1994-03-02,DCOILWTICO,14.8,USD_per_barrel
1994-03-03,DCOILWTICO,14.74,USD_per_barrel
1994-03-04,DCOILWTICO,14.57,USD_per_barrel
1994-03-07,DCOILWTICO,14.14,USD_per_barrel
1994-03-08,DCOILWTICO,14.17,USD_per_barrel
1994-03-09,DCOILWTICO,14.23,USD_per_barrel
1994-03-10,DCOILWTICO,14.19,USD_per_barrel
1994-03-11,DCOILWTICO,14.47,USD_per_barrel
1994-03-14,DCOILWTICO,14.52,USD_per_barrel
1994-03-15,DCOILWTICO,14.82,USD_per_barrel
1994-03-16,DCOILWTICO,15.03,USD_per_barrel
1994-03-17,DCOILWTICO,14.83,USD_per_barrel
1994-03-18,DCOILWTICO,14.88,USD_per_barrel
1994-03-21,DCOILWTICO,15.37,USD_per_barrel
1994-03-22,DCOILWTICO,15.04,USD_per_barrel
1994-03-23,DCOILWTICO,14.94,USD_per_barrel
1994-03-24,DCOILWTICO,15.21,USD_per_barrel
1994-03-25,DCOILWTICO,15.19,USD_per_barrel
1994-03-28,DCOILWTICO,14.15,USD_per_barrel
1994-03-29,DCOILWTICO,14.41,USD_per_barrel
1994-03-30,DCOILWTICO,14.4,USD_per_barrel
1994-03-31,DCOILWTICO,14.78,USD_per_barrel
1994-04-04,DCOILWTICO,15.67,USD_per_barrel
1994-04-05,DCOILWTICO,15.67,USD_per_barrel
1994-04-06,DCOILWTICO,15.77,USD_per_barrel
1994-04-07,DCOILWTICO,15.59,USD_per_barrel
1994-04-08,DCOILWTICO,15.57,USD_per_barrel
1994-04-11,DCOILWTICO,15.86,USD_per_barrel
1994-04-12,DCOILWTICO,15.74,USD_per_barrel
1994-04-13,DCOILWTICO,15.96,USD_per_barrel
1994-04-14,DCOILWTICO,16.2,USD_per_barrel
1994-04-15,DCOILWTICO,16.58,USD_per_barrel
1994-04-18,DCOILWTICO,16.64,USD_per_barrel
1994-04-19,DCOILWTICO,16.43,USD_per_barrel
1994-04-20,DCOILWTICO,16.65,USD_per_barrel
1994-04-21,DCOILWTICO,17.56,USD_per_barrel
1994-04-22,DCOILWTICO,17.84,USD_per_barrel
1994-04-25,DCOILWTICO,17.66,USD_per_barrel
1994-04-26,DCOILWTICO,16.82,USD_per_barrel
1994-04-27,DCOILWTICO,16.7,USD_per_barrel
1994-04-28,DCOILWTICO,16.57,USD_per_barrel
1994-04-29,DCOILWTICO,16.92,USD_per_barrel
1994-05-02,DCOILWTICO,17.18,USD_per_barrel
1994-05-03,DCOILWTICO,16.93,USD_per_barrel
1994-05-04,DCOILWTICO,16.85,USD_per_barrel
1994-05-05,DCOILWTICO,17.28,USD_per_barrel
1994-05-06,DCOILWTICO,17.74,USD_per_barrel
1994-05-09,DCOILWTICO,17.72,USD_per_barrel
1994-05-10,DCOILWTICO,17.62,USD_per_barrel
1994-05-11,DCOILWTICO,17.84,USD_per_barrel
1994-05-12,DCOILWTICO,18.27,USD_per_barrel
1994-05-13,DCOILWTICO,18.2,USD_per_barrel
1994-05-16,DCOILWTICO,17.99,USD_per_barrel
1994-05-17,DCOILWTICO,17.61,USD_per_barrel
1994-05-18,DCOILWTICO,18.02,USD_per_barrel
1994-05-19,DCOILWTICO,18.49,USD_per_barrel
1994-05-20,DCOILWTICO,18.93,USD_per_barrel
1994-05-23,DCOILWTICO,18.69,USD_per_barrel
1994-05-24,DCOILWTICO,18.4,USD_per_barrel
1994-05-25,DCOILWTICO,17.83,USD_per_barrel
1994-05-26,DCOILWTICO,17.76,USD_per_barrel
1994-05-27,DCOILWTICO,18.02,USD_per_barrel
1994-05-31,DCOILWTICO,18.3,USD_per_barrel
1994-06-01,DCOILWTICO,18.29,USD_per_barrel
1994-06-02,DCOILWTICO,18.25,USD_per_barrel
1994-06-03,DCOILWTICO,18.11,USD_per_barrel
1994-06-06,DCOILWTICO,18.1,USD_per_barrel
1994-06-07,DCOILWTICO,17.78,USD_per_barrel
1994-06-08,DCOILWTICO,18.28,USD_per_barrel
1994-06-09,DCOILWTICO,18.67,USD_per_barrel
1994-06-10,DCOILWTICO,18.48,USD_per_barrel
1994-06-13,DCOILWTICO,18.82,USD_per_barrel
1994-06-14,DCOILWTICO,18.94,USD_per_barrel
1994-06-15,DCOILWTICO,19.75,USD_per_barrel
1994-06-16,DCOILWTICO,19.83,USD_per_barrel
1994-06-17,DCOILWTICO,20.72,USD_per_barrel
1994-06-20,DCOILWTICO,20.68,USD_per_barrel
1994-06-21,DCOILWTICO,20.08,USD_per_barrel
1994-06-22,DCOILWTICO,19.59,USD_per_barrel
1994-06-23,DCOILWTICO,19.38,USD_per_barrel
1994-06-24,DCOILWTICO,19.28,USD_per_barrel
1994-06-27,DCOILWTICO,18.96,USD_per_barrel
1994-06-28,DCOILWTICO,19.14,USD_per_barrel
1994-06-29,DCOILWTICO,18.82,USD_per_barrel
1994-06-30,DCOILWTICO,19.37,USD_per_barrel
1994-07-01,DCOILWTICO,19.52,USD_per_barrel
1994-07-05,DCOILWTICO,19.62,USD_per_barrel
1994-07-06,DCOILWTICO,19.3,USD_per_barrel
1994-07-07,DCOILWTICO,19.15,USD_per_barrel
1994-07-08,DCOILWTICO,19.48,USD_per_barrel
1994-07-11,DCOILWTICO,20.17,USD_per_barrel
1994-07-12,DCOILWTICO,20.4,USD_per_barrel
1994-07-13,DCOILWTICO,20.14,USD_per_barrel
1994-07-14,DCOILWTICO,20.18,USD_per_barrel
1994-07-15,DCOILWTICO,19.89,USD_per_barrel
1994-07-18,DCOILWTICO,19.38,USD_per_barrel
1994-07-19,DCOILWTICO,19.49,USD_per_barrel
1994-07-20,DCOILWTICO,19.15,USD_per_barrel
1994-07-21,DCOILWTICO,19.32,USD_per_barrel
1994-07-22,DCOILWTICO,19.59,USD_per_barrel
1994-07-25,DCOILWTICO,19.42,USD_per_barrel
1994-07-26,DCOILWTICO,19.26,USD_per_barrel
1994-07-27,DCOILWTICO,19.46,USD_per_barrel
1994-07-28,DCOILWTICO,19.87,USD_per_barrel
1994-07-29,DCOILWTICO,20.3,USD_per_barrel
1994-08-01,DCOILWTICO,20.65,USD_per_barrel
1994-08-02,DCOILWTICO,20.22,USD_per_barrel
1994-08-03,DCOILWTICO,20.06,USD_per_barrel
1994-08-04,DCOILWTICO,20.14,USD_per_barrel
1994-08-05,DCOILWTICO,19.37,USD_per_barrel
1994-08-08,DCOILWTICO,19.41,USD_per_barrel
1994-08-09,DCOILWTICO,19.29,USD_per_barrel
1994-08-10,DCOILWTICO,18.96,USD_per_barrel
1994-08-11,DCOILWTICO,18.67,USD_per_barrel
1994-08-12,DCOILWTICO,18.05,USD_per_barrel
1994-08-15,DCOILWTICO,18.24,USD_per_barrel
1994-08-16,DCOILWTICO,17.64,USD_per_barrel
1994-08-17,DCOILWTICO,18.08,USD_per_barrel
1994-08-18,DCOILWTICO,17.73,USD_per_barrel
1994-08-19,DCOILWTICO,17.56,USD_per_barrel
1994-08-22,DCOILWTICO,16.87,USD_per_barrel
1994-08-23,DCOILWTICO,17.09,USD_per_barrel
1994-08-24,DCOILWTICO,17.54,USD_per_barrel
1994-08-25,DCOILWTICO,17.49,USD_per_barrel
1994-08-26,DCOILWTICO,17.14,USD_per_barrel
1994-08-29,DCOILWTICO,17.62,USD_per_barrel
1994-08-30,DCOILWTICO,17.4,USD_per_barrel
1994-08-31,DCOILWTICO,17.6,USD_per_barrel
1994-09-01,DCOILWTICO,17.47,USD_per_barrel
1994-09-02,DCOILWTICO,17.52,USD_per_barrel
1994-09-06,DCOILWTICO,17.62,USD_per_barrel
1994-09-07,DCOILWTICO,17.84,USD_per_barrel
1994-09-08,DCOILWTICO,17.62,USD_per_barrel
1994-09-09,DCOILWTICO,17.53,USD_per_barrel
1994-09-12,DCOILWTICO,17.39,USD_per_barrel
1994-09-13,DCOILWTICO,17.0,USD_per_barrel
1994-09-14,DCOILWTICO,16.72,USD_per_barrel
1994-09-15,DCOILWTICO,16.72,USD_per_barrel
1994-09-16,DCOILWTICO,16.84,USD_per_barrel
1994-09-19,DCOILWTICO,17.21,USD_per_barrel
1994-09-20,DCOILWTICO,17.24,USD_per_barrel
1994-09-21,DCOILWTICO,17.06,USD_per_barrel
1994-09-22,DCOILWTICO,17.65,USD_per_barrel
1994-09-23,DCOILWTICO,17.76,USD_per_barrel
1994-09-26,DCOILWTICO,17.68,USD_per_barrel
1994-09-27,DCOILWTICO,17.48,USD_per_barrel
1994-09-28,DCOILWTICO,17.69,USD_per_barrel
1994-09-29,DCOILWTICO,17.96,USD_per_barrel
1994-09-30,DCOILWTICO,18.36,USD_per_barrel
1994-10-03,DCOILWTICO,18.16,USD_per_barrel
1994-10-04,DCOILWTICO,17.97,USD_per_barrel
1994-10-05,DCOILWTICO,18.01,USD_per_barrel
1994-10-06,DCOILWTICO,18.24,USD_per_barrel
1994-10-07,DCOILWTICO,18.27,USD_per_barrel
1994-10-10,DCOILWTICO,17.95,USD_per_barrel
1994-10-11,DCOILWTICO,17.74,USD_per_barrel
1994-10-12,DCOILWTICO,17.13,USD_per_barrel
1994-10-13,DCOILWTICO,17.03,USD_per_barrel
1994-10-14,DCOILWTICO,16.98,USD_per_barrel
1994-10-17,DCOILWTICO,17.11,USD_per_barrel
1994-10-18,DCOILWTICO,17.34,USD_per_barrel
1994-10-19,DCOILWTICO,17.43,USD_per_barrel
1994-10-20,DCOILWTICO,17.57,USD_per_barrel
1994-10-21,DCOILWTICO,17.31,USD_per_barrel
1994-10-24,DCOILWTICO,17.5,USD_per_barrel
1994-10-25,DCOILWTICO,17.71,USD_per_barrel
1994-10-26,DCOILWTICO,18.01,USD_per_barrel
1994-10-27,DCOILWTICO,18.17,USD_per_barrel
1994-10-28,DCOILWTICO,18.25,USD_per_barrel
1994-10-31,DCOILWTICO,18.16,USD_per_barrel
1994-11-01,DCOILWTICO,18.66,USD_per_barrel
1994-11-02,DCOILWTICO,18.9,USD_per_barrel
1994-11-03,DCOILWTICO,18.97,USD_per_barrel
1994-11-04,DCOILWTICO,18.76,USD_per_barrel
1994-11-07,DCOILWTICO,18.38,USD_per_barrel
1994-11-08,DCOILWTICO,18.46,USD_per_barrel
1994-11-09,DCOILWTICO,18.16,USD_per_barrel
1994-11-10,DCOILWTICO,18.18,USD_per_barrel
1994-11-11,DCOILWTICO,18.07,USD_per_barrel
1994-11-14,DCOILWTICO,17.48,USD_per_barrel
1994-11-15,DCOILWTICO,17.58,USD_per_barrel
1994-11-16,DCOILWTICO,17.38,USD_per_barrel
1994-11-17,DCOILWTICO,17.63,USD_per_barrel
1994-11-18,DCOILWTICO,17.47,USD_per_barrel
1994-11-21,DCOILWTICO,17.43,USD_per_barrel
1994-11-22,DCOILWTICO,17.7,USD_per_barrel
1994-11-23,DCOILWTICO,18.05,USD_per_barrel
1994-11-28,DCOILWTICO,18.1,USD_per_barrel
1994-11-29,DCOILWTICO,17.97,USD_per_barrel
1994-11-30,DCOILWTICO,18.06,USD_per_barrel
1994-12-01,DCOILWTICO,17.77,USD_per_barrel
1994-12-02,DCOILWTICO,17.0,USD_per_barrel
1994-12-05,DCOILWTICO,16.88,USD_per_barrel
1994-12-06,DCOILWTICO,16.93,USD_per_barrel
1994-12-07,DCOILWTICO,16.86,USD_per_barrel
1994-12-08,DCOILWTICO,17.14,USD_per_barrel
1994-12-09,DCOILWTICO,17.12,USD_per_barrel
1994-12-12,DCOILWTICO,16.92,USD_per_barrel
1994-12-13,DCOILWTICO,16.98,USD_per_barrel
1994-12-14,DCOILWTICO,16.96,USD_per_barrel
1994-12-15,DCOILWTICO,16.6,USD_per_barrel
1994-12-16,DCOILWTICO,16.84,USD_per_barrel
1994-12-19,DCOILWTICO,16.91,USD_per_barrel
1994-12-20,DCOILWTICO,16.98,USD_per_barrel
1994-12-21,DCOILWTICO,17.07,USD_per_barrel
1994-12-22,DCOILWTICO,17.15,USD_per_barrel
1994-12-23,DCOILWTICO,17.41,USD_per_barrel
1994-12-27,DCOILWTICO,17.63,USD_per_barrel
1994-12-28,DCOILWTICO,17.74,USD_per_barrel
1994-12-29,DCOILWTICO,17.69,USD_per_barrel
1994-12-30,DCOILWTICO,17.77,USD_per_barrel
1995-01-03,DCOILWTICO,17.45,USD_per_barrel
1995-01-04,DCOILWTICO,17.56,USD_per_barrel
1995-01-05,DCOILWTICO,17.76,USD_per_barrel
1995-01-06,DCOILWTICO,17.69,USD_per_barrel
1995-01-09,DCOILWTICO,17.4,USD_per_barrel
1995-01-10,DCOILWTICO,17.42,USD_per_barrel
1995-01-11,DCOILWTICO,17.7,USD_per_barrel
1995-01-12,DCOILWTICO,17.72,USD_per_barrel
1995-01-13,DCOILWTICO,17.52,USD_per_barrel
1995-01-16,DCOILWTICO,17.89,USD_per_barrel
1995-01-17,DCOILWTICO,18.47,USD_per_barrel
1995-01-18,DCOILWTICO,18.72,USD_per_barrel
1995-01-19,DCOILWTICO,18.7,USD_per_barrel
1995-01-20,DCOILWTICO,18.46,USD_per_barrel
1995-01-23,DCOILWTICO,18.16,USD_per_barrel
1995-01-24,DCOILWTICO,18.53,USD_per_barrel
1995-01-25,DCOILWTICO,18.82,USD_per_barrel
1995-01-26,DCOILWTICO,18.23,USD_per_barrel
1995-01-27,DCOILWTICO,17.95,USD_per_barrel
1995-01-30,DCOILWTICO,18.2,USD_per_barrel
1995-01-31,DCOILWTICO,18.48,USD_per_barrel
1995-02-01,DCOILWTICO,18.48,USD_per_barrel
1995-02-02,DCOILWTICO,18.54,USD_per_barrel
1995-02-03,DCOILWTICO,18.78,USD_per_barrel
1995-02-06,DCOILWTICO,18.58,USD_per_barrel
1995-02-07,DCOILWTICO,18.43,USD_per_barrel
1995-02-08,DCOILWTICO,18.36,USD_per_barrel
1995-02-09,DCOILWTICO,18.28,USD_per_barrel
1995-02-10,DCOILWTICO,18.47,USD_per_barrel
1995-02-13,DCOILWTICO,18.29,USD_per_barrel
1995-02-14,DCOILWTICO,18.44,USD_per_barrel
1995-02-15,DCOILWTICO,18.46,USD_per_barrel
1995-02-16,DCOILWTICO,18.63,USD_per_barrel
1995-02-17,DCOILWTICO,18.94,USD_per_barrel
1995-02-21,DCOILWTICO,18.86,USD_per_barrel
1995-02-22,DCOILWTICO,18.84,USD_per_barrel
1995-02-23,DCOILWTICO,18.59,USD_per_barrel
1995-02-24,DCOILWTICO,18.7,USD_per_barrel
1995-02-27,DCOILWTICO,18.64,USD_per_barrel
1995-02-28,DCOILWTICO,18.52,USD_per_barrel
1995-03-01,DCOILWTICO,18.31,USD_per_barrel
1995-03-02,DCOILWTICO,18.4,USD_per_barrel
1995-03-03,DCOILWTICO,18.63,USD_per_barrel
1995-03-06,DCOILWTICO,18.56,USD_per_barrel
1995-03-07,DCOILWTICO,18.59,USD_per_barrel
1995-03-08,DCOILWTICO,18.3,USD_per_barrel
1995-03-09,DCOILWTICO,17.98,USD_per_barrel
1995-03-10,DCOILWTICO,17.92,USD_per_barrel
1995-03-13,DCOILWTICO,18.19,USD_per_barrel
1995-03-14,DCOILWTICO,17.9,USD_per_barrel
1995-03-15,DCOILWTICO,18.12,USD_per_barrel
1995-03-16,DCOILWTICO,18.18,USD_per_barrel
1995-03-17,DCOILWTICO,18.27,USD_per_barrel
1995-03-20,DCOILWTICO,18.58,USD_per_barrel
1995-03-21,DCOILWTICO,18.44,USD_per_barrel
1995-03-22,DCOILWTICO,18.91,USD_per_barrel
1995-03-23,DCOILWTICO,18.85,USD_per_barrel
1995-03-24,DCOILWTICO,18.68,USD_per_barrel
1995-03-27,DCOILWTICO,19.08,USD_per_barrel
1995-03-28,DCOILWTICO,18.95,USD_per_barrel
1995-03-29,DCOILWTICO,19.21,USD_per_barrel
1995-03-30,DCOILWTICO,19.17,USD_per_barrel
1995-03-31,DCOILWTICO,19.18,USD_per_barrel
1995-04-03,DCOILWTICO,19.05,USD_per_barrel
1995-04-04,DCOILWTICO,19.11,USD_per_barrel
1995-04-05,DCOILWTICO,19.57,USD_per_barrel
1995-04-06,DCOILWTICO,19.74,USD_per_barrel
1995-04-07,DCOILWTICO,19.67,USD_per_barrel
1995-04-10,DCOILWTICO,19.61,USD_per_barrel
1995-04-11,DCOILWTICO,19.84,USD_per_barrel
1995-04-12,DCOILWTICO,19.5,USD_per_barrel
1995-04-13,DCOILWTICO,19.16,USD_per_barrel
1995-04-17,DCOILWTICO,19.8,USD_per_barrel
1995-04-18,DCOILWTICO,20.14,USD_per_barrel
1995-04-19,DCOILWTICO,20.4,USD_per_barrel
1995-04-20,DCOILWTICO,20.52,USD_per_barrel
1995-04-21,DCOILWTICO,20.46,USD_per_barrel
1995-04-24,DCOILWTICO,20.13,USD_per_barrel
1995-04-25,DCOILWTICO,20.31,USD_per_barrel
1995-04-26,DCOILWTICO,20.18,USD_per_barrel
1995-04-27,DCOILWTICO,20.48,USD_per_barrel
1995-04-28,DCOILWTICO,20.36,USD_per_barrel
1995-05-01,DCOILWTICO,20.53,USD_per_barrel
1995-05-02,DCOILWTICO,20.18,USD_per_barrel
1995-05-03,DCOILWTICO,19.88,USD_per_barrel
1995-05-04,DCOILWTICO,20.3,USD_per_barrel
1995-05-05,DCOILWTICO,20.33,USD_per_barrel
1995-05-08,DCOILWTICO,20.32,USD_per_barrel
1995-05-09,DCOILWTICO,19.67,USD_per_barrel
1995-05-10,DCOILWTICO,19.76,USD_per_barrel
1995-05-11,DCOILWTICO,19.4,USD_per_barrel
1995-05-12,DCOILWTICO,19.55,USD_per_barrel
1995-05-15,DCOILWTICO,19.91,USD_per_barrel
1995-05-16,DCOILWTICO,20.01,USD_per_barrel
1995-05-17,DCOILWTICO,19.94,USD_per_barrel
1995-05-18,DCOILWTICO,19.99,USD_per_barrel
1995-05-19,DCOILWTICO,20.06,USD_per_barrel
1995-05-22,DCOILWTICO,19.86,USD_per_barrel
1995-05-23,DCOILWTICO,19.81,USD_per_barrel
1995-05-24,DCOILWTICO,19.34,USD_per_barrel
1995-05-25,DCOILWTICO,19.12,USD_per_barrel
1995-05-26,DCOILWTICO,18.7,USD_per_barrel
1995-05-30,DCOILWTICO,18.78,USD_per_barrel
1995-05-31,DCOILWTICO,18.88,USD_per_barrel
1995-06-01,DCOILWTICO,18.89,USD_per_barrel
1995-06-02,DCOILWTICO,19.14,USD_per_barrel
1995-06-05,DCOILWTICO,19.25,USD_per_barrel
1995-06-06,DCOILWTICO,19.16,USD_per_barrel
1995-06-07,DCOILWTICO,19.08,USD_per_barrel
1995-06-08,DCOILWTICO,18.94,USD_per_barrel
1995-06-09,DCOILWTICO,18.83,USD_per_barrel
1995-06-12,DCOILWTICO,18.87,USD_per_barrel
1995-06-13,DCOILWTICO,18.93,USD_per_barrel
1995-06-14,DCOILWTICO,19.05,USD_per_barrel
1995-06-15,DCOILWTICO,18.9,USD_per_barrel
1995-06-16,DCOILWTICO,18.8,USD_per_barrel
1995-06-19,DCOILWTICO,18.23,USD_per_barrel
1995-06-20,DCOILWTICO,18.01,USD_per_barrel
1995-06-21,DCOILWTICO,17.59,USD_per_barrel
1995-06-22,DCOILWTICO,17.76,USD_per_barrel
1995-06-23,DCOILWTICO,17.81,USD_per_barrel
1995-06-26,DCOILWTICO,17.67,USD_per_barrel
1995-06-27,DCOILWTICO,17.95,USD_per_barrel
1995-06-28,DCOILWTICO,17.98,USD_per_barrel
1995-06-29,DCOILWTICO,17.59,USD_per_barrel
1995-06-30,DCOILWTICO,17.38,USD_per_barrel
1995-07-03,DCOILWTICO,17.33,USD_per_barrel
1995-07-05,DCOILWTICO,17.21,USD_per_barrel
1995-07-06,DCOILWTICO,17.42,USD_per_barrel
1995-07-07,DCOILWTICO,17.14,USD_per_barrel
1995-07-10,DCOILWTICO,17.35,USD_per_barrel
1995-07-11,DCOILWTICO,17.31,USD_per_barrel
1995-07-12,DCOILWTICO,17.49,USD_per_barrel
1995-07-13,DCOILWTICO,17.25,USD_per_barrel
1995-07-14,DCOILWTICO,17.32,USD_per_barrel
1995-07-17,DCOILWTICO,17.28,USD_per_barrel
1995-07-18,DCOILWTICO,17.33,USD_per_barrel
1995-07-19,DCOILWTICO,17.33,USD_per_barrel
1995-07-20,DCOILWTICO,17.03,USD_per_barrel
1995-07-21,DCOILWTICO,17.07,USD_per_barrel
1995-07-24,DCOILWTICO,17.17,USD_per_barrel
1995-07-25,DCOILWTICO,17.45,USD_per_barrel
1995-07-26,DCOILWTICO,17.47,USD_per_barrel
1995-07-27,DCOILWTICO,17.51,USD_per_barrel
1995-07-28,DCOILWTICO,17.43,USD_per_barrel
1995-07-31,DCOILWTICO,17.62,USD_per_barrel
1995-08-01,DCOILWTICO,17.59,USD_per_barrel
1995-08-02,DCOILWTICO,17.95,USD_per_barrel
1995-08-03,DCOILWTICO,17.72,USD_per_barrel
1995-08-04,DCOILWTICO,17.74,USD_per_barrel
1995-08-07,DCOILWTICO,17.65,USD_per_barrel
1995-08-08,DCOILWTICO,17.86,USD_per_barrel
1995-08-09,DCOILWTICO,17.77,USD_per_barrel
1995-08-10,DCOILWTICO,17.91,USD_per_barrel
1995-08-11,DCOILWTICO,17.86,USD_per_barrel
1995-08-14,DCOILWTICO,17.48,USD_per_barrel
1995-08-15,DCOILWTICO,17.4,USD_per_barrel
1995-08-16,DCOILWTICO,17.59,USD_per_barrel
1995-08-17,DCOILWTICO,17.65,USD_per_barrel
1995-08-18,DCOILWTICO,17.87,USD_per_barrel
1995-08-21,DCOILWTICO,18.26,USD_per_barrel
1995-08-22,DCOILWTICO,18.54,USD_per_barrel
1995-08-23,DCOILWTICO,18.79,USD_per_barrel
1995-08-24,DCOILWTICO,19.6,USD_per_barrel
1995-08-25,DCOILWTICO,19.91,USD_per_barrel
1995-08-28,DCOILWTICO,17.84,USD_per_barrel
1995-08-29,DCOILWTICO,17.87,USD_per_barrel
1995-08-30,DCOILWTICO,17.74,USD_per_barrel
1995-08-31,DCOILWTICO,17.89,USD_per_barrel
1995-09-01,DCOILWTICO,18.08,USD_per_barrel
1995-09-05,DCOILWTICO,18.49,USD_per_barrel
1995-09-06,DCOILWTICO,18.27,USD_per_barrel
1995-09-07,DCOILWTICO,18.27,USD_per_barrel
1995-09-08,DCOILWTICO,18.44,USD_per_barrel
1995-09-11,DCOILWTICO,18.49,USD_per_barrel
1995-09-12,DCOILWTICO,18.76,USD_per_barrel
1995-09-13,DCOILWTICO,18.53,USD_per_barrel
1995-09-14,DCOILWTICO,18.87,USD_per_barrel
1995-09-15,DCOILWTICO,18.94,USD_per_barrel
1995-09-18,DCOILWTICO,18.92,USD_per_barrel
1995-09-19,DCOILWTICO,19.01,USD_per_barrel
1995-09-20,DCOILWTICO,18.53,USD_per_barrel
1995-09-21,DCOILWTICO,17.89,USD_per_barrel
1995-09-22,DCOILWTICO,17.27,USD_per_barrel
1995-09-25,DCOILWTICO,17.38,USD_per_barrel
1995-09-26,DCOILWTICO,17.47,USD_per_barrel
1995-09-27,DCOILWTICO,17.64,USD_per_barrel
1995-09-28,DCOILWTICO,17.72,USD_per_barrel
1995-09-29,DCOILWTICO,17.54,USD_per_barrel
1995-10-02,DCOILWTICO,17.67,USD_per_barrel
1995-10-03,DCOILWTICO,17.56,USD_per_barrel
1995-10-04,DCOILWTICO,17.32,USD_per_barrel
1995-10-05,DCOILWTICO,16.86,USD_per_barrel
1995-10-06,DCOILWTICO,17.03,USD_per_barrel
1995-10-09,DCOILWTICO,17.36,USD_per_barrel
1995-10-10,DCOILWTICO,17.29,USD_per_barrel
1995-10-11,DCOILWTICO,17.28,USD_per_barrel
1995-10-12,DCOILWTICO,17.08,USD_per_barrel
1995-10-13,DCOILWTICO,17.38,USD_per_barrel
1995-10-16,DCOILWTICO,17.6,USD_per_barrel
1995-10-17,DCOILWTICO,17.59,USD_per_barrel
1995-10-18,DCOILWTICO,17.57,USD_per_barrel
1995-10-19,DCOILWTICO,17.34,USD_per_barrel
1995-10-20,DCOILWTICO,17.44,USD_per_barrel
1995-10-23,DCOILWTICO,17.48,USD_per_barrel
1995-10-24,DCOILWTICO,17.61,USD_per_barrel
1995-10-25,DCOILWTICO,17.58,USD_per_barrel
1995-10-26,DCOILWTICO,17.61,USD_per_barrel
1995-10-27,DCOILWTICO,17.54,USD_per_barrel
1995-10-30,DCOILWTICO,17.67,USD_per_barrel
1995-10-31,DCOILWTICO,17.67,USD_per_barrel
1995-11-01,DCOILWTICO,17.74,USD_per_barrel
1995-11-02,DCOILWTICO,17.94,USD_per_barrel
1995-11-03,DCOILWTICO,17.93,USD_per_barrel
1995-11-06,DCOILWTICO,17.68,USD_per_barrel
1995-11-07,DCOILWTICO,17.62,USD_per_barrel
1995-11-08,DCOILWTICO,17.82,USD_per_barrel
1995-11-09,DCOILWTICO,17.83,USD_per_barrel
1995-11-10,DCOILWTICO,17.83,USD_per_barrel
1995-11-13,DCOILWTICO,17.78,USD_per_barrel
1995-11-14,DCOILWTICO,17.89,USD_per_barrel
1995-11-15,DCOILWTICO,17.92,USD_per_barrel
1995-11-16,DCOILWTICO,18.16,USD_per_barrel
1995-11-17,DCOILWTICO,18.56,USD_per_barrel
1995-11-20,DCOILWTICO,18.14,USD_per_barrel
1995-11-21,DCOILWTICO,17.89,USD_per_barrel
1995-11-22,DCOILWTICO,17.93,USD_per_barrel
1995-11-27,DCOILWTICO,18.37,USD_per_barrel
1995-11-28,DCOILWTICO,18.28,USD_per_barrel
1995-11-29,DCOILWTICO,18.27,USD_per_barrel
1995-11-30,DCOILWTICO,18.27,USD_per_barrel
1995-12-01,DCOILWTICO,18.43,USD_per_barrel
1995-12-04,DCOILWTICO,18.61,USD_per_barrel
1995-12-05,DCOILWTICO,18.66,USD_per_barrel
1995-12-06,DCOILWTICO,18.76,USD_per_barrel
1995-12-07,DCOILWTICO,18.69,USD_per_barrel
1995-12-08,DCOILWTICO,18.97,USD_per_barrel
1995-12-11,DCOILWTICO,18.62,USD_per_barrel
1995-12-12,DCOILWTICO,18.8,USD_per_barrel
1995-12-13,DCOILWTICO,19.01,USD_per_barrel
1995-12-14,DCOILWTICO,19.14,USD_per_barrel
1995-12-15,DCOILWTICO,19.51,USD_per_barrel
1995-12-18,DCOILWTICO,19.71,USD_per_barrel
1995-12-19,DCOILWTICO,19.05,USD_per_barrel
1995-12-20,DCOILWTICO,18.87,USD_per_barrel
1995-12-21,DCOILWTICO,18.83,USD_per_barrel
1995-12-22,DCOILWTICO,19.12,USD_per_barrel
1995-12-26,DCOILWTICO,19.25,USD_per_barrel
1995-12-27,DCOILWTICO,19.49,USD_per_barrel
1995-12-28,DCOILWTICO,19.47,USD_per_barrel
1995-12-29,DCOILWTICO,19.54,USD_per_barrel
1996-01-02,DCOILWTICO,19.83,USD_per_barrel
1996-01-03,DCOILWTICO,19.9,USD_per_barrel
1996-01-04,DCOILWTICO,19.96,USD_per_barrel
1996-01-05,DCOILWTICO,20.26,USD_per_barrel
1996-01-08,DCOILWTICO,20.5,USD_per_barrel
1996-01-09,DCOILWTICO,19.86,USD_per_barrel
1996-01-10,DCOILWTICO,19.66,USD_per_barrel
1996-01-11,DCOILWTICO,18.87,USD_per_barrel
1996-01-12,DCOILWTICO,18.28,USD_per_barrel
1996-01-15,DCOILWTICO,18.42,USD_per_barrel
1996-01-16,DCOILWTICO,18.12,USD_per_barrel
1996-01-17,DCOILWTICO,18.58,USD_per_barrel
1996-01-18,DCOILWTICO,19.12,USD_per_barrel
1996-01-19,DCOILWTICO,18.94,USD_per_barrel
1996-01-22,DCOILWTICO,18.49,USD_per_barrel
1996-01-23,DCOILWTICO,18.58,USD_per_barrel
1996-01-24,DCOILWTICO,18.95,USD_per_barrel
1996-01-25,DCOILWTICO,18.06,USD_per_barrel
1996-01-26,DCOILWTICO,17.68,USD_per_barrel
1996-01-29,DCOILWTICO,17.33,USD_per_barrel
1996-01-30,DCOILWTICO,17.65,USD_per_barrel
1996-01-31,DCOILWTICO,17.76,USD_per_barrel
1996-02-01,DCOILWTICO,17.63,USD_per_barrel
1996-02-02,DCOILWTICO,17.83,USD_per_barrel
1996-02-05,DCOILWTICO,17.53,USD_per_barrel
1996-02-06,DCOILWTICO,17.74,USD_per_barrel
1996-02-07,DCOILWTICO,17.71,USD_per_barrel
1996-02-08,DCOILWTICO,17.79,USD_per_barrel
1996-02-09,DCOILWTICO,17.83,USD_per_barrel
1996-02-12,DCOILWTICO,18.01,USD_per_barrel
1996-02-13,DCOILWTICO,18.96,USD_per_barrel
1996-02-14,DCOILWTICO,18.86,USD_per_barrel
1996-02-15,DCOILWTICO,19.02,USD_per_barrel
1996-02-16,DCOILWTICO,19.16,USD_per_barrel
1996-02-20,DCOILWTICO,21.07,USD_per_barrel
1996-02-21,DCOILWTICO,21.63,USD_per_barrel
1996-02-22,DCOILWTICO,22.14,USD_per_barrel
1996-02-23,DCOILWTICO,20.97,USD_per_barrel
1996-02-26,DCOILWTICO,19.45,USD_per_barrel
1996-02-27,DCOILWTICO,19.65,USD_per_barrel
1996-02-28,DCOILWTICO,19.3,USD_per_barrel
1996-02-29,DCOILWTICO,19.59,USD_per_barrel
1996-03-01,DCOILWTICO,19.45,USD_per_barrel
1996-03-04,DCOILWTICO,19.24,USD_per_barrel
1996-03-05,DCOILWTICO,19.65,USD_per_barrel
1996-03-06,DCOILWTICO,20.16,USD_per_barrel
1996-03-07,DCOILWTICO,19.87,USD_per_barrel
1996-03-08,DCOILWTICO,19.66,USD_per_barrel
1996-03-11,DCOILWTICO,19.92,USD_per_barrel
1996-03-12,DCOILWTICO,20.42,USD_per_barrel
1996-03-13,DCOILWTICO,20.49,USD_per_barrel
1996-03-14,DCOILWTICO,21.18,USD_per_barrel
1996-03-15,DCOILWTICO,21.99,USD_per_barrel
1996-03-18,DCOILWTICO,23.23,USD_per_barrel
1996-03-19,DCOILWTICO,24.56,USD_per_barrel
1996-03-20,DCOILWTICO,22.74,USD_per_barrel
1996-03-21,DCOILWTICO,22.44,USD_per_barrel
1996-03-22,DCOILWTICO,22.85,USD_per_barrel
1996-03-25,DCOILWTICO,23.23,USD_per_barrel
1996-03-26,DCOILWTICO,22.38,USD_per_barrel
1996-03-27,DCOILWTICO,21.64,USD_per_barrel
1996-03-28,DCOILWTICO,21.45,USD_per_barrel
1996-03-29,DCOILWTICO,21.43,USD_per_barrel
1996-04-01,DCOILWTICO,22.29,USD_per_barrel
1996-04-02,DCOILWTICO,22.68,USD_per_barrel
1996-04-03,DCOILWTICO,22.22,USD_per_barrel
1996-04-04,DCOILWTICO,22.75,USD_per_barrel
1996-04-08,DCOILWTICO,23.01,USD_per_barrel
1996-04-09,DCOILWTICO,23.23,USD_per_barrel
1996-04-10,DCOILWTICO,24.08,USD_per_barrel
1996-04-11,DCOILWTICO,25.15,USD_per_barrel
1996-04-12,DCOILWTICO,24.29,USD_per_barrel
1996-04-15,DCOILWTICO,25.13,USD_per_barrel
1996-04-16,DCOILWTICO,24.48,USD_per_barrel
1996-04-17,DCOILWTICO,24.67,USD_per_barrel
1996-04-18,DCOILWTICO,23.47,USD_per_barrel
1996-04-19,DCOILWTICO,23.96,USD_per_barrel
1996-04-22,DCOILWTICO,23.94,USD_per_barrel
1996-04-23,DCOILWTICO,24.39,USD_per_barrel
1996-04-24,DCOILWTICO,24.0,USD_per_barrel
1996-04-25,DCOILWTICO,24.35,USD_per_barrel
1996-04-26,DCOILWTICO,22.33,USD_per_barrel
1996-04-29,DCOILWTICO,22.07,USD_per_barrel
1996-04-30,DCOILWTICO,20.95,USD_per_barrel
1996-05-01,DCOILWTICO,20.81,USD_per_barrel
1996-05-02,DCOILWTICO,20.78,USD_per_barrel
1996-05-03,DCOILWTICO,21.19,USD_per_barrel
1996-05-06,DCOILWTICO,21.06,USD_per_barrel
1996-05-07,DCOILWTICO,21.07,USD_per_barrel
1996-05-08,DCOILWTICO,21.13,USD_per_barrel
1996-05-09,DCOILWTICO,20.65,USD_per_barrel
1996-05-10,DCOILWTICO,21.01,USD_per_barrel
1996-05-13,DCOILWTICO,21.23,USD_per_barrel
1996-05-14,DCOILWTICO,21.35,USD_per_barrel
1996-05-15,DCOILWTICO,21.28,USD_per_barrel
1996-05-16,DCOILWTICO,20.79,USD_per_barrel
1996-05-17,DCOILWTICO,20.64,USD_per_barrel
1996-05-20,DCOILWTICO,22.28,USD_per_barrel
1996-05-21,DCOILWTICO,21.95,USD_per_barrel
1996-05-22,DCOILWTICO,23.02,USD_per_barrel
1996-05-23,DCOILWTICO,22.35,USD_per_barrel
1996-05-24,DCOILWTICO,21.58,USD_per_barrel
1996-05-28,DCOILWTICO,21.1,USD_per_barrel
1996-05-29,DCOILWTICO,20.65,USD_per_barrel
1996-05-30,DCOILWTICO,19.95,USD_per_barrel
1996-05-31,DCOILWTICO,19.77,USD_per_barrel
1996-06-03,DCOILWTICO,19.86,USD_per_barrel
1996-06-04,DCOILWTICO,20.28,USD_per_barrel
1996-06-05,DCOILWTICO,19.73,USD_per_barrel
1996-06-06,DCOILWTICO,20.06,USD_per_barrel
1996-06-07,DCOILWTICO,20.28,USD_per_barrel
1996-06-10,DCOILWTICO,20.18,USD_per_barrel
1996-06-11,DCOILWTICO,20.13,USD_per_barrel
1996-06-12,DCOILWTICO,20.13,USD_per_barrel
1996-06-13,DCOILWTICO,20.03,USD_per_barrel
1996-06-14,DCOILWTICO,20.28,USD_per_barrel
1996-06-17,DCOILWTICO,21.43,USD_per_barrel
1996-06-18,DCOILWTICO,21.53,USD_per_barrel
1996-06-19,DCOILWTICO,20.73,USD_per_barrel
1996-06-20,DCOILWTICO,20.68,USD_per_barrel
1996-06-21,DCOILWTICO,20.38,USD_per_barrel
1996-06-24,DCOILWTICO,20.1,USD_per_barrel
1996-06-25,DCOILWTICO,20.13,USD_per_barrel
1996-06-26,DCOILWTICO,20.63,USD_per_barrel
1996-06-27,DCOILWTICO,20.98,USD_per_barrel
1996-06-28,DCOILWTICO,20.92,USD_per_barrel
1996-07-01,DCOILWTICO,21.48,USD_per_barrel
1996-07-02,DCOILWTICO,21.08,USD_per_barrel
1996-07-03,DCOILWTICO,21.38,USD_per_barrel
1996-07-05,DCOILWTICO,21.65,USD_per_barrel
1996-07-08,DCOILWTICO,21.33,USD_per_barrel
1996-07-09,DCOILWTICO,21.52,USD_per_barrel
1996-07-10,DCOILWTICO,21.56,USD_per_barrel
1996-07-11,DCOILWTICO,21.96,USD_per_barrel
1996-07-12,DCOILWTICO,21.9,USD_per_barrel
1996-07-15,DCOILWTICO,22.43,USD_per_barrel
1996-07-16,DCOILWTICO,22.28,USD_per_barrel
1996-07-17,DCOILWTICO,21.65,USD_per_barrel
1996-07-18,DCOILWTICO,21.68,USD_per_barrel
1996-07-19,DCOILWTICO,20.95,USD_per_barrel
1996-07-22,DCOILWTICO,21.05,USD_per_barrel
1996-07-23,DCOILWTICO,21.58,USD_per_barrel
1996-07-24,DCOILWTICO,20.97,USD_per_barrel
1996-07-25,DCOILWTICO,21.05,USD_per_barrel
1996-07-26,DCOILWTICO,20.13,USD_per_barrel
1996-07-29,DCOILWTICO,20.28,USD_per_barrel
1996-07-30,DCOILWTICO,20.28,USD_per_barrel
1996-07-31,DCOILWTICO,20.46,USD_per_barrel
1996-08-01,DCOILWTICO,20.95,USD_per_barrel
1996-08-02,DCOILWTICO,21.35,USD_per_barrel
1996-08-05,DCOILWTICO,21.25,USD_per_barrel
1996-08-06,DCOILWTICO,21.08,USD_per_barrel
1996-08-07,DCOILWTICO,21.35,USD_per_barrel
1996-08-08,DCOILWTICO,21.45,USD_per_barrel
1996-08-09,DCOILWTICO,21.6,USD_per_barrel
1996-08-12,DCOILWTICO,22.25,USD_per_barrel
1996-08-13,DCOILWTICO,22.35,USD_per_barrel
1996-08-14,DCOILWTICO,22.1,USD_per_barrel
1996-08-15,DCOILWTICO,21.95,USD_per_barrel
1996-08-16,DCOILWTICO,22.6,USD_per_barrel
1996-08-19,DCOILWTICO,23.1,USD_per_barrel
1996-08-20,DCOILWTICO,22.53,USD_per_barrel
1996-08-21,DCOILWTICO,22.15,USD_per_barrel
1996-08-22,DCOILWTICO,22.48,USD_per_barrel
1996-08-23,DCOILWTICO,22.23,USD_per_barrel
1996-08-26,DCOILWTICO,21.55,USD_per_barrel
1996-08-27,DCOILWTICO,21.35,USD_per_barrel
1996-08-28,DCOILWTICO,21.75,USD_per_barrel
1996-08-29,DCOILWTICO,22.2,USD_per_barrel
1996-08-30,DCOILWTICO,22.25,USD_per_barrel
1996-09-03,DCOILWTICO,23.35,USD_per_barrel
1996-09-04,DCOILWTICO,23.25,USD_per_barrel
1996-09-05,DCOILWTICO,23.45,USD_per_barrel
1996-09-06,DCOILWTICO,23.85,USD_per_barrel
1996-09-09,DCOILWTICO,23.75,USD_per_barrel
1996-09-10,DCOILWTICO,24.15,USD_per_barrel
1996-09-11,DCOILWTICO,24.75,USD_per_barrel
1996-09-12,DCOILWTICO,24.95,USD_per_barrel
1996-09-13,DCOILWTICO,24.5,USD_per_barrel
1996-09-16,DCOILWTICO,23.3,USD_per_barrel
1996-09-17,DCOILWTICO,23.4,USD_per_barrel
1996-09-18,DCOILWTICO,23.85,USD_per_barrel
1996-09-19,DCOILWTICO,23.45,USD_per_barrel
1996-09-20,DCOILWTICO,23.6,USD_per_barrel
1996-09-23,DCOILWTICO,23.83,USD_per_barrel
1996-09-24,DCOILWTICO,24.55,USD_per_barrel
1996-09-25,DCOILWTICO,24.6,USD_per_barrel
1996-09-26,DCOILWTICO,24.05,USD_per_barrel
1996-09-27,DCOILWTICO,24.6,USD_per_barrel
1996-09-30,DCOILWTICO,24.2,USD_per_barrel
1996-10-01,DCOILWTICO,24.35,USD_per_barrel
1996-10-02,DCOILWTICO,24.05,USD_per_barrel
1996-10-03,DCOILWTICO,24.85,USD_per_barrel
1996-10-04,DCOILWTICO,24.75,USD_per_barrel
1996-10-07,DCOILWTICO,25.25,USD_per_barrel
1996-10-08,DCOILWTICO,25.45,USD_per_barrel
1996-10-09,DCOILWTICO,25.0,USD_per_barrel
1996-10-10,DCOILWTICO,24.3,USD_per_barrel
1996-10-11,DCOILWTICO,24.65,USD_per_barrel
1996-10-14,DCOILWTICO,25.5,USD_per_barrel
1996-10-15,DCOILWTICO,25.45,USD_per_barrel
1996-10-16,DCOILWTICO,25.1,USD_per_barrel
1996-10-17,DCOILWTICO,25.4,USD_per_barrel
1996-10-18,DCOILWTICO,25.8,USD_per_barrel
1996-10-21,DCOILWTICO,25.85,USD_per_barrel
1996-10-22,DCOILWTICO,25.79,USD_per_barrel
1996-10-23,DCOILWTICO,24.78,USD_per_barrel
1996-10-24,DCOILWTICO,24.55,USD_per_barrel
1996-10-25,DCOILWTICO,24.8,USD_per_barrel
1996-10-28,DCOILWTICO,24.75,USD_per_barrel
1996-10-29,DCOILWTICO,24.15,USD_per_barrel
1996-10-30,DCOILWTICO,24.4,USD_per_barrel
1996-10-31,DCOILWTICO,23.25,USD_per_barrel
1996-11-01,DCOILWTICO,23.0,USD_per_barrel
1996-11-04,DCOILWTICO,22.8,USD_per_barrel
1996-11-05,DCOILWTICO,22.65,USD_per_barrel
1996-11-06,DCOILWTICO,22.75,USD_per_barrel
1996-11-07,DCOILWTICO,22.8,USD_per_barrel
1996-11-08,DCOILWTICO,23.6,USD_per_barrel
1996-11-11,DCOILWTICO,23.35,USD_per_barrel
1996-11-12,DCOILWTICO,23.4,USD_per_barrel
1996-11-13,DCOILWTICO,24.25,USD_per_barrel
1996-11-14,DCOILWTICO,24.35,USD_per_barrel
1996-11-15,DCOILWTICO,24.15,USD_per_barrel
1996-11-18,DCOILWTICO,23.85,USD_per_barrel
1996-11-19,DCOILWTICO,24.5,USD_per_barrel
1996-11-20,DCOILWTICO,23.75,USD_per_barrel
1996-11-21,DCOILWTICO,23.9,USD_per_barrel
1996-11-22,DCOILWTICO,24.15,USD_per_barrel
1996-11-25,DCOILWTICO,25.75,USD_per_barrel
1996-11-26,DCOILWTICO,23.7,USD_per_barrel
1996-11-27,DCOILWTICO,23.7,USD_per_barrel
1996-11-29,DCOILWTICO,23.7,USD_per_barrel
1996-12-02,DCOILWTICO,24.7,USD_per_barrel
1996-12-03,DCOILWTICO,24.8,USD_per_barrel
1996-12-04,DCOILWTICO,25.0,USD_per_barrel
1996-12-05,DCOILWTICO,25.6,USD_per_barrel
1996-12-06,DCOILWTICO,25.6,USD_per_barrel
1996-12-09,DCOILWTICO,25.15,USD_per_barrel
1996-12-10,DCOILWTICO,24.25,USD_per_barrel
1996-12-11,DCOILWTICO,23.4,USD_per_barrel
1996-12-12,DCOILWTICO,23.75,USD_per_barrel
1996-12-13,DCOILWTICO,24.45,USD_per_barrel
1996-12-16,DCOILWTICO,25.7,USD_per_barrel
1996-12-17,DCOILWTICO,25.7,USD_per_barrel
1996-12-18,DCOILWTICO,26.05,USD_per_barrel
1996-12-19,DCOILWTICO,26.55,USD_per_barrel
1996-12-20,DCOILWTICO,26.1,USD_per_barrel
1996-12-23,DCOILWTICO,26.4,USD_per_barrel
1996-12-24,DCOILWTICO,25.05,USD_per_barrel
1996-12-26,DCOILWTICO,25.1,USD_per_barrel
1996-12-27,DCOILWTICO,25.2,USD_per_barrel
1996-12-30,DCOILWTICO,25.35,USD_per_barrel
1996-12-31,DCOILWTICO,25.9,USD_per_barrel
1997-01-02,DCOILWTICO,25.55,USD_per_barrel
1997-01-03,DCOILWTICO,25.55,USD_per_barrel
1997-01-06,DCOILWTICO,26.25,USD_per_barrel
1997-01-07,DCOILWTICO,26.25,USD_per_barrel
1997-01-08,DCOILWTICO,26.55,USD_per_barrel
1997-01-09,DCOILWTICO,26.3,USD_per_barrel
1997-01-10,DCOILWTICO,26.15,USD_per_barrel
1997-01-13,DCOILWTICO,25.2,USD_per_barrel
1997-01-14,DCOILWTICO,25.1,USD_per_barrel
1997-01-15,DCOILWTICO,25.95,USD_per_barrel
1997-01-16,DCOILWTICO,25.45,USD_per_barrel
1997-01-17,DCOILWTICO,25.4,USD_per_barrel
1997-01-20,DCOILWTICO,25.1,USD_per_barrel
1997-01-21,DCOILWTICO,24.8,USD_per_barrel
1997-01-22,DCOILWTICO,24.4,USD_per_barrel
1997-01-23,DCOILWTICO,23.85,USD_per_barrel
1997-01-24,DCOILWTICO,23.85,USD_per_barrel
1997-01-27,DCOILWTICO,23.85,USD_per_barrel
1997-01-28,DCOILWTICO,23.9,USD_per_barrel
1997-01-29,DCOILWTICO,24.5,USD_per_barrel
1997-01-30,DCOILWTICO,24.8,USD_per_barrel
1997-01-31,DCOILWTICO,24.15,USD_per_barrel
1997-02-03,DCOILWTICO,24.2,USD_per_barrel
1997-02-04,DCOILWTICO,24.0,USD_per_barrel
1997-02-05,DCOILWTICO,23.9,USD_per_barrel
1997-02-06,DCOILWTICO,23.05,USD_per_barrel
1997-02-07,DCOILWTICO,22.3,USD_per_barrel
1997-02-10,DCOILWTICO,22.45,USD_per_barrel
1997-02-11,DCOILWTICO,22.35,USD_per_barrel
1997-02-12,DCOILWTICO,21.75,USD_per_barrel
1997-02-13,DCOILWTICO,22.1,USD_per_barrel
1997-02-14,DCOILWTICO,22.4,USD_per_barrel
1997-02-18,DCOILWTICO,22.5,USD_per_barrel
1997-02-19,DCOILWTICO,22.65,USD_per_barrel
1997-02-20,DCOILWTICO,21.95,USD_per_barrel
1997-02-21,DCOILWTICO,21.6,USD_per_barrel
1997-02-24,DCOILWTICO,21.0,USD_per_barrel
1997-02-25,DCOILWTICO,20.95,USD_per_barrel
1997-02-26,DCOILWTICO,21.1,USD_per_barrel
1997-02-27,DCOILWTICO,20.8,USD_per_barrel
1997-02-28,DCOILWTICO,20.3,USD_per_barrel
1997-03-03,DCOILWTICO,20.25,USD_per_barrel
1997-03-04,DCOILWTICO,20.75,USD_per_barrel
1997-03-05,DCOILWTICO,20.5,USD_per_barrel
1997-03-06,DCOILWTICO,21.0,USD_per_barrel
1997-03-07,DCOILWTICO,21.35,USD_per_barrel
1997-03-10,DCOILWTICO,20.5,USD_per_barrel
1997-03-11,DCOILWTICO,20.15,USD_per_barrel
1997-03-12,DCOILWTICO,20.6,USD_per_barrel
1997-03-13,DCOILWTICO,20.65,USD_per_barrel
1997-03-14,DCOILWTICO,21.3,USD_per_barrel
1997-03-17,DCOILWTICO,20.9,USD_per_barrel
1997-03-18,DCOILWTICO,22.0,USD_per_barrel
1997-03-19,DCOILWTICO,22.0,USD_per_barrel
1997-03-20,DCOILWTICO,22.0,USD_per_barrel
1997-03-21,DCOILWTICO,21.7,USD_per_barrel
1997-03-24,DCOILWTICO,21.0,USD_per_barrel
1997-03-25,DCOILWTICO,20.95,USD_per_barrel
1997-03-26,DCOILWTICO,20.65,USD_per_barrel
1997-03-27,DCOILWTICO,20.7,USD_per_barrel
1997-03-31,DCOILWTICO,20.35,USD_per_barrel
1997-04-01,DCOILWTICO,20.3,USD_per_barrel
1997-04-02,DCOILWTICO,19.55,USD_per_barrel
1997-04-03,DCOILWTICO,19.45,USD_per_barrel
1997-04-04,DCOILWTICO,19.15,USD_per_barrel
1997-04-07,DCOILWTICO,19.25,USD_per_barrel
1997-04-08,DCOILWTICO,19.35,USD_per_barrel
1997-04-09,DCOILWTICO,19.25,USD_per_barrel
1997-04-10,DCOILWTICO,19.55,USD_per_barrel
1997-04-11,DCOILWTICO,19.5,USD_per_barrel
1997-04-14,DCOILWTICO,19.9,USD_per_barrel
1997-04-15,DCOILWTICO,19.6,USD_per_barrel
1997-04-16,DCOILWTICO,19.35,USD_per_barrel
1997-04-17,DCOILWTICO,19.5,USD_per_barrel
1997-04-18,DCOILWTICO,19.9,USD_per_barrel
1997-04-21,DCOILWTICO,20.35,USD_per_barrel
1997-04-22,DCOILWTICO,19.6,USD_per_barrel
1997-04-23,DCOILWTICO,19.65,USD_per_barrel
1997-04-24,DCOILWTICO,19.85,USD_per_barrel
1997-04-25,DCOILWTICO,19.8,USD_per_barrel
1997-04-28,DCOILWTICO,19.85,USD_per_barrel
1997-04-29,DCOILWTICO,20.4,USD_per_barrel
1997-04-30,DCOILWTICO,20.2,USD_per_barrel
1997-05-01,DCOILWTICO,19.9,USD_per_barrel
1997-05-02,DCOILWTICO,19.6,USD_per_barrel
1997-05-05,DCOILWTICO,19.6,USD_per_barrel
1997-05-06,DCOILWTICO,19.7,USD_per_barrel
1997-05-07,DCOILWTICO,19.6,USD_per_barrel
1997-05-08,DCOILWTICO,20.35,USD_per_barrel
1997-05-09,DCOILWTICO,20.45,USD_per_barrel
1997-05-12,DCOILWTICO,21.4,USD_per_barrel
1997-05-13,DCOILWTICO,21.1,USD_per_barrel
1997-05-14,DCOILWTICO,21.35,USD_per_barrel
1997-05-15,DCOILWTICO,21.3,USD_per_barrel
1997-05-16,DCOILWTICO,22.1,USD_per_barrel
1997-05-19,DCOILWTICO,21.5,USD_per_barrel
1997-05-20,DCOILWTICO,21.2,USD_per_barrel
1997-05-21,DCOILWTICO,21.6,USD_per_barrel
1997-05-22,DCOILWTICO,21.6,USD_per_barrel
1997-05-23,DCOILWTICO,21.25,USD_per_barrel
1997-05-27,DCOILWTICO,20.75,USD_per_barrel
1997-05-28,DCOILWTICO,20.7,USD_per_barrel
1997-05-29,DCOILWTICO,21.15,USD_per_barrel
1997-05-30,DCOILWTICO,21.0,USD_per_barrel
1997-06-02,DCOILWTICO,21.15,USD_per_barrel
1997-06-03,DCOILWTICO,20.35,USD_per_barrel
1997-06-04,DCOILWTICO,20.3,USD_per_barrel
1997-06-05,DCOILWTICO,19.8,USD_per_barrel
1997-06-06,DCOILWTICO,19.0,USD_per_barrel
1997-06-09,DCOILWTICO,18.85,USD_per_barrel
1997-06-10,DCOILWTICO,18.85,USD_per_barrel
1997-06-11,DCOILWTICO,18.75,USD_per_barrel
1997-06-12,DCOILWTICO,19.0,USD_per_barrel
1997-06-13,DCOILWTICO,18.95,USD_per_barrel
1997-06-16,DCOILWTICO,19.1,USD_per_barrel
1997-06-17,DCOILWTICO,19.3,USD_per_barrel
1997-06-18,DCOILWTICO,18.9,USD_per_barrel
1997-06-19,DCOILWTICO,18.75,USD_per_barrel
1997-06-20,DCOILWTICO,18.6,USD_per_barrel
1997-06-23,DCOILWTICO,18.9,USD_per_barrel
1997-06-24,DCOILWTICO,18.71,USD_per_barrel
1997-06-25,DCOILWTICO,19.12,USD_per_barrel
1997-06-26,DCOILWTICO,18.84,USD_per_barrel
1997-06-27,DCOILWTICO,19.42,USD_per_barrel
1997-06-30,DCOILWTICO,19.82,USD_per_barrel
1997-07-01,DCOILWTICO,20.11,USD_per_barrel
1997-07-02,DCOILWTICO,20.39,USD_per_barrel
1997-07-03,DCOILWTICO,19.48,USD_per_barrel
1997-07-07,DCOILWTICO,19.53,USD_per_barrel
1997-07-08,DCOILWTICO,19.67,USD_per_barrel
1997-07-09,DCOILWTICO,19.4,USD_per_barrel
1997-07-10,DCOILWTICO,19.22,USD_per_barrel
1997-07-11,DCOILWTICO,19.39,USD_per_barrel
1997-07-14,DCOILWTICO,18.92,USD_per_barrel
1997-07-15,DCOILWTICO,19.81,USD_per_barrel
1997-07-16,DCOILWTICO,19.57,USD_per_barrel
1997-07-17,DCOILWTICO,19.92,USD_per_barrel
1997-07-18,DCOILWTICO,19.22,USD_per_barrel
1997-07-21,DCOILWTICO,19.25,USD_per_barrel
1997-07-22,DCOILWTICO,19.25,USD_per_barrel
1997-07-23,DCOILWTICO,19.68,USD_per_barrel
1997-07-24,DCOILWTICO,19.71,USD_per_barrel
1997-07-25,DCOILWTICO,19.71,USD_per_barrel
1997-07-28,DCOILWTICO,19.67,USD_per_barrel
1997-07-29,DCOILWTICO,20.08,USD_per_barrel
1997-07-30,DCOILWTICO,20.43,USD_per_barrel
1997-07-31,DCOILWTICO,20.19,USD_per_barrel
1997-08-01,DCOILWTICO,20.27,USD_per_barrel
1997-08-04,DCOILWTICO,20.81,USD_per_barrel
1997-08-05,DCOILWTICO,20.79,USD_per_barrel
1997-08-06,DCOILWTICO,20.46,USD_per_barrel
1997-08-07,DCOILWTICO,20.09,USD_per_barrel
1997-08-08,DCOILWTICO,19.58,USD_per_barrel
1997-08-11,DCOILWTICO,19.73,USD_per_barrel
1997-08-12,DCOILWTICO,19.91,USD_per_barrel
1997-08-13,DCOILWTICO,20.19,USD_per_barrel
1997-08-14,DCOILWTICO,20.02,USD_per_barrel
1997-08-15,DCOILWTICO,20.08,USD_per_barrel
1997-08-18,DCOILWTICO,19.94,USD_per_barrel
1997-08-19,DCOILWTICO,20.04,USD_per_barrel
1997-08-20,DCOILWTICO,20.07,USD_per_barrel
1997-08-21,DCOILWTICO,19.83,USD_per_barrel
1997-08-22,DCOILWTICO,19.7,USD_per_barrel
1997-08-25,DCOILWTICO,19.29,USD_per_barrel
1997-08-26,DCOILWTICO,19.31,USD_per_barrel
1997-08-27,DCOILWTICO,19.65,USD_per_barrel
1997-08-28,DCOILWTICO,19.59,USD_per_barrel
1997-08-29,DCOILWTICO,19.66,USD_per_barrel
1997-09-02,DCOILWTICO,19.73,USD_per_barrel
1997-09-03,DCOILWTICO,19.65,USD_per_barrel
1997-09-04,DCOILWTICO,19.46,USD_per_barrel
1997-09-05,DCOILWTICO,19.61,USD_per_barrel
1997-09-08,DCOILWTICO,19.43,USD_per_barrel
1997-09-09,DCOILWTICO,19.5,USD_per_barrel
1997-09-10,DCOILWTICO,19.5,USD_per_barrel
1997-09-11,DCOILWTICO,19.41,USD_per_barrel
1997-09-12,DCOILWTICO,19.37,USD_per_barrel
1997-09-15,DCOILWTICO,19.3,USD_per_barrel
1997-09-16,DCOILWTICO,19.67,USD_per_barrel
1997-09-17,DCOILWTICO,19.44,USD_per_barrel
1997-09-18,DCOILWTICO,19.41,USD_per_barrel
1997-09-19,DCOILWTICO,19.37,USD_per_barrel
1997-09-22,DCOILWTICO,19.61,USD_per_barrel
1997-09-23,DCOILWTICO,19.71,USD_per_barrel
1997-09-24,DCOILWTICO,20.03,USD_per_barrel
1997-09-25,DCOILWTICO,20.38,USD_per_barrel
1997-09-26,DCOILWTICO,20.87,USD_per_barrel
1997-09-29,DCOILWTICO,21.29,USD_per_barrel
1997-09-30,DCOILWTICO,21.13,USD_per_barrel
1997-10-01,DCOILWTICO,21.02,USD_per_barrel
1997-10-02,DCOILWTICO,21.82,USD_per_barrel
1997-10-03,DCOILWTICO,22.86,USD_per_barrel
1997-10-06,DCOILWTICO,21.97,USD_per_barrel
1997-10-07,DCOILWTICO,21.88,USD_per_barrel
1997-10-08,DCOILWTICO,22.19,USD_per_barrel
1997-10-09,DCOILWTICO,22.01,USD_per_barrel
1997-10-10,DCOILWTICO,22.01,USD_per_barrel
1997-10-13,DCOILWTICO,21.34,USD_per_barrel
1997-10-14,DCOILWTICO,20.75,USD_per_barrel
1997-10-15,DCOILWTICO,20.65,USD_per_barrel
1997-10-16,DCOILWTICO,20.98,USD_per_barrel
1997-10-17,DCOILWTICO,21.41,USD_per_barrel
1997-10-20,DCOILWTICO,20.69,USD_per_barrel
1997-10-21,DCOILWTICO,20.68,USD_per_barrel
1997-10-22,DCOILWTICO,21.44,USD_per_barrel
1997-10-23,DCOILWTICO,21.18,USD_per_barrel
1997-10-24,DCOILWTICO,20.99,USD_per_barrel
1997-10-27,DCOILWTICO,21.03,USD_per_barrel
1997-10-28,DCOILWTICO,20.4,USD_per_barrel
1997-10-29,DCOILWTICO,20.82,USD_per_barrel
1997-10-30,DCOILWTICO,21.26,USD_per_barrel
1997-10-31,DCOILWTICO,21.1,USD_per_barrel
1997-11-03,DCOILWTICO,20.91,USD_per_barrel
1997-11-04,DCOILWTICO,20.64,USD_per_barrel
1997-11-05,DCOILWTICO,20.44,USD_per_barrel
1997-11-06,DCOILWTICO,20.46,USD_per_barrel
1997-11-07,DCOILWTICO,20.8,USD_per_barrel
1997-11-10,DCOILWTICO,20.46,USD_per_barrel
1997-11-11,DCOILWTICO,20.54,USD_per_barrel
1997-11-12,DCOILWTICO,20.53,USD_per_barrel
1997-11-13,DCOILWTICO,20.76,USD_per_barrel
1997-11-14,DCOILWTICO,21.01,USD_per_barrel
1997-11-17,DCOILWTICO,20.29,USD_per_barrel
1997-11-18,DCOILWTICO,20.01,USD_per_barrel
1997-11-19,DCOILWTICO,19.82,USD_per_barrel
1997-11-20,DCOILWTICO,19.17,USD_per_barrel
1997-11-21,DCOILWTICO,19.76,USD_per_barrel
1997-11-24,DCOILWTICO,19.41,USD_per_barrel
1997-11-25,DCOILWTICO,19.35,USD_per_barrel
1997-11-26,DCOILWTICO,19.13,USD_per_barrel
1997-12-01,DCOILWTICO,18.76,USD_per_barrel
1997-12-02,DCOILWTICO,18.67,USD_per_barrel
1997-12-03,DCOILWTICO,18.81,USD_per_barrel
1997-12-04,DCOILWTICO,18.49,USD_per_barrel
1997-12-05,DCOILWTICO,18.72,USD_per_barrel
1997-12-08,DCOILWTICO,18.86,USD_per_barrel
1997-12-09,DCOILWTICO,18.79,USD_per_barrel
1997-12-10,DCOILWTICO,18.15,USD_per_barrel
1997-12-11,DCOILWTICO,18.18,USD_per_barrel
1997-12-12,DCOILWTICO,18.21,USD_per_barrel
1997-12-15,DCOILWTICO,18.18,USD_per_barrel
1997-12-16,DCOILWTICO,18.19,USD_per_barrel
1997-12-17,DCOILWTICO,18.22,USD_per_barrel
1997-12-18,DCOILWTICO,18.51,USD_per_barrel
1997-12-19,DCOILWTICO,18.46,USD_per_barrel
1997-12-22,DCOILWTICO,18.29,USD_per_barrel
1997-12-23,DCOILWTICO,18.39,USD_per_barrel
1997-12-24,DCOILWTICO,18.36,USD_per_barrel
1997-12-26,DCOILWTICO,18.19,USD_per_barrel
1997-12-29,DCOILWTICO,17.64,USD_per_barrel
1997-12-30,DCOILWTICO,17.6,USD_per_barrel
1997-12-31,DCOILWTICO,17.65,USD_per_barrel
1998-01-02,DCOILWTICO,17.41,USD_per_barrel
1998-01-05,DCOILWTICO,16.95,USD_per_barrel
1998-01-06,DCOILWTICO,16.64,USD_per_barrel
1998-01-07,DCOILWTICO,16.91,USD_per_barrel
1998-01-08,DCOILWTICO,17.01,USD_per_barrel
1998-01-09,DCOILWTICO,16.65,USD_per_barrel
1998-01-12,DCOILWTICO,16.53,USD_per_barrel
1998-01-13,DCOILWTICO,16.44,USD_per_barrel
1998-01-14,DCOILWTICO,16.54,USD_per_barrel
1998-01-15,DCOILWTICO,16.35,USD_per_barrel
1998-01-16,DCOILWTICO,16.48,USD_per_barrel
1998-01-20,DCOILWTICO,16.43,USD_per_barrel
1998-01-21,DCOILWTICO,16.05,USD_per_barrel
1998-01-22,DCOILWTICO,15.93,USD_per_barrel
1998-01-23,DCOILWTICO,15.65,USD_per_barrel
1998-01-26,DCOILWTICO,16.96,USD_per_barrel
1998-01-27,DCOILWTICO,17.06,USD_per_barrel
1998-01-28,DCOILWTICO,17.35,USD_per_barrel
1998-01-29,DCOILWTICO,17.93,USD_per_barrel
1998-01-30,DCOILWTICO,17.21,USD_per_barrel
1998-02-02,DCOILWTICO,17.07,USD_per_barrel
1998-02-03,DCOILWTICO,16.43,USD_per_barrel
1998-02-04,DCOILWTICO,16.42,USD_per_barrel
1998-02-05,DCOILWTICO,16.63,USD_per_barrel
1998-02-06,DCOILWTICO,16.72,USD_per_barrel
1998-02-09,DCOILWTICO,16.59,USD_per_barrel
1998-02-10,DCOILWTICO,16.48,USD_per_barrel
1998-02-11,DCOILWTICO,16.17,USD_per_barrel
1998-02-12,DCOILWTICO,15.97,USD_per_barrel
1998-02-13,DCOILWTICO,16.03,USD_per_barrel
1998-02-17,DCOILWTICO,15.64,USD_per_barrel
1998-02-18,DCOILWTICO,16.24,USD_per_barrel
1998-02-19,DCOILWTICO,16.12,USD_per_barrel
1998-02-20,DCOILWTICO,16.13,USD_per_barrel
1998-02-23,DCOILWTICO,15.23,USD_per_barrel
1998-02-24,DCOILWTICO,15.14,USD_per_barrel
1998-02-25,DCOILWTICO,15.28,USD_per_barrel
1998-02-26,DCOILWTICO,15.41,USD_per_barrel
1998-02-27,DCOILWTICO,15.44,USD_per_barrel
1998-03-02,DCOILWTICO,15.32,USD_per_barrel
1998-03-03,DCOILWTICO,15.28,USD_per_barrel
1998-03-04,DCOILWTICO,15.33,USD_per_barrel
1998-03-05,DCOILWTICO,15.34,USD_per_barrel
1998-03-06,DCOILWTICO,14.9,USD_per_barrel
1998-03-09,DCOILWTICO,14.58,USD_per_barrel
1998-03-10,DCOILWTICO,14.54,USD_per_barrel
1998-03-11,DCOILWTICO,14.3,USD_per_barrel
1998-03-12,DCOILWTICO,14.4,USD_per_barrel
1998-03-13,DCOILWTICO,14.19,USD_per_barrel
1998-03-16,DCOILWTICO,13.41,USD_per_barrel
1998-03-17,DCOILWTICO,13.67,USD_per_barrel
1998-03-18,DCOILWTICO,14.36,USD_per_barrel
1998-03-19,DCOILWTICO,14.43,USD_per_barrel
1998-03-20,DCOILWTICO,14.31,USD_per_barrel
1998-03-23,DCOILWTICO,16.14,USD_per_barrel
1998-03-24,DCOILWTICO,15.52,USD_per_barrel
1998-03-25,DCOILWTICO,16.69,USD_per_barrel
1998-03-26,DCOILWTICO,16.92,USD_per_barrel
1998-03-27,DCOILWTICO,16.84,USD_per_barrel
1998-03-30,DCOILWTICO,16.32,USD_per_barrel
1998-03-31,DCOILWTICO,15.75,USD_per_barrel
1998-04-01,DCOILWTICO,15.69,USD_per_barrel
1998-04-02,DCOILWTICO,16.04,USD_per_barrel
1998-04-03,DCOILWTICO,16.08,USD_per_barrel
1998-04-06,DCOILWTICO,15.48,USD_per_barrel
1998-04-07,DCOILWTICO,15.39,USD_per_barrel
1998-04-08,DCOILWTICO,15.71,USD_per_barrel
1998-04-09,DCOILWTICO,15.61,USD_per_barrel
1998-04-13,DCOILWTICO,15.35,USD_per_barrel
1998-04-14,DCOILWTICO,15.18,USD_per_barrel
1998-04-15,DCOILWTICO,15.64,USD_per_barrel
1998-04-16,DCOILWTICO,15.97,USD_per_barrel
1998-04-17,DCOILWTICO,15.49,USD_per_barrel
1998-04-20,DCOILWTICO,15.52,USD_per_barrel
1998-04-21,DCOILWTICO,15.57,USD_per_barrel
1998-04-22,DCOILWTICO,15.07,USD_per_barrel
1998-04-23,DCOILWTICO,13.09,USD_per_barrel
1998-04-24,DCOILWTICO,13.23,USD_per_barrel
1998-04-27,DCOILWTICO,15.43,USD_per_barrel
1998-04-28,DCOILWTICO,15.9,USD_per_barrel
1998-04-29,DCOILWTICO,15.43,USD_per_barrel
1998-04-30,DCOILWTICO,15.56,USD_per_barrel
1998-05-01,DCOILWTICO,16.25,USD_per_barrel
1998-05-04,DCOILWTICO,15.98,USD_per_barrel
1998-05-05,DCOILWTICO,15.48,USD_per_barrel
1998-05-06,DCOILWTICO,15.45,USD_per_barrel
1998-05-07,DCOILWTICO,15.26,USD_per_barrel
1998-05-08,DCOILWTICO,15.21,USD_per_barrel
1998-05-11,DCOILWTICO,15.26,USD_per_barrel
1998-05-12,DCOILWTICO,15.21,USD_per_barrel
1998-05-13,DCOILWTICO,15.01,USD_per_barrel
1998-05-14,DCOILWTICO,15.15,USD_per_barrel
1998-05-15,DCOILWTICO,14.51,USD_per_barrel
1998-05-18,DCOILWTICO,14.15,USD_per_barrel
1998-05-19,DCOILWTICO,13.01,USD_per_barrel
1998-05-20,DCOILWTICO,13.36,USD_per_barrel
1998-05-21,DCOILWTICO,14.21,USD_per_barrel
1998-05-22,DCOILWTICO,14.81,USD_per_barrel
1998-05-26,DCOILWTICO,14.9,USD_per_barrel
1998-05-27,DCOILWTICO,14.98,USD_per_barrel
1998-05-28,DCOILWTICO,14.88,USD_per_barrel
1998-05-29,DCOILWTICO,15.21,USD_per_barrel
1998-06-01,DCOILWTICO,14.99,USD_per_barrel
1998-06-02,DCOILWTICO,14.81,USD_per_barrel
1998-06-03,DCOILWTICO,14.94,USD_per_barrel
1998-06-04,DCOILWTICO,15.24,USD_per_barrel
1998-06-05,DCOILWTICO,15.13,USD_per_barrel
1998-06-08,DCOILWTICO,14.49,USD_per_barrel
1998-06-09,DCOILWTICO,13.76,USD_per_barrel
1998-06-10,DCOILWTICO,13.54,USD_per_barrel
1998-06-11,DCOILWTICO,12.67,USD_per_barrel
1998-06-12,DCOILWTICO,12.66,USD_per_barrel
1998-06-15,DCOILWTICO,11.69,USD_per_barrel
1998-06-16,DCOILWTICO,12.38,USD_per_barrel
1998-06-17,DCOILWTICO,12.55,USD_per_barrel
1998-06-18,DCOILWTICO,11.8,USD_per_barrel
1998-06-19,DCOILWTICO,11.8,USD_per_barrel
1998-06-22,DCOILWTICO,13.54,USD_per_barrel
1998-06-23,DCOILWTICO,14.65,USD_per_barrel
1998-06-24,DCOILWTICO,14.54,USD_per_barrel
1998-06-25,DCOILWTICO,13.9,USD_per_barrel
1998-06-26,DCOILWTICO,14.21,USD_per_barrel
1998-06-29,DCOILWTICO,14.29,USD_per_barrel
1998-06-30,DCOILWTICO,14.3,USD_per_barrel
1998-07-01,DCOILWTICO,14.47,USD_per_barrel
1998-07-02,DCOILWTICO,14.58,USD_per_barrel
1998-07-06,DCOILWTICO,13.87,USD_per_barrel
1998-07-07,DCOILWTICO,13.83,USD_per_barrel
1998-07-08,DCOILWTICO,14.01,USD_per_barrel
1998-07-09,DCOILWTICO,14.01,USD_per_barrel
1998-07-10,DCOILWTICO,13.96,USD_per_barrel
1998-07-13,DCOILWTICO,14.06,USD_per_barrel
1998-07-14,DCOILWTICO,14.87,USD_per_barrel
1998-07-15,DCOILWTICO,14.9,USD_per_barrel
1998-07-16,DCOILWTICO,14.54,USD_per_barrel
1998-07-17,DCOILWTICO,14.02,USD_per_barrel
1998-07-20,DCOILWTICO,13.44,USD_per_barrel
1998-07-21,DCOILWTICO,13.83,USD_per_barrel
1998-07-22,DCOILWTICO,14.29,USD_per_barrel
1998-07-23,DCOILWTICO,13.97,USD_per_barrel
1998-07-24,DCOILWTICO,13.93,USD_per_barrel
1998-07-27,DCOILWTICO,14.37,USD_per_barrel
1998-07-28,DCOILWTICO,14.2,USD_per_barrel
1998-07-29,DCOILWTICO,14.13,USD_per_barrel
1998-07-30,DCOILWTICO,14.25,USD_per_barrel
1998-07-31,DCOILWTICO,14.27,USD_per_barrel
1998-08-03,DCOILWTICO,13.93,USD_per_barrel
1998-08-04,DCOILWTICO,13.69,USD_per_barrel
1998-08-05,DCOILWTICO,13.8,USD_per_barrel
1998-08-06,DCOILWTICO,13.87,USD_per_barrel
1998-08-07,DCOILWTICO,13.85,USD_per_barrel
1998-08-10,DCOILWTICO,13.11,USD_per_barrel
1998-08-11,DCOILWTICO,12.87,USD_per_barrel
1998-08-12,DCOILWTICO,12.76,USD_per_barrel
1998-08-13,DCOILWTICO,13.44,USD_per_barrel
1998-08-14,DCOILWTICO,13.4,USD_per_barrel
1998-08-17,DCOILWTICO,13.26,USD_per_barrel
1998-08-18,DCOILWTICO,13.13,USD_per_barrel
1998-08-19,DCOILWTICO,13.21,USD_per_barrel
1998-08-20,DCOILWTICO,13.62,USD_per_barrel
1998-08-21,DCOILWTICO,13.44,USD_per_barrel
1998-08-24,DCOILWTICO,13.78,USD_per_barrel
1998-08-25,DCOILWTICO,13.9,USD_per_barrel
1998-08-26,DCOILWTICO,13.67,USD_per_barrel
1998-08-27,DCOILWTICO,13.35,USD_per_barrel
1998-08-28,DCOILWTICO,13.54,USD_per_barrel
1998-08-31,DCOILWTICO,13.29,USD_per_barrel
1998-09-01,DCOILWTICO,13.62,USD_per_barrel
1998-09-02,DCOILWTICO,13.72,USD_per_barrel
1998-09-03,DCOILWTICO,14.7,USD_per_barrel
1998-09-04,DCOILWTICO,14.59,USD_per_barrel
1998-09-08,DCOILWTICO,14.34,USD_per_barrel
1998-09-09,DCOILWTICO,14.37,USD_per_barrel
1998-09-10,DCOILWTICO,14.71,USD_per_barrel
1998-09-11,DCOILWTICO,14.39,USD_per_barrel
1998-09-14,DCOILWTICO,14.46,USD_per_barrel
1998-09-15,DCOILWTICO,14.72,USD_per_barrel
1998-09-16,DCOILWTICO,14.6,USD_per_barrel
1998-09-17,DCOILWTICO,15.07,USD_per_barrel
1998-09-18,DCOILWTICO,15.53,USD_per_barrel
1998-09-21,DCOILWTICO,15.58,USD_per_barrel
1998-09-22,DCOILWTICO,15.73,USD_per_barrel
1998-09-23,DCOILWTICO,15.8,USD_per_barrel
1998-09-24,DCOILWTICO,15.99,USD_per_barrel
1998-09-25,DCOILWTICO,15.8,USD_per_barrel
1998-09-28,DCOILWTICO,15.74,USD_per_barrel
1998-09-29,DCOILWTICO,16.01,USD_per_barrel
1998-09-30,DCOILWTICO,16.19,USD_per_barrel
1998-10-01,DCOILWTICO,15.52,USD_per_barrel
1998-10-02,DCOILWTICO,15.71,USD_per_barrel
1998-10-05,DCOILWTICO,15.24,USD_per_barrel
1998-10-06,DCOILWTICO,15.6,USD_per_barrel
1998-10-07,DCOILWTICO,15.03,USD_per_barrel
1998-10-08,DCOILWTICO,14.57,USD_per_barrel
1998-10-09,DCOILWTICO,14.64,USD_per_barrel
1998-10-12,DCOILWTICO,14.47,USD_per_barrel
1998-10-13,DCOILWTICO,14.27,USD_per_barrel
1998-10-14,DCOILWTICO,14.09,USD_per_barrel
1998-10-15,DCOILWTICO,14.08,USD_per_barrel
1998-10-16,DCOILWTICO,14.16,USD_per_barrel
1998-10-19,DCOILWTICO,13.39,USD_per_barrel
1998-10-20,DCOILWTICO,13.45,USD_per_barrel
1998-10-21,DCOILWTICO,14.14,USD_per_barrel
1998-10-22,DCOILWTICO,14.0,USD_per_barrel
1998-10-23,DCOILWTICO,14.06,USD_per_barrel
1998-10-26,DCOILWTICO,14.39,USD_per_barrel
1998-10-27,DCOILWTICO,14.19,USD_per_barrel
1998-10-28,DCOILWTICO,14.35,USD_per_barrel
1998-10-29,DCOILWTICO,14.31,USD_per_barrel
1998-10-30,DCOILWTICO,14.48,USD_per_barrel
1998-11-02,DCOILWTICO,14.45,USD_per_barrel
1998-11-03,DCOILWTICO,14.24,USD_per_barrel
1998-11-04,DCOILWTICO,14.09,USD_per_barrel
1998-11-05,DCOILWTICO,13.93,USD_per_barrel
1998-11-06,DCOILWTICO,13.93,USD_per_barrel
1998-11-09,DCOILWTICO,13.39,USD_per_barrel
1998-11-10,DCOILWTICO,13.54,USD_per_barrel
1998-11-11,DCOILWTICO,13.63,USD_per_barrel
1998-11-12,DCOILWTICO,14.04,USD_per_barrel
1998-11-13,DCOILWTICO,13.57,USD_per_barrel
1998-11-16,DCOILWTICO,12.81,USD_per_barrel
1998-11-17,DCOILWTICO,12.46,USD_per_barrel
1998-11-18,DCOILWTICO,12.33,USD_per_barrel
1998-11-19,DCOILWTICO,12.21,USD_per_barrel
1998-11-20,DCOILWTICO,12.2,USD_per_barrel
1998-11-23,DCOILWTICO,12.51,USD_per_barrel
1998-11-24,DCOILWTICO,11.48,USD_per_barrel
1998-11-25,DCOILWTICO,10.86,USD_per_barrel
1998-11-30,DCOILWTICO,11.37,USD_per_barrel
1998-12-01,DCOILWTICO,11.27,USD_per_barrel
1998-12-02,DCOILWTICO,11.31,USD_per_barrel
1998-12-03,DCOILWTICO,11.25,USD_per_barrel
1998-12-04,DCOILWTICO,11.2,USD_per_barrel
1998-12-07,DCOILWTICO,11.61,USD_per_barrel
1998-12-08,DCOILWTICO,11.33,USD_per_barrel
1998-12-09,DCOILWTICO,11.2,USD_per_barrel
1998-12-10,DCOILWTICO,10.82,USD_per_barrel
1998-12-11,DCOILWTICO,10.86,USD_per_barrel
1998-12-14,DCOILWTICO,11.3,USD_per_barrel
1998-12-15,DCOILWTICO,11.64,USD_per_barrel
1998-12-16,DCOILWTICO,12.55,USD_per_barrel
1998-12-17,DCOILWTICO,11.05,USD_per_barrel
1998-12-18,DCOILWTICO,10.95,USD_per_barrel
1998-12-21,DCOILWTICO,10.86,USD_per_barrel
1998-12-22,DCOILWTICO,10.99,USD_per_barrel
1998-12-23,DCOILWTICO,11.12,USD_per_barrel
1998-12-24,DCOILWTICO,11.03,USD_per_barrel
1998-12-28,DCOILWTICO,11.59,USD_per_barrel
1998-12-29,DCOILWTICO,11.82,USD_per_barrel
1998-12-30,DCOILWTICO,11.75,USD_per_barrel
1998-12-31,DCOILWTICO,12.14,USD_per_barrel
1999-01-04,DCOILWTICO,12.42,USD_per_barrel
1999-01-05,DCOILWTICO,12.04,USD_per_barrel
1999-01-06,DCOILWTICO,12.84,USD_per_barrel
1999-01-07,DCOILWTICO,12.99,USD_per_barrel
1999-01-08,DCOILWTICO,13.06,USD_per_barrel
1999-01-11,DCOILWTICO,13.43,USD_per_barrel
1999-01-12,DCOILWTICO,12.91,USD_per_barrel
1999-01-13,DCOILWTICO,12.33,USD_per_barrel
1999-01-14,DCOILWTICO,12.23,USD_per_barrel
1999-01-15,DCOILWTICO,12.21,USD_per_barrel
1999-01-19,DCOILWTICO,12.13,USD_per_barrel
1999-01-20,DCOILWTICO,11.82,USD_per_barrel
1999-01-21,DCOILWTICO,12.45,USD_per_barrel
1999-01-22,DCOILWTICO,12.62,USD_per_barrel
1999-01-25,DCOILWTICO,12.41,USD_per_barrel
1999-01-26,DCOILWTICO,12.16,USD_per_barrel
1999-01-27,DCOILWTICO,12.4,USD_per_barrel
1999-01-28,DCOILWTICO,12.52,USD_per_barrel
1999-01-29,DCOILWTICO,12.81,USD_per_barrel
1999-02-01,DCOILWTICO,12.36,USD_per_barrel
1999-02-02,DCOILWTICO,12.21,USD_per_barrel
1999-02-03,DCOILWTICO,12.42,USD_per_barrel
1999-02-04,DCOILWTICO,11.94,USD_per_barrel
1999-02-05,DCOILWTICO,11.85,USD_per_barrel
1999-02-08,DCOILWTICO,11.65,USD_per_barrel
1999-02-09,DCOILWTICO,11.66,USD_per_barrel
1999-02-10,DCOILWTICO,11.88,USD_per_barrel
1999-02-11,DCOILWTICO,11.94,USD_per_barrel
1999-02-12,DCOILWTICO,11.9,USD_per_barrel
1999-02-16,DCOILWTICO,11.38,USD_per_barrel
1999-02-17,DCOILWTICO,11.49,USD_per_barrel
1999-02-18,DCOILWTICO,11.97,USD_per_barrel
1999-02-19,DCOILWTICO,11.79,USD_per_barrel
1999-02-22,DCOILWTICO,11.97,USD_per_barrel
1999-02-23,DCOILWTICO,12.44,USD_per_barrel
1999-02-24,DCOILWTICO,12.49,USD_per_barrel
1999-02-25,DCOILWTICO,12.61,USD_per_barrel
1999-02-26,DCOILWTICO,12.31,USD_per_barrel
1999-03-01,DCOILWTICO,12.28,USD_per_barrel
1999-03-02,DCOILWTICO,12.66,USD_per_barrel
1999-03-03,DCOILWTICO,12.92,USD_per_barrel
1999-03-04,DCOILWTICO,13.32,USD_per_barrel
1999-03-05,DCOILWTICO,13.33,USD_per_barrel
1999-03-08,DCOILWTICO,13.63,USD_per_barrel
1999-03-09,DCOILWTICO,13.78,USD_per_barrel
1999-03-10,DCOILWTICO,14.74,USD_per_barrel
1999-03-11,DCOILWTICO,14.3,USD_per_barrel
1999-03-12,DCOILWTICO,14.51,USD_per_barrel
1999-03-15,DCOILWTICO,14.48,USD_per_barrel
1999-03-16,DCOILWTICO,14.6,USD_per_barrel
1999-03-17,DCOILWTICO,15.11,USD_per_barrel
1999-03-18,DCOILWTICO,15.11,USD_per_barrel
1999-03-19,DCOILWTICO,15.26,USD_per_barrel
1999-03-22,DCOILWTICO,15.39,USD_per_barrel
1999-03-23,DCOILWTICO,15.36,USD_per_barrel
1999-03-24,DCOILWTICO,15.18,USD_per_barrel
1999-03-25,DCOILWTICO,15.66,USD_per_barrel
1999-03-26,DCOILWTICO,16.16,USD_per_barrel
1999-03-29,DCOILWTICO,16.46,USD_per_barrel
1999-03-30,DCOILWTICO,16.66,USD_per_barrel
1999-03-31,DCOILWTICO,16.66,USD_per_barrel
1999-04-01,DCOILWTICO,16.65,USD_per_barrel
1999-04-05,DCOILWTICO,16.94,USD_per_barrel
1999-04-06,DCOILWTICO,16.79,USD_per_barrel
1999-04-07,DCOILWTICO,16.02,USD_per_barrel
1999-04-08,DCOILWTICO,15.92,USD_per_barrel
1999-04-09,DCOILWTICO,16.59,USD_per_barrel
1999-04-12,DCOILWTICO,16.44,USD_per_barrel
1999-04-13,DCOILWTICO,16.73,USD_per_barrel
1999-04-14,DCOILWTICO,16.51,USD_per_barrel
1999-04-15,DCOILWTICO,16.85,USD_per_barrel
1999-04-16,DCOILWTICO,17.34,USD_per_barrel
1999-04-19,DCOILWTICO,17.82,USD_per_barrel
1999-04-20,DCOILWTICO,17.79,USD_per_barrel
1999-04-21,DCOILWTICO,18.05,USD_per_barrel
1999-04-22,DCOILWTICO,18.02,USD_per_barrel
1999-04-23,DCOILWTICO,17.96,USD_per_barrel
1999-04-26,DCOILWTICO,17.67,USD_per_barrel
1999-04-27,DCOILWTICO,17.82,USD_per_barrel
1999-04-28,DCOILWTICO,18.43,USD_per_barrel
1999-04-29,DCOILWTICO,18.53,USD_per_barrel
1999-04-30,DCOILWTICO,18.69,USD_per_barrel
1999-05-03,DCOILWTICO,18.83,USD_per_barrel
1999-05-04,DCOILWTICO,18.94,USD_per_barrel
1999-05-05,DCOILWTICO,18.89,USD_per_barrel
1999-05-06,DCOILWTICO,18.23,USD_per_barrel
1999-05-07,DCOILWTICO,18.23,USD_per_barrel
1999-05-10,DCOILWTICO,18.57,USD_per_barrel
1999-05-11,DCOILWTICO,17.84,USD_per_barrel
1999-05-12,DCOILWTICO,17.44,USD_per_barrel
1999-05-13,DCOILWTICO,18.11,USD_per_barrel
1999-05-14,DCOILWTICO,18.04,USD_per_barrel
1999-05-17,DCOILWTICO,17.76,USD_per_barrel
1999-05-18,DCOILWTICO,17.09,USD_per_barrel
1999-05-19,DCOILWTICO,16.77,USD_per_barrel
1999-05-20,DCOILWTICO,17.04,USD_per_barrel
1999-05-21,DCOILWTICO,17.22,USD_per_barrel
1999-05-24,DCOILWTICO,16.77,USD_per_barrel
1999-05-25,DCOILWTICO,17.25,USD_per_barrel
1999-05-26,DCOILWTICO,17.32,USD_per_barrel
1999-05-27,DCOILWTICO,17.18,USD_per_barrel
1999-05-28,DCOILWTICO,16.85,USD_per_barrel
1999-06-01,DCOILWTICO,16.31,USD_per_barrel
1999-06-02,DCOILWTICO,16.61,USD_per_barrel
1999-06-03,DCOILWTICO,16.81,USD_per_barrel
1999-06-04,DCOILWTICO,17.36,USD_per_barrel
1999-06-07,DCOILWTICO,17.91,USD_per_barrel
1999-06-08,DCOILWTICO,17.66,USD_per_barrel
1999-06-09,DCOILWTICO,17.98,USD_per_barrel
1999-06-10,DCOILWTICO,17.82,USD_per_barrel
1999-06-11,DCOILWTICO,18.45,USD_per_barrel
1999-06-14,DCOILWTICO,18.24,USD_per_barrel
1999-06-15,DCOILWTICO,18.61,USD_per_barrel
1999-06-16,DCOILWTICO,17.92,USD_per_barrel
1999-06-17,DCOILWTICO,18.25,USD_per_barrel
1999-06-18,DCOILWTICO,18.01,USD_per_barrel
1999-06-21,DCOILWTICO,17.79,USD_per_barrel
1999-06-22,DCOILWTICO,17.62,USD_per_barrel
1999-06-23,DCOILWTICO,18.42,USD_per_barrel
1999-06-24,DCOILWTICO,18.26,USD_per_barrel
1999-06-25,DCOILWTICO,18.17,USD_per_barrel
1999-06-28,DCOILWTICO,18.22,USD_per_barrel
1999-06-29,DCOILWTICO,18.56,USD_per_barrel
1999-06-30,DCOILWTICO,19.33,USD_per_barrel
1999-07-01,DCOILWTICO,19.39,USD_per_barrel
1999-07-02,DCOILWTICO,19.7,USD_per_barrel
1999-07-06,DCOILWTICO,19.78,USD_per_barrel
1999-07-07,DCOILWTICO,19.98,USD_per_barrel
1999-07-08,DCOILWTICO,19.76,USD_per_barrel
1999-07-09,DCOILWTICO,19.94,USD_per_barrel
1999-07-12,DCOILWTICO,19.92,USD_per_barrel
1999-07-13,DCOILWTICO,20.33,USD_per_barrel
1999-07-14,DCOILWTICO,19.89,USD_per_barrel
1999-07-15,DCOILWTICO,20.26,USD_per_barrel
1999-07-16,DCOILWTICO,20.66,USD_per_barrel
1999-07-19,DCOILWTICO,20.28,USD_per_barrel
1999-07-20,DCOILWTICO,19.38,USD_per_barrel
1999-07-21,DCOILWTICO,19.54,USD_per_barrel
1999-07-22,DCOILWTICO,19.84,USD_per_barrel
1999-07-23,DCOILWTICO,20.41,USD_per_barrel
1999-07-26,DCOILWTICO,20.49,USD_per_barrel
1999-07-27,DCOILWTICO,20.4,USD_per_barrel
1999-07-28,DCOILWTICO,20.61,USD_per_barrel
1999-07-29,DCOILWTICO,21.09,USD_per_barrel
1999-07-30,DCOILWTICO,20.52,USD_per_barrel
1999-08-02,DCOILWTICO,20.46,USD_per_barrel
1999-08-03,DCOILWTICO,20.21,USD_per_barrel
1999-08-04,DCOILWTICO,20.49,USD_per_barrel
1999-08-05,DCOILWTICO,20.67,USD_per_barrel
1999-08-06,DCOILWTICO,20.89,USD_per_barrel
1999-08-09,DCOILWTICO,21.26,USD_per_barrel
1999-08-10,DCOILWTICO,21.31,USD_per_barrel
1999-08-11,DCOILWTICO,21.54,USD_per_barrel
1999-08-12,DCOILWTICO,21.42,USD_per_barrel
1999-08-13,DCOILWTICO,21.67,USD_per_barrel
1999-08-16,DCOILWTICO,21.34,USD_per_barrel
1999-08-17,DCOILWTICO,21.7,USD_per_barrel
1999-08-18,DCOILWTICO,21.54,USD_per_barrel
1999-08-19,DCOILWTICO,21.86,USD_per_barrel
1999-08-20,DCOILWTICO,21.66,USD_per_barrel
1999-08-23,DCOILWTICO,21.61,USD_per_barrel
1999-08-24,DCOILWTICO,21.36,USD_per_barrel
1999-08-25,DCOILWTICO,20.66,USD_per_barrel
1999-08-26,DCOILWTICO,21.09,USD_per_barrel
1999-08-27,DCOILWTICO,21.31,USD_per_barrel
1999-08-30,DCOILWTICO,21.93,USD_per_barrel
1999-08-31,DCOILWTICO,22.15,USD_per_barrel
1999-09-01,DCOILWTICO,21.79,USD_per_barrel
1999-09-02,DCOILWTICO,21.54,USD_per_barrel
1999-09-03,DCOILWTICO,22.0,USD_per_barrel
1999-09-07,DCOILWTICO,22.58,USD_per_barrel
1999-09-08,DCOILWTICO,22.64,USD_per_barrel
1999-09-09,DCOILWTICO,23.24,USD_per_barrel
1999-09-10,DCOILWTICO,23.55,USD_per_barrel
1999-09-13,DCOILWTICO,24.18,USD_per_barrel
1999-09-14,DCOILWTICO,23.86,USD_per_barrel
1999-09-15,DCOILWTICO,24.1,USD_per_barrel
1999-09-16,DCOILWTICO,24.52,USD_per_barrel
1999-09-17,DCOILWTICO,24.72,USD_per_barrel
1999-09-20,DCOILWTICO,24.32,USD_per_barrel
1999-09-21,DCOILWTICO,24.48,USD_per_barrel
1999-09-22,DCOILWTICO,24.26,USD_per_barrel
1999-09-23,DCOILWTICO,24.76,USD_per_barrel
1999-09-24,DCOILWTICO,24.81,USD_per_barrel
1999-09-27,DCOILWTICO,24.63,USD_per_barrel
1999-09-28,DCOILWTICO,24.52,USD_per_barrel
1999-09-29,DCOILWTICO,24.69,USD_per_barrel
1999-09-30,DCOILWTICO,24.54,USD_per_barrel
1999-10-01,DCOILWTICO,24.51,USD_per_barrel
1999-10-04,DCOILWTICO,23.71,USD_per_barrel
1999-10-05,DCOILWTICO,23.37,USD_per_barrel
1999-10-06,DCOILWTICO,23.24,USD_per_barrel
1999-10-07,DCOILWTICO,22.46,USD_per_barrel
1999-10-08,DCOILWTICO,20.81,USD_per_barrel
1999-10-11,DCOILWTICO,21.58,USD_per_barrel
1999-10-12,DCOILWTICO,22.93,USD_per_barrel
1999-10-13,DCOILWTICO,22.93,USD_per_barrel
1999-10-14,DCOILWTICO,22.46,USD_per_barrel
1999-10-15,DCOILWTICO,22.81,USD_per_barrel
1999-10-18,DCOILWTICO,22.44,USD_per_barrel
1999-10-19,DCOILWTICO,22.36,USD_per_barrel
1999-10-20,DCOILWTICO,22.21,USD_per_barrel
1999-10-21,DCOILWTICO,22.74,USD_per_barrel
1999-10-22,DCOILWTICO,23.48,USD_per_barrel
1999-10-25,DCOILWTICO,23.22,USD_per_barrel
1999-10-26,DCOILWTICO,23.17,USD_per_barrel
1999-10-27,DCOILWTICO,22.71,USD_per_barrel
1999-10-28,DCOILWTICO,21.59,USD_per_barrel
1999-10-29,DCOILWTICO,21.79,USD_per_barrel
1999-11-01,DCOILWTICO,22.44,USD_per_barrel
1999-11-02,DCOILWTICO,22.49,USD_per_barrel
1999-11-03,DCOILWTICO,22.59,USD_per_barrel
1999-11-04,DCOILWTICO,23.17,USD_per_barrel
1999-11-05,DCOILWTICO,22.93,USD_per_barrel
1999-11-08,DCOILWTICO,23.28,USD_per_barrel
1999-11-09,DCOILWTICO,24.21,USD_per_barrel
1999-11-10,DCOILWTICO,24.37,USD_per_barrel
1999-11-11,DCOILWTICO,24.33,USD_per_barrel
1999-11-12,DCOILWTICO,24.91,USD_per_barrel
1999-11-15,DCOILWTICO,25.31,USD_per_barrel
1999-11-16,DCOILWTICO,26.04,USD_per_barrel
1999-11-17,DCOILWTICO,26.57,USD_per_barrel
1999-11-18,DCOILWTICO,25.71,USD_per_barrel
1999-11-19,DCOILWTICO,26.61,USD_per_barrel
1999-11-22,DCOILWTICO,28.03,USD_per_barrel
1999-11-23,DCOILWTICO,26.91,USD_per_barrel
1999-11-24,DCOILWTICO,27.22,USD_per_barrel
1999-11-26,DCOILWTICO,27.22,USD_per_barrel
1999-11-29,DCOILWTICO,25.84,USD_per_barrel
1999-11-30,DCOILWTICO,24.87,USD_per_barrel
1999-12-01,DCOILWTICO,25.01,USD_per_barrel
1999-12-02,DCOILWTICO,25.88,USD_per_barrel
1999-12-03,DCOILWTICO,25.71,USD_per_barrel
1999-12-06,DCOILWTICO,26.67,USD_per_barrel
1999-12-07,DCOILWTICO,26.36,USD_per_barrel
1999-12-08,DCOILWTICO,26.69,USD_per_barrel
1999-12-09,DCOILWTICO,26.0,USD_per_barrel
1999-12-10,DCOILWTICO,25.21,USD_per_barrel
1999-12-13,DCOILWTICO,25.37,USD_per_barrel
1999-12-14,DCOILWTICO,25.87,USD_per_barrel
1999-12-15,DCOILWTICO,26.28,USD_per_barrel
1999-12-16,DCOILWTICO,26.74,USD_per_barrel
1999-12-17,DCOILWTICO,26.76,USD_per_barrel
1999-12-20,DCOILWTICO,26.55,USD_per_barrel
1999-12-21,DCOILWTICO,26.34,USD_per_barrel
1999-12-22,DCOILWTICO,25.51,USD_per_barrel
1999-12-23,DCOILWTICO,25.86,USD_per_barrel
1999-12-27,DCOILWTICO,26.36,USD_per_barrel
1999-12-28,DCOILWTICO,26.81,USD_per_barrel
1999-12-29,DCOILWTICO,26.41,USD_per_barrel
1999-12-30,DCOILWTICO,25.76,USD_per_barrel
2000-01-04,DCOILWTICO,25.56,USD_per_barrel
2000-01-05,DCOILWTICO,24.65,USD_per_barrel
2000-01-06,DCOILWTICO,24.79,USD_per_barrel
2000-01-07,DCOILWTICO,24.79,USD_per_barrel
2000-01-10,DCOILWTICO,24.71,USD_per_barrel
2000-01-11,DCOILWTICO,25.69,USD_per_barrel
2000-01-12,DCOILWTICO,26.3,USD_per_barrel
2000-01-13,DCOILWTICO,26.63,USD_per_barrel
2000-01-14,DCOILWTICO,28.01,USD_per_barrel
2000-01-18,DCOILWTICO,28.98,USD_per_barrel
2000-01-19,DCOILWTICO,29.11,USD_per_barrel
2000-01-20,DCOILWTICO,29.67,USD_per_barrel
2000-01-21,DCOILWTICO,29.71,USD_per_barrel
2000-01-24,DCOILWTICO,29.25,USD_per_barrel
2000-01-25,DCOILWTICO,30.28,USD_per_barrel
2000-01-26,DCOILWTICO,27.66,USD_per_barrel
2000-01-27,DCOILWTICO,27.22,USD_per_barrel
2000-01-28,DCOILWTICO,27.27,USD_per_barrel
2000-01-31,DCOILWTICO,27.65,USD_per_barrel
2000-02-01,DCOILWTICO,28.28,USD_per_barrel
2000-02-02,DCOILWTICO,27.52,USD_per_barrel
2000-02-03,DCOILWTICO,28.26,USD_per_barrel
2000-02-04,DCOILWTICO,28.67,USD_per_barrel
2000-02-07,DCOILWTICO,28.4,USD_per_barrel
2000-02-08,DCOILWTICO,28.05,USD_per_barrel
2000-02-09,DCOILWTICO,28.71,USD_per_barrel
2000-02-10,DCOILWTICO,29.49,USD_per_barrel
2000-02-11,DCOILWTICO,29.51,USD_per_barrel
2000-02-14,DCOILWTICO,30.3,USD_per_barrel
2000-02-15,DCOILWTICO,30.17,USD_per_barrel
2000-02-16,DCOILWTICO,30.01,USD_per_barrel
2000-02-17,DCOILWTICO,29.37,USD_per_barrel
2000-02-18,DCOILWTICO,29.51,USD_per_barrel
2000-02-22,DCOILWTICO,29.63,USD_per_barrel
2000-02-23,DCOILWTICO,30.19,USD_per_barrel
2000-02-24,DCOILWTICO,30.23,USD_per_barrel
2000-02-25,DCOILWTICO,30.34,USD_per_barrel
2000-02-28,DCOILWTICO,30.11,USD_per_barrel
2000-02-29,DCOILWTICO,30.57,USD_per_barrel
2000-03-01,DCOILWTICO,31.71,USD_per_barrel
2000-03-02,DCOILWTICO,31.51,USD_per_barrel
2000-03-03,DCOILWTICO,31.46,USD_per_barrel
2000-03-06,DCOILWTICO,32.19,USD_per_barrel
2000-03-07,DCOILWTICO,33.9,USD_per_barrel
2000-03-08,DCOILWTICO,31.22,USD_per_barrel
2000-03-09,DCOILWTICO,31.61,USD_per_barrel
2000-03-10,DCOILWTICO,31.76,USD_per_barrel
2000-03-13,DCOILWTICO,32.11,USD_per_barrel
2000-03-14,DCOILWTICO,31.93,USD_per_barrel
2000-03-15,DCOILWTICO,30.47,USD_per_barrel
2000-03-16,DCOILWTICO,31.1,USD_per_barrel
2000-03-17,DCOILWTICO,30.86,USD_per_barrel
2000-03-20,DCOILWTICO,29.33,USD_per_barrel
2000-03-21,DCOILWTICO,28.01,USD_per_barrel
2000-03-22,DCOILWTICO,27.28,USD_per_barrel
2000-03-23,DCOILWTICO,27.47,USD_per_barrel
2000-03-24,DCOILWTICO,27.86,USD_per_barrel
2000-03-27,DCOILWTICO,27.59,USD_per_barrel
2000-03-28,DCOILWTICO,27.1,USD_per_barrel
2000-03-29,DCOILWTICO,26.36,USD_per_barrel
2000-03-30,DCOILWTICO,26.67,USD_per_barrel
2000-03-31,DCOILWTICO,26.86,USD_per_barrel
2000-04-03,DCOILWTICO,26.28,USD_per_barrel
2000-04-04,DCOILWTICO,25.46,USD_per_barrel
2000-04-05,DCOILWTICO,25.76,USD_per_barrel
2000-04-06,DCOILWTICO,25.51,USD_per_barrel
2000-04-07,DCOILWTICO,24.97,USD_per_barrel
2000-04-10,DCOILWTICO,23.91,USD_per_barrel
2000-04-11,DCOILWTICO,24.17,USD_per_barrel
2000-04-12,DCOILWTICO,25.49,USD_per_barrel
2000-04-13,DCOILWTICO,25.29,USD_per_barrel
2000-04-14,DCOILWTICO,25.48,USD_per_barrel
2000-04-17,DCOILWTICO,26.06,USD_per_barrel
2000-04-18,DCOILWTICO,25.92,USD_per_barrel
2000-04-19,DCOILWTICO,27.38,USD_per_barrel
2000-04-20,DCOILWTICO,27.29,USD_per_barrel
2000-04-24,DCOILWTICO,27.41,USD_per_barrel
2000-04-25,DCOILWTICO,26.41,USD_per_barrel
2000-04-26,DCOILWTICO,24.69,USD_per_barrel
2000-04-27,DCOILWTICO,25.53,USD_per_barrel
2000-04-28,DCOILWTICO,25.71,USD_per_barrel
2000-05-01,DCOILWTICO,25.84,USD_per_barrel
2000-05-02,DCOILWTICO,26.86,USD_per_barrel
2000-05-03,DCOILWTICO,26.6,USD_per_barrel
2000-05-04,DCOILWTICO,27.08,USD_per_barrel
2000-05-05,DCOILWTICO,27.37,USD_per_barrel
2000-05-08,DCOILWTICO,28.05,USD_per_barrel
2000-05-09,DCOILWTICO,28.46,USD_per_barrel
2000-05-10,DCOILWTICO,28.1,USD_per_barrel
2000-05-11,DCOILWTICO,29.25,USD_per_barrel
2000-05-12,DCOILWTICO,29.64,USD_per_barrel
2000-05-15,DCOILWTICO,29.95,USD_per_barrel
2000-05-16,DCOILWTICO,29.76,USD_per_barrel
2000-05-17,DCOILWTICO,29.38,USD_per_barrel
2000-05-18,DCOILWTICO,30.28,USD_per_barrel
2000-05-19,DCOILWTICO,30.02,USD_per_barrel
2000-05-22,DCOILWTICO,28.62,USD_per_barrel
2000-05-23,DCOILWTICO,28.61,USD_per_barrel
2000-05-24,DCOILWTICO,29.89,USD_per_barrel
2000-05-25,DCOILWTICO,30.43,USD_per_barrel
2000-05-26,DCOILWTICO,29.76,USD_per_barrel
2000-05-30,DCOILWTICO,30.36,USD_per_barrel
2000-05-31,DCOILWTICO,29.03,USD_per_barrel
2000-06-01,DCOILWTICO,30.19,USD_per_barrel
2000-06-02,DCOILWTICO,30.34,USD_per_barrel
2000-06-05,DCOILWTICO,29.87,USD_per_barrel
2000-06-06,DCOILWTICO,29.78,USD_per_barrel
2000-06-07,DCOILWTICO,29.29,USD_per_barrel
2000-06-08,DCOILWTICO,29.78,USD_per_barrel
2000-06-09,DCOILWTICO,30.22,USD_per_barrel
2000-06-12,DCOILWTICO,31.76,USD_per_barrel
2000-06-13,DCOILWTICO,32.73,USD_per_barrel
2000-06-14,DCOILWTICO,32.72,USD_per_barrel
2000-06-15,DCOILWTICO,32.7,USD_per_barrel
2000-06-16,DCOILWTICO,32.35,USD_per_barrel
2000-06-19,DCOILWTICO,31.57,USD_per_barrel
2000-06-20,DCOILWTICO,33.07,USD_per_barrel
2000-06-21,DCOILWTICO,33.64,USD_per_barrel
2000-06-22,DCOILWTICO,34.72,USD_per_barrel
2000-06-23,DCOILWTICO,34.76,USD_per_barrel
2000-06-26,DCOILWTICO,31.56,USD_per_barrel
2000-06-27,DCOILWTICO,32.01,USD_per_barrel
2000-06-28,DCOILWTICO,31.86,USD_per_barrel
2000-06-29,DCOILWTICO,32.73,USD_per_barrel
2000-06-30,DCOILWTICO,32.44,USD_per_barrel
2000-07-05,DCOILWTICO,30.76,USD_per_barrel
2000-07-06,DCOILWTICO,30.19,USD_per_barrel
2000-07-07,DCOILWTICO,30.26,USD_per_barrel
2000-07-10,DCOILWTICO,29.51,USD_per_barrel
2000-07-11,DCOILWTICO,29.61,USD_per_barrel
2000-07-12,DCOILWTICO,30.34,USD_per_barrel
2000-07-13,DCOILWTICO,31.41,USD_per_barrel
2000-07-14,DCOILWTICO,31.31,USD_per_barrel
2000-07-17,DCOILWTICO,30.71,USD_per_barrel
2000-07-18,DCOILWTICO,31.94,USD_per_barrel
2000-07-19,DCOILWTICO,31.1,USD_per_barrel
2000-07-20,DCOILWTICO,30.94,USD_per_barrel
2000-07-21,DCOILWTICO,28.56,USD_per_barrel
2000-07-24,DCOILWTICO,27.97,USD_per_barrel
2000-07-25,DCOILWTICO,27.89,USD_per_barrel
2000-07-26,DCOILWTICO,27.81,USD_per_barrel
2000-07-27,DCOILWTICO,28.21,USD_per_barrel
2000-07-28,DCOILWTICO,28.22,USD_per_barrel
2000-07-31,DCOILWTICO,27.5,USD_per_barrel
2000-08-01,DCOILWTICO,27.85,USD_per_barrel
2000-08-02,DCOILWTICO,28.27,USD_per_barrel
2000-08-03,DCOILWTICO,28.92,USD_per_barrel
2000-08-04,DCOILWTICO,29.94,USD_per_barrel
2000-08-07,DCOILWTICO,28.93,USD_per_barrel
2000-08-08,DCOILWTICO,29.26,USD_per_barrel
2000-08-09,DCOILWTICO,30.38,USD_per_barrel
2000-08-10,DCOILWTICO,31.09,USD_per_barrel
2000-08-11,DCOILWTICO,31.02,USD_per_barrel
2000-08-14,DCOILWTICO,31.92,USD_per_barrel
2000-08-15,DCOILWTICO,31.43,USD_per_barrel
2000-08-16,DCOILWTICO,31.91,USD_per_barrel
2000-08-17,DCOILWTICO,31.88,USD_per_barrel
2000-08-18,DCOILWTICO,31.97,USD_per_barrel
2000-08-21,DCOILWTICO,32.42,USD_per_barrel
2000-08-22,DCOILWTICO,31.24,USD_per_barrel
2000-08-23,DCOILWTICO,31.23,USD_per_barrel
2000-08-24,DCOILWTICO,33.41,USD_per_barrel
2000-08-25,DCOILWTICO,34.01,USD_per_barrel
2000-08-28,DCOILWTICO,32.92,USD_per_barrel
2000-08-29,DCOILWTICO,32.73,USD_per_barrel
2000-08-30,DCOILWTICO,33.25,USD_per_barrel
2000-08-31,DCOILWTICO,33.09,USD_per_barrel
2000-09-01,DCOILWTICO,33.42,USD_per_barrel
2000-09-05,DCOILWTICO,33.92,USD_per_barrel
2000-09-06,DCOILWTICO,34.97,USD_per_barrel
2000-09-07,DCOILWTICO,35.18,USD_per_barrel
2000-09-08,DCOILWTICO,33.62,USD_per_barrel
2000-09-11,DCOILWTICO,35.14,USD_per_barrel
2000-09-12,DCOILWTICO,34.25,USD_per_barrel
2000-09-13,DCOILWTICO,33.87,USD_per_barrel
2000-09-14,DCOILWTICO,34.37,USD_per_barrel
2000-09-15,DCOILWTICO,35.87,USD_per_barrel
2000-09-18,DCOILWTICO,36.75,USD_per_barrel
2000-09-19,DCOILWTICO,36.96,USD_per_barrel
2000-09-20,DCOILWTICO,37.22,USD_per_barrel
2000-09-21,DCOILWTICO,33.84,USD_per_barrel
2000-09-22,DCOILWTICO,32.66,USD_per_barrel
2000-09-25,DCOILWTICO,31.5,USD_per_barrel
2000-09-26,DCOILWTICO,31.78,USD_per_barrel
2000-09-27,DCOILWTICO,31.23,USD_per_barrel
2000-09-28,DCOILWTICO,30.26,USD_per_barrel
2000-09-29,DCOILWTICO,30.87,USD_per_barrel
2000-10-02,DCOILWTICO,32.05,USD_per_barrel
2000-10-03,DCOILWTICO,31.86,USD_per_barrel
2000-10-04,DCOILWTICO,30.91,USD_per_barrel
2000-10-05,DCOILWTICO,30.66,USD_per_barrel
2000-10-06,DCOILWTICO,30.86,USD_per_barrel
2000-10-09,DCOILWTICO,31.98,USD_per_barrel
2000-10-10,DCOILWTICO,33.29,USD_per_barrel
2000-10-11,DCOILWTICO,33.2,USD_per_barrel
2000-10-12,DCOILWTICO,36.06,USD_per_barrel
2000-10-13,DCOILWTICO,34.96,USD_per_barrel
2000-10-16,DCOILWTICO,33.18,USD_per_barrel
2000-10-17,DCOILWTICO,33.36,USD_per_barrel
2000-10-18,DCOILWTICO,33.51,USD_per_barrel
2000-10-19,DCOILWTICO,33.06,USD_per_barrel
2000-10-20,DCOILWTICO,34.31,USD_per_barrel
2000-10-23,DCOILWTICO,34.9,USD_per_barrel
2000-10-24,DCOILWTICO,34.53,USD_per_barrel
2000-10-25,DCOILWTICO,33.62,USD_per_barrel
2000-10-26,DCOILWTICO,33.75,USD_per_barrel
2000-10-27,DCOILWTICO,32.78,USD_per_barrel
2000-10-30,DCOILWTICO,32.86,USD_per_barrel
2000-10-31,DCOILWTICO,32.7,USD_per_barrel
2000-11-01,DCOILWTICO,33.14,USD_per_barrel
2000-11-02,DCOILWTICO,32.59,USD_per_barrel
2000-11-03,DCOILWTICO,32.62,USD_per_barrel
2000-11-06,DCOILWTICO,33.02,USD_per_barrel
2000-11-07,DCOILWTICO,33.44,USD_per_barrel
2000-11-08,DCOILWTICO,32.92,USD_per_barrel
2000-11-09,DCOILWTICO,33.87,USD_per_barrel
2000-11-10,DCOILWTICO,34.05,USD_per_barrel
2000-11-13,DCOILWTICO,34.3,USD_per_barrel
2000-11-14,DCOILWTICO,34.72,USD_per_barrel
2000-11-15,DCOILWTICO,35.54,USD_per_barrel
2000-11-16,DCOILWTICO,34.84,USD_per_barrel
2000-11-17,DCOILWTICO,35.62,USD_per_barrel
2000-11-20,DCOILWTICO,35.98,USD_per_barrel
2000-11-21,DCOILWTICO,35.54,USD_per_barrel
2000-11-22,DCOILWTICO,36.06,USD_per_barrel
2000-11-24,DCOILWTICO,36.06,USD_per_barrel
2000-11-27,DCOILWTICO,36.24,USD_per_barrel
2000-11-28,DCOILWTICO,34.02,USD_per_barrel
2000-11-29,DCOILWTICO,34.58,USD_per_barrel
2000-11-30,DCOILWTICO,33.61,USD_per_barrel
2000-12-01,DCOILWTICO,32.06,USD_per_barrel
2000-12-04,DCOILWTICO,31.28,USD_per_barrel
2000-12-05,DCOILWTICO,29.25,USD_per_barrel
2000-12-06,DCOILWTICO,30.24,USD_per_barrel
2000-12-07,DCOILWTICO,29.36,USD_per_barrel
2000-12-08,DCOILWTICO,28.31,USD_per_barrel
2000-12-11,DCOILWTICO,29.75,USD_per_barrel
2000-12-12,DCOILWTICO,29.81,USD_per_barrel
2000-12-13,DCOILWTICO,28.75,USD_per_barrel
2000-12-14,DCOILWTICO,28.06,USD_per_barrel
2000-12-15,DCOILWTICO,28.86,USD_per_barrel
2000-12-18,DCOILWTICO,29.52,USD_per_barrel
2000-12-19,DCOILWTICO,29.34,USD_per_barrel
2000-12-20,DCOILWTICO,25.83,USD_per_barrel
2000-12-21,DCOILWTICO,26.06,USD_per_barrel
2000-12-22,DCOILWTICO,26.16,USD_per_barrel
2000-12-26,DCOILWTICO,27.0,USD_per_barrel
2000-12-27,DCOILWTICO,26.55,USD_per_barrel
2000-12-28,DCOILWTICO,25.82,USD_per_barrel
2000-12-29,DCOILWTICO,26.72,USD_per_barrel
2001-01-02,DCOILWTICO,27.29,USD_per_barrel
2001-01-03,DCOILWTICO,27.93,USD_per_barrel
2001-01-04,DCOILWTICO,27.95,USD_per_barrel
2001-01-05,DCOILWTICO,28.02,USD_per_barrel
2001-01-08,DCOILWTICO,27.44,USD_per_barrel
2001-01-09,DCOILWTICO,27.72,USD_per_barrel
2001-01-10,DCOILWTICO,29.42,USD_per_barrel
2001-01-11,DCOILWTICO,29.42,USD_per_barrel
2001-01-12,DCOILWTICO,30.07,USD_per_barrel
2001-01-16,DCOILWTICO,30.19,USD_per_barrel
2001-01-17,DCOILWTICO,29.77,USD_per_barrel
2001-01-18,DCOILWTICO,30.42,USD_per_barrel
2001-01-19,DCOILWTICO,32.12,USD_per_barrel
2001-01-22,DCOILWTICO,32.21,USD_per_barrel
2001-01-23,DCOILWTICO,31.66,USD_per_barrel
2001-01-24,DCOILWTICO,31.46,USD_per_barrel
2001-01-25,DCOILWTICO,31.61,USD_per_barrel
2001-01-26,DCOILWTICO,29.79,USD_per_barrel
2001-01-29,DCOILWTICO,29.07,USD_per_barrel
2001-01-30,DCOILWTICO,29.12,USD_per_barrel
2001-01-31,DCOILWTICO,28.62,USD_per_barrel
2001-02-01,DCOILWTICO,29.88,USD_per_barrel
2001-02-02,DCOILWTICO,31.27,USD_per_barrel
2001-02-05,DCOILWTICO,30.55,USD_per_barrel
2001-02-06,DCOILWTICO,30.27,USD_per_barrel
2001-02-07,DCOILWTICO,31.27,USD_per_barrel
2001-02-08,DCOILWTICO,31.57,USD_per_barrel
2001-02-09,DCOILWTICO,30.93,USD_per_barrel
2001-02-12,DCOILWTICO,30.52,USD_per_barrel
2001-02-13,DCOILWTICO,30.12,USD_per_barrel
2001-02-14,DCOILWTICO,29.55,USD_per_barrel
2001-02-15,DCOILWTICO,28.96,USD_per_barrel
2001-02-16,DCOILWTICO,29.22,USD_per_barrel
2001-02-20,DCOILWTICO,28.6,USD_per_barrel
2001-02-21,DCOILWTICO,28.64,USD_per_barrel
2001-02-22,DCOILWTICO,28.52,USD_per_barrel
2001-02-23,DCOILWTICO,28.83,USD_per_barrel
2001-02-26,DCOILWTICO,28.27,USD_per_barrel
2001-02-27,DCOILWTICO,28.26,USD_per_barrel
2001-02-28,DCOILWTICO,27.35,USD_per_barrel
2001-03-01,DCOILWTICO,27.78,USD_per_barrel
2001-03-02,DCOILWTICO,27.89,USD_per_barrel
2001-03-05,DCOILWTICO,28.61,USD_per_barrel
2001-03-06,DCOILWTICO,28.4,USD_per_barrel
2001-03-07,DCOILWTICO,28.95,USD_per_barrel
2001-03-08,DCOILWTICO,28.31,USD_per_barrel
2001-03-09,DCOILWTICO,27.97,USD_per_barrel
2001-03-12,DCOILWTICO,27.91,USD_per_barrel
2001-03-13,DCOILWTICO,27.45,USD_per_barrel
2001-03-14,DCOILWTICO,26.49,USD_per_barrel
2001-03-15,DCOILWTICO,26.56,USD_per_barrel
2001-03-16,DCOILWTICO,26.68,USD_per_barrel
2001-03-19,DCOILWTICO,26.17,USD_per_barrel
2001-03-20,DCOILWTICO,25.99,USD_per_barrel
2001-03-21,DCOILWTICO,26.43,USD_per_barrel
2001-03-22,DCOILWTICO,26.19,USD_per_barrel
2001-03-23,DCOILWTICO,27.31,USD_per_barrel
2001-03-26,DCOILWTICO,27.4,USD_per_barrel
2001-03-27,DCOILWTICO,27.62,USD_per_barrel
2001-03-28,DCOILWTICO,26.43,USD_per_barrel
2001-03-29,DCOILWTICO,26.47,USD_per_barrel
2001-03-30,DCOILWTICO,26.37,USD_per_barrel
2001-04-02,DCOILWTICO,25.7,USD_per_barrel
2001-04-03,DCOILWTICO,26.65,USD_per_barrel
2001-04-04,DCOILWTICO,27.16,USD_per_barrel
2001-04-05,DCOILWTICO,27.24,USD_per_barrel
2001-04-06,DCOILWTICO,27.07,USD_per_barrel
2001-04-09,DCOILWTICO,27.45,USD_per_barrel
2001-04-10,DCOILWTICO,28.47,USD_per_barrel
2001-04-11,DCOILWTICO,28.42,USD_per_barrel
2001-04-12,DCOILWTICO,28.75,USD_per_barrel
2001-04-16,DCOILWTICO,28.81,USD_per_barrel
2001-04-17,DCOILWTICO,27.89,USD_per_barrel
2001-04-18,DCOILWTICO,27.83,USD_per_barrel
2001-04-19,DCOILWTICO,27.92,USD_per_barrel
2001-04-20,DCOILWTICO,27.0,USD_per_barrel
2001-04-23,DCOILWTICO,26.97,USD_per_barrel
2001-04-24,DCOILWTICO,25.24,USD_per_barrel
2001-04-25,DCOILWTICO,25.93,USD_per_barrel
2001-04-26,DCOILWTICO,28.47,USD_per_barrel
2001-04-27,DCOILWTICO,28.35,USD_per_barrel
2001-04-30,DCOILWTICO,28.48,USD_per_barrel
2001-05-01,DCOILWTICO,28.37,USD_per_barrel
2001-05-02,DCOILWTICO,27.89,USD_per_barrel
2001-05-03,DCOILWTICO,28.66,USD_per_barrel
2001-05-04,DCOILWTICO,28.41,USD_per_barrel
2001-05-07,DCOILWTICO,27.79,USD_per_barrel
2001-05-08,DCOILWTICO,27.35,USD_per_barrel
2001-05-09,DCOILWTICO,28.39,USD_per_barrel
2001-05-10,DCOILWTICO,28.5,USD_per_barrel
2001-05-11,DCOILWTICO,28.59,USD_per_barrel
2001-05-14,DCOILWTICO,28.83,USD_per_barrel
2001-05-15,DCOILWTICO,28.9,USD_per_barrel
2001-05-16,DCOILWTICO,28.77,USD_per_barrel
2001-05-17,DCOILWTICO,29.02,USD_per_barrel
2001-05-18,DCOILWTICO,29.9,USD_per_barrel
2001-05-21,DCOILWTICO,29.96,USD_per_barrel
2001-05-22,DCOILWTICO,29.75,USD_per_barrel
2001-05-23,DCOILWTICO,28.85,USD_per_barrel
2001-05-24,DCOILWTICO,27.97,USD_per_barrel
2001-05-25,DCOILWTICO,28.08,USD_per_barrel
2001-05-29,DCOILWTICO,28.76,USD_per_barrel
2001-05-30,DCOILWTICO,28.71,USD_per_barrel
2001-05-31,DCOILWTICO,28.39,USD_per_barrel
2001-06-01,DCOILWTICO,27.88,USD_per_barrel
2001-06-04,DCOILWTICO,28.14,USD_per_barrel
2001-06-05,DCOILWTICO,27.84,USD_per_barrel
2001-06-06,DCOILWTICO,27.56,USD_per_barrel
2001-06-07,DCOILWTICO,27.91,USD_per_barrel
2001-06-08,DCOILWTICO,28.43,USD_per_barrel
2001-06-11,DCOILWTICO,28.94,USD_per_barrel
2001-06-12,DCOILWTICO,29.13,USD_per_barrel
2001-06-13,DCOILWTICO,28.81,USD_per_barrel
2001-06-14,DCOILWTICO,29.12,USD_per_barrel
2001-06-15,DCOILWTICO,28.52,USD_per_barrel
2001-06-18,DCOILWTICO,27.55,USD_per_barrel
2001-06-19,DCOILWTICO,27.49,USD_per_barrel
2001-06-20,DCOILWTICO,26.52,USD_per_barrel
2001-06-21,DCOILWTICO,26.85,USD_per_barrel
2001-06-22,DCOILWTICO,27.02,USD_per_barrel
2001-06-25,DCOILWTICO,27.11,USD_per_barrel
2001-06-26,DCOILWTICO,26.97,USD_per_barrel
2001-06-27,DCOILWTICO,25.67,USD_per_barrel
2001-06-28,DCOILWTICO,25.75,USD_per_barrel
2001-06-29,DCOILWTICO,26.37,USD_per_barrel
2001-07-02,DCOILWTICO,26.02,USD_per_barrel
2001-07-03,DCOILWTICO,26.28,USD_per_barrel
2001-07-05,DCOILWTICO,27.07,USD_per_barrel
2001-07-06,DCOILWTICO,28.1,USD_per_barrel
2001-07-09,DCOILWTICO,27.63,USD_per_barrel
2001-07-10,DCOILWTICO,27.22,USD_per_barrel
2001-07-11,DCOILWTICO,27.07,USD_per_barrel
2001-07-12,DCOILWTICO,26.85,USD_per_barrel
2001-07-13,DCOILWTICO,26.57,USD_per_barrel
2001-07-16,DCOILWTICO,26.02,USD_per_barrel
2001-07-17,DCOILWTICO,25.33,USD_per_barrel
2001-07-18,DCOILWTICO,24.65,USD_per_barrel
2001-07-19,DCOILWTICO,24.65,USD_per_barrel
2001-07-20,DCOILWTICO,25.67,USD_per_barrel
2001-07-23,DCOILWTICO,25.88,USD_per_barrel
2001-07-24,DCOILWTICO,26.18,USD_per_barrel
2001-07-25,DCOILWTICO,26.71,USD_per_barrel
2001-07-26,DCOILWTICO,26.74,USD_per_barrel
2001-07-27,DCOILWTICO,26.98,USD_per_barrel
2001-07-30,DCOILWTICO,26.6,USD_per_barrel
2001-07-31,DCOILWTICO,26.7,USD_per_barrel
2001-08-01,DCOILWTICO,26.83,USD_per_barrel
2001-08-02,DCOILWTICO,27.86,USD_per_barrel
2001-08-03,DCOILWTICO,27.51,USD_per_barrel
2001-08-06,DCOILWTICO,27.7,USD_per_barrel
2001-08-07,DCOILWTICO,28.17,USD_per_barrel
2001-08-08,DCOILWTICO,27.62,USD_per_barrel
2001-08-09,DCOILWTICO,27.72,USD_per_barrel
2001-08-10,DCOILWTICO,28.12,USD_per_barrel
2001-08-13,DCOILWTICO,27.85,USD_per_barrel
2001-08-14,DCOILWTICO,28.1,USD_per_barrel
2001-08-15,DCOILWTICO,27.51,USD_per_barrel
2001-08-16,DCOILWTICO,27.47,USD_per_barrel
2001-08-17,DCOILWTICO,26.65,USD_per_barrel
2001-08-20,DCOILWTICO,27.2,USD_per_barrel
2001-08-21,DCOILWTICO,27.93,USD_per_barrel
2001-08-22,DCOILWTICO,27.17,USD_per_barrel
2001-08-23,DCOILWTICO,25.63,USD_per_barrel
2001-08-24,DCOILWTICO,28.34,USD_per_barrel
2001-08-27,DCOILWTICO,26.69,USD_per_barrel
2001-08-28,DCOILWTICO,27.16,USD_per_barrel
2001-08-29,DCOILWTICO,27.07,USD_per_barrel
2001-08-30,DCOILWTICO,26.65,USD_per_barrel
2001-08-31,DCOILWTICO,26.65,USD_per_barrel
2001-09-04,DCOILWTICO,26.94,USD_per_barrel
2001-09-05,DCOILWTICO,27.03,USD_per_barrel
2001-09-06,DCOILWTICO,27.54,USD_per_barrel
2001-09-07,DCOILWTICO,27.99,USD_per_barrel
2001-09-10,DCOILWTICO,27.66,USD_per_barrel
2001-09-11,DCOILWTICO,27.65,USD_per_barrel
2001-09-12,DCOILWTICO,27.64,USD_per_barrel
2001-09-13,DCOILWTICO,28.58,USD_per_barrel
2001-09-14,DCOILWTICO,29.59,USD_per_barrel
2001-09-17,DCOILWTICO,28.84,USD_per_barrel
2001-09-18,DCOILWTICO,27.81,USD_per_barrel
2001-09-19,DCOILWTICO,26.73,USD_per_barrel
2001-09-20,DCOILWTICO,26.6,USD_per_barrel
2001-09-21,DCOILWTICO,25.46,USD_per_barrel
2001-09-24,DCOILWTICO,21.46,USD_per_barrel
2001-09-25,DCOILWTICO,21.63,USD_per_barrel
2001-09-26,DCOILWTICO,22.4,USD_per_barrel
2001-09-27,DCOILWTICO,22.8,USD_per_barrel
2001-09-28,DCOILWTICO,23.44,USD_per_barrel
2001-10-01,DCOILWTICO,23.12,USD_per_barrel
2001-10-02,DCOILWTICO,22.7,USD_per_barrel
2001-10-03,DCOILWTICO,22.17,USD_per_barrel
2001-10-04,DCOILWTICO,22.7,USD_per_barrel
2001-10-05,DCOILWTICO,22.32,USD_per_barrel
2001-10-08,DCOILWTICO,22.25,USD_per_barrel
2001-10-09,DCOILWTICO,22.55,USD_per_barrel
2001-10-10,DCOILWTICO,22.51,USD_per_barrel
2001-10-11,DCOILWTICO,23.49,USD_per_barrel
2001-10-12,DCOILWTICO,22.49,USD_per_barrel
2001-10-15,DCOILWTICO,22.37,USD_per_barrel
2001-10-16,DCOILWTICO,22.01,USD_per_barrel
2001-10-17,DCOILWTICO,21.89,USD_per_barrel
2001-10-18,DCOILWTICO,21.33,USD_per_barrel
2001-10-19,DCOILWTICO,21.99,USD_per_barrel
2001-10-22,DCOILWTICO,21.78,USD_per_barrel
2001-10-23,DCOILWTICO,21.28,USD_per_barrel
2001-10-24,DCOILWTICO,22.0,USD_per_barrel
2001-10-25,DCOILWTICO,21.75,USD_per_barrel
2001-10-26,DCOILWTICO,22.07,USD_per_barrel
2001-10-29,DCOILWTICO,22.1,USD_per_barrel
2001-10-30,DCOILWTICO,21.83,USD_per_barrel
2001-10-31,DCOILWTICO,21.2,USD_per_barrel
2001-11-01,DCOILWTICO,20.47,USD_per_barrel
2001-11-02,DCOILWTICO,20.24,USD_per_barrel
2001-11-05,DCOILWTICO,20.0,USD_per_barrel
2001-11-06,DCOILWTICO,19.93,USD_per_barrel
2001-11-07,DCOILWTICO,20.11,USD_per_barrel
2001-11-08,DCOILWTICO,21.21,USD_per_barrel
2001-11-09,DCOILWTICO,22.23,USD_per_barrel
2001-11-12,DCOILWTICO,21.26,USD_per_barrel
2001-11-13,DCOILWTICO,21.56,USD_per_barrel
2001-11-14,DCOILWTICO,19.63,USD_per_barrel
2001-11-15,DCOILWTICO,17.5,USD_per_barrel
2001-11-16,DCOILWTICO,18.09,USD_per_barrel
2001-11-19,DCOILWTICO,17.74,USD_per_barrel
2001-11-20,DCOILWTICO,18.71,USD_per_barrel
2001-11-21,DCOILWTICO,18.38,USD_per_barrel
2001-11-26,DCOILWTICO,18.69,USD_per_barrel
2001-11-27,DCOILWTICO,19.57,USD_per_barrel
2001-11-28,DCOILWTICO,19.37,USD_per_barrel
2001-11-29,DCOILWTICO,18.55,USD_per_barrel
2001-11-30,DCOILWTICO,19.46,USD_per_barrel
2001-12-03,DCOILWTICO,20.27,USD_per_barrel
2001-12-04,DCOILWTICO,19.71,USD_per_barrel
2001-12-05,DCOILWTICO,19.62,USD_per_barrel
2001-12-06,DCOILWTICO,18.69,USD_per_barrel
2001-12-07,DCOILWTICO,19.08,USD_per_barrel
2001-12-10,DCOILWTICO,18.32,USD_per_barrel
2001-12-11,DCOILWTICO,18.04,USD_per_barrel
2001-12-12,DCOILWTICO,18.38,USD_per_barrel
2001-12-13,DCOILWTICO,18.2,USD_per_barrel
2001-12-14,DCOILWTICO,19.31,USD_per_barrel
2001-12-17,DCOILWTICO,19.28,USD_per_barrel
2001-12-18,DCOILWTICO,19.38,USD_per_barrel
2001-12-19,DCOILWTICO,19.37,USD_per_barrel
2001-12-20,DCOILWTICO,18.67,USD_per_barrel
2001-12-21,DCOILWTICO,19.3,USD_per_barrel
2001-12-26,DCOILWTICO,21.32,USD_per_barrel
2001-12-27,DCOILWTICO,21.07,USD_per_barrel
2001-12-28,DCOILWTICO,20.42,USD_per_barrel
2001-12-31,DCOILWTICO,19.96,USD_per_barrel
2002-01-02,DCOILWTICO,21.13,USD_per_barrel
2002-01-03,DCOILWTICO,20.65,USD_per_barrel
2002-01-04,DCOILWTICO,21.47,USD_per_barrel
2002-01-07,DCOILWTICO,21.42,USD_per_barrel
2002-01-08,DCOILWTICO,20.82,USD_per_barrel
2002-01-09,DCOILWTICO,20.32,USD_per_barrel
2002-01-10,DCOILWTICO,20.48,USD_per_barrel
2002-01-11,DCOILWTICO,19.67,USD_per_barrel
2002-01-14,DCOILWTICO,18.88,USD_per_barrel
2002-01-15,DCOILWTICO,18.99,USD_per_barrel
2002-01-16,DCOILWTICO,18.96,USD_per_barrel
2002-01-17,DCOILWTICO,18.2,USD_per_barrel
2002-01-18,DCOILWTICO,18.02,USD_per_barrel
2002-01-22,DCOILWTICO,18.36,USD_per_barrel
2002-01-23,DCOILWTICO,19.1,USD_per_barrel
2002-01-24,DCOILWTICO,19.57,USD_per_barrel
2002-01-25,DCOILWTICO,19.8,USD_per_barrel
2002-01-28,DCOILWTICO,20.05,USD_per_barrel
2002-01-29,DCOILWTICO,19.3,USD_per_barrel
2002-01-30,DCOILWTICO,19.11,USD_per_barrel
2002-01-31,DCOILWTICO,19.71,USD_per_barrel
2002-02-01,DCOILWTICO,20.4,USD_per_barrel
2002-02-04,DCOILWTICO,20.02,USD_per_barrel
2002-02-05,DCOILWTICO,20.06,USD_per_barrel
2002-02-06,DCOILWTICO,19.77,USD_per_barrel
2002-02-07,DCOILWTICO,19.75,USD_per_barrel
2002-02-08,DCOILWTICO,20.25,USD_per_barrel
2002-02-11,DCOILWTICO,21.29,USD_per_barrel
2002-02-12,DCOILWTICO,20.76,USD_per_barrel
2002-02-13,DCOILWTICO,21.19,USD_per_barrel
2002-02-14,DCOILWTICO,21.19,USD_per_barrel
2002-02-15,DCOILWTICO,21.47,USD_per_barrel
2002-02-19,DCOILWTICO,20.77,USD_per_barrel
2002-02-20,DCOILWTICO,20.31,USD_per_barrel
2002-02-21,DCOILWTICO,20.81,USD_per_barrel
2002-02-22,DCOILWTICO,20.92,USD_per_barrel
2002-02-25,DCOILWTICO,20.24,USD_per_barrel
2002-02-26,DCOILWTICO,21.37,USD_per_barrel
2002-02-27,DCOILWTICO,21.4,USD_per_barrel
2002-02-28,DCOILWTICO,21.78,USD_per_barrel
2002-03-01,DCOILWTICO,22.37,USD_per_barrel
2002-03-04,DCOILWTICO,22.55,USD_per_barrel
2002-03-05,DCOILWTICO,23.18,USD_per_barrel
2002-03-06,DCOILWTICO,23.32,USD_per_barrel
2002-03-07,DCOILWTICO,23.62,USD_per_barrel
2002-03-08,DCOILWTICO,23.87,USD_per_barrel
2002-03-11,DCOILWTICO,24.36,USD_per_barrel
2002-03-12,DCOILWTICO,24.55,USD_per_barrel
2002-03-13,DCOILWTICO,24.14,USD_per_barrel
2002-03-14,DCOILWTICO,24.48,USD_per_barrel
2002-03-15,DCOILWTICO,24.47,USD_per_barrel
2002-03-18,DCOILWTICO,25.03,USD_per_barrel
2002-03-19,DCOILWTICO,25.02,USD_per_barrel
2002-03-20,DCOILWTICO,24.92,USD_per_barrel
2002-03-21,DCOILWTICO,25.74,USD_per_barrel
2002-03-22,DCOILWTICO,25.56,USD_per_barrel
2002-03-25,DCOILWTICO,25.69,USD_per_barrel
2002-03-26,DCOILWTICO,25.75,USD_per_barrel
2002-03-27,DCOILWTICO,25.79,USD_per_barrel
2002-03-28,DCOILWTICO,26.21,USD_per_barrel
2002-04-01,DCOILWTICO,26.82,USD_per_barrel
2002-04-02,DCOILWTICO,27.75,USD_per_barrel
2002-04-03,DCOILWTICO,27.55,USD_per_barrel
2002-04-04,DCOILWTICO,26.64,USD_per_barrel
2002-04-05,DCOILWTICO,26.21,USD_per_barrel
2002-04-08,DCOILWTICO,26.16,USD_per_barrel
2002-04-09,DCOILWTICO,25.45,USD_per_barrel
2002-04-10,DCOILWTICO,26.15,USD_per_barrel
2002-04-11,DCOILWTICO,24.93,USD_per_barrel
2002-04-12,DCOILWTICO,23.51,USD_per_barrel
2002-04-15,DCOILWTICO,24.53,USD_per_barrel
2002-04-16,DCOILWTICO,24.92,USD_per_barrel
2002-04-17,DCOILWTICO,25.94,USD_per_barrel
2002-04-18,DCOILWTICO,25.86,USD_per_barrel
2002-04-19,DCOILWTICO,26.43,USD_per_barrel
2002-04-22,DCOILWTICO,26.28,USD_per_barrel
2002-04-23,DCOILWTICO,26.28,USD_per_barrel
2002-04-24,DCOILWTICO,26.28,USD_per_barrel
2002-04-25,DCOILWTICO,26.36,USD_per_barrel
2002-04-26,DCOILWTICO,27.12,USD_per_barrel
2002-04-29,DCOILWTICO,27.45,USD_per_barrel
2002-04-30,DCOILWTICO,27.32,USD_per_barrel
2002-05-01,DCOILWTICO,26.58,USD_per_barrel
2002-05-02,DCOILWTICO,26.31,USD_per_barrel
2002-05-03,DCOILWTICO,26.75,USD_per_barrel
2002-05-06,DCOILWTICO,26.11,USD_per_barrel
2002-05-07,DCOILWTICO,26.79,USD_per_barrel
2002-05-08,DCOILWTICO,27.76,USD_per_barrel
2002-05-09,DCOILWTICO,27.78,USD_per_barrel
2002-05-10,DCOILWTICO,27.92,USD_per_barrel
2002-05-13,DCOILWTICO,28.62,USD_per_barrel
2002-05-14,DCOILWTICO,29.17,USD_per_barrel
2002-05-15,DCOILWTICO,28.17,USD_per_barrel
2002-05-16,DCOILWTICO,28.0,USD_per_barrel
2002-05-17,DCOILWTICO,28.19,USD_per_barrel
2002-05-20,DCOILWTICO,28.24,USD_per_barrel
2002-05-21,DCOILWTICO,27.35,USD_per_barrel
2002-05-22,DCOILWTICO,27.01,USD_per_barrel
2002-05-23,DCOILWTICO,26.6,USD_per_barrel
2002-05-24,DCOILWTICO,26.69,USD_per_barrel
2002-05-28,DCOILWTICO,25.08,USD_per_barrel
2002-05-29,DCOILWTICO,25.64,USD_per_barrel
2002-05-30,DCOILWTICO,24.78,USD_per_barrel
2002-05-31,DCOILWTICO,25.37,USD_per_barrel
2002-06-03,DCOILWTICO,25.1,USD_per_barrel
2002-06-04,DCOILWTICO,25.32,USD_per_barrel
2002-06-05,DCOILWTICO,25.02,USD_per_barrel
2002-06-06,DCOILWTICO,24.89,USD_per_barrel
2002-06-07,DCOILWTICO,24.72,USD_per_barrel
2002-06-10,DCOILWTICO,24.24,USD_per_barrel
2002-06-11,DCOILWTICO,24.21,USD_per_barrel
2002-06-12,DCOILWTICO,24.79,USD_per_barrel
2002-06-13,DCOILWTICO,25.54,USD_per_barrel
2002-06-14,DCOILWTICO,25.9,USD_per_barrel
2002-06-17,DCOILWTICO,25.98,USD_per_barrel
2002-06-18,DCOILWTICO,25.36,USD_per_barrel
2002-06-19,DCOILWTICO,25.57,USD_per_barrel
2002-06-20,DCOILWTICO,25.62,USD_per_barrel
2002-06-21,DCOILWTICO,25.51,USD_per_barrel
2002-06-24,DCOILWTICO,26.31,USD_per_barrel
2002-06-25,DCOILWTICO,26.06,USD_per_barrel
2002-06-26,DCOILWTICO,26.67,USD_per_barrel
2002-06-27,DCOILWTICO,26.77,USD_per_barrel
2002-06-28,DCOILWTICO,26.79,USD_per_barrel
2002-07-01,DCOILWTICO,26.79,USD_per_barrel
2002-07-02,DCOILWTICO,26.83,USD_per_barrel
2002-07-03,DCOILWTICO,26.82,USD_per_barrel
2002-07-08,DCOILWTICO,26.14,USD_per_barrel
2002-07-09,DCOILWTICO,26.16,USD_per_barrel
2002-07-10,DCOILWTICO,26.73,USD_per_barrel
2002-07-11,DCOILWTICO,27.01,USD_per_barrel
2002-07-12,DCOILWTICO,27.48,USD_per_barrel
2002-07-15,DCOILWTICO,27.23,USD_per_barrel
2002-07-16,DCOILWTICO,27.68,USD_per_barrel
2002-07-17,DCOILWTICO,27.88,USD_per_barrel
2002-07-18,DCOILWTICO,27.5,USD_per_barrel
2002-07-19,DCOILWTICO,27.83,USD_per_barrel
2002-07-22,DCOILWTICO,26.61,USD_per_barrel
2002-07-23,DCOILWTICO,26.61,USD_per_barrel
2002-07-24,DCOILWTICO,26.78,USD_per_barrel
2002-07-25,DCOILWTICO,26.67,USD_per_barrel
2002-07-26,DCOILWTICO,26.55,USD_per_barrel
2002-07-29,DCOILWTICO,26.54,USD_per_barrel
2002-07-30,DCOILWTICO,27.43,USD_per_barrel
2002-07-31,DCOILWTICO,27.02,USD_per_barrel
2002-08-01,DCOILWTICO,26.51,USD_per_barrel
2002-08-02,DCOILWTICO,26.87,USD_per_barrel
2002-08-05,DCOILWTICO,26.55,USD_per_barrel
2002-08-06,DCOILWTICO,27.18,USD_per_barrel
2002-08-07,DCOILWTICO,26.58,USD_per_barrel
2002-08-08,DCOILWTICO,26.67,USD_per_barrel
2002-08-09,DCOILWTICO,26.87,USD_per_barrel
2002-08-12,DCOILWTICO,27.84,USD_per_barrel
2002-08-13,DCOILWTICO,28.35,USD_per_barrel
2002-08-14,DCOILWTICO,28.19,USD_per_barrel
2002-08-15,DCOILWTICO,28.99,USD_per_barrel
2002-08-16,DCOILWTICO,29.24,USD_per_barrel
2002-08-19,DCOILWTICO,29.86,USD_per_barrel
2002-08-20,DCOILWTICO,30.12,USD_per_barrel
2002-08-21,DCOILWTICO,30.37,USD_per_barrel
2002-08-22,DCOILWTICO,30.11,USD_per_barrel
2002-08-23,DCOILWTICO,29.99,USD_per_barrel
2002-08-26,DCOILWTICO,29.23,USD_per_barrel
2002-08-27,DCOILWTICO,28.84,USD_per_barrel
2002-08-28,DCOILWTICO,28.31,USD_per_barrel
2002-08-29,DCOILWTICO,28.83,USD_per_barrel
2002-08-30,DCOILWTICO,28.97,USD_per_barrel
2002-09-03,DCOILWTICO,27.76,USD_per_barrel
2002-09-04,DCOILWTICO,28.28,USD_per_barrel
2002-09-05,DCOILWTICO,29.06,USD_per_barrel
2002-09-06,DCOILWTICO,29.51,USD_per_barrel
2002-09-09,DCOILWTICO,29.8,USD_per_barrel
2002-09-10,DCOILWTICO,29.62,USD_per_barrel
2002-09-11,DCOILWTICO,29.77,USD_per_barrel
2002-09-12,DCOILWTICO,28.95,USD_per_barrel
2002-09-13,DCOILWTICO,29.83,USD_per_barrel
2002-09-16,DCOILWTICO,29.14,USD_per_barrel
2002-09-17,DCOILWTICO,29.08,USD_per_barrel
2002-09-18,DCOILWTICO,29.57,USD_per_barrel
2002-09-19,DCOILWTICO,29.49,USD_per_barrel
2002-09-20,DCOILWTICO,29.65,USD_per_barrel
2002-09-23,DCOILWTICO,30.85,USD_per_barrel
2002-09-24,DCOILWTICO,30.79,USD_per_barrel
2002-09-25,DCOILWTICO,30.69,USD_per_barrel
2002-09-26,DCOILWTICO,30.31,USD_per_barrel
2002-09-27,DCOILWTICO,30.53,USD_per_barrel
2002-09-30,DCOILWTICO,30.59,USD_per_barrel
2002-10-01,DCOILWTICO,30.71,USD_per_barrel
2002-10-02,DCOILWTICO,30.59,USD_per_barrel
2002-10-03,DCOILWTICO,29.73,USD_per_barrel
2002-10-04,DCOILWTICO,29.65,USD_per_barrel
2002-10-07,DCOILWTICO,29.65,USD_per_barrel
2002-10-08,DCOILWTICO,29.56,USD_per_barrel
2002-10-09,DCOILWTICO,29.31,USD_per_barrel
2002-10-10,DCOILWTICO,28.96,USD_per_barrel
2002-10-11,DCOILWTICO,29.36,USD_per_barrel
2002-10-14,DCOILWTICO,30.06,USD_per_barrel
2002-10-15,DCOILWTICO,29.73,USD_per_barrel
2002-10-16,DCOILWTICO,29.28,USD_per_barrel
2002-10-17,DCOILWTICO,29.61,USD_per_barrel
2002-10-18,DCOILWTICO,29.56,USD_per_barrel
2002-10-21,DCOILWTICO,28.31,USD_per_barrel
2002-10-22,DCOILWTICO,27.93,USD_per_barrel
2002-10-23,DCOILWTICO,28.19,USD_per_barrel
2002-10-24,DCOILWTICO,27.87,USD_per_barrel
2002-10-25,DCOILWTICO,27.09,USD_per_barrel
2002-10-28,DCOILWTICO,27.25,USD_per_barrel
2002-10-29,DCOILWTICO,26.81,USD_per_barrel
2002-10-30,DCOILWTICO,26.85,USD_per_barrel
2002-10-31,DCOILWTICO,27.18,USD_per_barrel
2002-11-01,DCOILWTICO,27.04,USD_per_barrel
2002-11-04,DCOILWTICO,26.89,USD_per_barrel
2002-11-05,DCOILWTICO,26.06,USD_per_barrel
2002-11-06,DCOILWTICO,25.72,USD_per_barrel
2002-11-07,DCOILWTICO,25.36,USD_per_barrel
2002-11-08,DCOILWTICO,25.83,USD_per_barrel
2002-11-11,DCOILWTICO,26.02,USD_per_barrel
2002-11-12,DCOILWTICO,26.19,USD_per_barrel
2002-11-13,DCOILWTICO,25.28,USD_per_barrel
2002-11-14,DCOILWTICO,25.4,USD_per_barrel
2002-11-15,DCOILWTICO,25.5,USD_per_barrel
2002-11-18,DCOILWTICO,26.71,USD_per_barrel
2002-11-19,DCOILWTICO,26.41,USD_per_barrel
2002-11-20,DCOILWTICO,27.0,USD_per_barrel
2002-11-21,DCOILWTICO,27.07,USD_per_barrel
2002-11-22,DCOILWTICO,27.73,USD_per_barrel
2002-11-25,DCOILWTICO,27.01,USD_per_barrel
2002-11-26,DCOILWTICO,26.6,USD_per_barrel
2002-11-27,DCOILWTICO,26.87,USD_per_barrel
2002-12-02,DCOILWTICO,27.27,USD_per_barrel
2002-12-03,DCOILWTICO,27.34,USD_per_barrel
2002-12-04,DCOILWTICO,26.8,USD_per_barrel
2002-12-05,DCOILWTICO,27.27,USD_per_barrel
2002-12-06,DCOILWTICO,27.03,USD_per_barrel
2002-12-09,DCOILWTICO,27.29,USD_per_barrel
2002-12-10,DCOILWTICO,27.73,USD_per_barrel
2002-12-11,DCOILWTICO,27.49,USD_per_barrel
2002-12-12,DCOILWTICO,28.2,USD_per_barrel
2002-12-13,DCOILWTICO,28.39,USD_per_barrel
2002-12-16,DCOILWTICO,30.15,USD_per_barrel
2002-12-17,DCOILWTICO,30.04,USD_per_barrel
2002-12-18,DCOILWTICO,30.41,USD_per_barrel
2002-12-19,DCOILWTICO,30.57,USD_per_barrel
2002-12-20,DCOILWTICO,30.57,USD_per_barrel
2002-12-23,DCOILWTICO,32.09,USD_per_barrel
2002-12-24,DCOILWTICO,32.13,USD_per_barrel
2002-12-26,DCOILWTICO,32.61,USD_per_barrel
2002-12-27,DCOILWTICO,32.68,USD_per_barrel
2002-12-30,DCOILWTICO,31.41,USD_per_barrel
2002-12-31,DCOILWTICO,31.21,USD_per_barrel
2003-01-02,DCOILWTICO,31.97,USD_per_barrel
2003-01-03,DCOILWTICO,33.26,USD_per_barrel
2003-01-06,DCOILWTICO,32.29,USD_per_barrel
2003-01-07,DCOILWTICO,31.2,USD_per_barrel
2003-01-08,DCOILWTICO,30.66,USD_per_barrel
2003-01-09,DCOILWTICO,31.95,USD_per_barrel
2003-01-10,DCOILWTICO,31.59,USD_per_barrel
2003-01-13,DCOILWTICO,32.08,USD_per_barrel
2003-01-14,DCOILWTICO,32.42,USD_per_barrel
2003-01-15,DCOILWTICO,33.23,USD_per_barrel
2003-01-16,DCOILWTICO,33.58,USD_per_barrel
2003-01-17,DCOILWTICO,33.88,USD_per_barrel
2003-01-21,DCOILWTICO,34.62,USD_per_barrel
2003-01-22,DCOILWTICO,34.32,USD_per_barrel
2003-01-23,DCOILWTICO,33.9,USD_per_barrel
2003-01-24,DCOILWTICO,34.98,USD_per_barrel
2003-01-27,DCOILWTICO,32.43,USD_per_barrel
2003-01-28,DCOILWTICO,32.7,USD_per_barrel
2003-01-29,DCOILWTICO,33.54,USD_per_barrel
2003-01-30,DCOILWTICO,33.78,USD_per_barrel
2003-01-31,DCOILWTICO,33.51,USD_per_barrel
2003-02-03,DCOILWTICO,32.84,USD_per_barrel
2003-02-04,DCOILWTICO,33.61,USD_per_barrel
2003-02-05,DCOILWTICO,33.91,USD_per_barrel
2003-02-06,DCOILWTICO,34.36,USD_per_barrel
2003-02-07,DCOILWTICO,35.05,USD_per_barrel
2003-02-10,DCOILWTICO,34.46,USD_per_barrel
2003-02-11,DCOILWTICO,35.43,USD_per_barrel
2003-02-12,DCOILWTICO,35.83,USD_per_barrel
2003-02-13,DCOILWTICO,36.63,USD_per_barrel
2003-02-14,DCOILWTICO,36.61,USD_per_barrel
2003-02-18,DCOILWTICO,36.88,USD_per_barrel
2003-02-19,DCOILWTICO,37.02,USD_per_barrel
2003-02-20,DCOILWTICO,36.45,USD_per_barrel
2003-02-21,DCOILWTICO,36.76,USD_per_barrel
2003-02-24,DCOILWTICO,37.29,USD_per_barrel
2003-02-25,DCOILWTICO,36.06,USD_per_barrel
2003-02-26,DCOILWTICO,37.96,USD_per_barrel
2003-02-27,DCOILWTICO,36.83,USD_per_barrel
2003-02-28,DCOILWTICO,36.76,USD_per_barrel
2003-03-03,DCOILWTICO,36.1,USD_per_barrel
2003-03-04,DCOILWTICO,36.95,USD_per_barrel
2003-03-05,DCOILWTICO,36.86,USD_per_barrel
2003-03-06,DCOILWTICO,37.21,USD_per_barrel
2003-03-07,DCOILWTICO,37.76,USD_per_barrel
2003-03-10,DCOILWTICO,37.18,USD_per_barrel
2003-03-11,DCOILWTICO,36.81,USD_per_barrel
2003-03-12,DCOILWTICO,37.87,USD_per_barrel
2003-03-13,DCOILWTICO,36.05,USD_per_barrel
2003-03-14,DCOILWTICO,35.41,USD_per_barrel
2003-03-17,DCOILWTICO,34.92,USD_per_barrel
2003-03-18,DCOILWTICO,31.55,USD_per_barrel
2003-03-19,DCOILWTICO,30.01,USD_per_barrel
2003-03-20,DCOILWTICO,28.62,USD_per_barrel
2003-03-21,DCOILWTICO,27.18,USD_per_barrel
2003-03-24,DCOILWTICO,29.51,USD_per_barrel
2003-03-25,DCOILWTICO,33.42,USD_per_barrel
2003-03-26,DCOILWTICO,28.71,USD_per_barrel
2003-03-27,DCOILWTICO,30.31,USD_per_barrel
2003-03-28,DCOILWTICO,30.21,USD_per_barrel
2003-03-31,DCOILWTICO,31.14,USD_per_barrel
2003-04-01,DCOILWTICO,29.48,USD_per_barrel
2003-04-02,DCOILWTICO,28.55,USD_per_barrel
2003-04-03,DCOILWTICO,29.05,USD_per_barrel
2003-04-04,DCOILWTICO,28.41,USD_per_barrel
2003-04-07,DCOILWTICO,27.76,USD_per_barrel
2003-04-08,DCOILWTICO,27.97,USD_per_barrel
2003-04-09,DCOILWTICO,28.93,USD_per_barrel
2003-04-10,DCOILWTICO,27.2,USD_per_barrel
2003-04-11,DCOILWTICO,28.28,USD_per_barrel
2003-04-14,DCOILWTICO,28.41,USD_per_barrel
2003-04-15,DCOILWTICO,29.46,USD_per_barrel
2003-04-16,DCOILWTICO,29.16,USD_per_barrel
2003-04-17,DCOILWTICO,30.1,USD_per_barrel
2003-04-21,DCOILWTICO,30.76,USD_per_barrel
2003-04-22,DCOILWTICO,29.92,USD_per_barrel
2003-04-23,DCOILWTICO,28.04,USD_per_barrel
2003-04-24,DCOILWTICO,27.52,USD_per_barrel
2003-04-25,DCOILWTICO,25.92,USD_per_barrel
2003-04-28,DCOILWTICO,25.25,USD_per_barrel
2003-04-29,DCOILWTICO,25.32,USD_per_barrel
2003-04-30,DCOILWTICO,26.09,USD_per_barrel
2003-05-01,DCOILWTICO,26.05,USD_per_barrel
2003-05-02,DCOILWTICO,25.74,USD_per_barrel
2003-05-05,DCOILWTICO,26.43,USD_per_barrel
2003-05-06,DCOILWTICO,25.65,USD_per_barrel
2003-05-07,DCOILWTICO,26.24,USD_per_barrel
2003-05-08,DCOILWTICO,26.94,USD_per_barrel
2003-05-09,DCOILWTICO,27.65,USD_per_barrel
2003-05-12,DCOILWTICO,27.34,USD_per_barrel
2003-05-13,DCOILWTICO,28.51,USD_per_barrel
2003-05-14,DCOILWTICO,29.21,USD_per_barrel
2003-05-15,DCOILWTICO,28.57,USD_per_barrel
2003-05-16,DCOILWTICO,29.07,USD_per_barrel
2003-05-19,DCOILWTICO,28.84,USD_per_barrel
2003-05-20,DCOILWTICO,29.29,USD_per_barrel
2003-05-21,DCOILWTICO,29.51,USD_per_barrel
2003-05-22,DCOILWTICO,29.09,USD_per_barrel
2003-05-23,DCOILWTICO,29.74,USD_per_barrel
2003-05-27,DCOILWTICO,29.24,USD_per_barrel
2003-05-28,DCOILWTICO,28.46,USD_per_barrel
2003-05-29,DCOILWTICO,29.15,USD_per_barrel
2003-05-30,DCOILWTICO,29.56,USD_per_barrel
2003-06-02,DCOILWTICO,30.72,USD_per_barrel
2003-06-03,DCOILWTICO,30.78,USD_per_barrel
2003-06-04,DCOILWTICO,29.81,USD_per_barrel
2003-06-05,DCOILWTICO,30.84,USD_per_barrel
2003-06-06,DCOILWTICO,31.26,USD_per_barrel
2003-06-09,DCOILWTICO,31.36,USD_per_barrel
2003-06-10,DCOILWTICO,31.72,USD_per_barrel
2003-06-11,DCOILWTICO,32.17,USD_per_barrel
2003-06-12,DCOILWTICO,31.41,USD_per_barrel
2003-06-13,DCOILWTICO,30.63,USD_per_barrel
2003-06-16,DCOILWTICO,31.14,USD_per_barrel
2003-06-17,DCOILWTICO,31.08,USD_per_barrel
2003-06-18,DCOILWTICO,30.28,USD_per_barrel
2003-06-19,DCOILWTICO,29.86,USD_per_barrel
2003-06-20,DCOILWTICO,30.63,USD_per_barrel
2003-06-23,DCOILWTICO,30.22,USD_per_barrel
2003-06-24,DCOILWTICO,30.05,USD_per_barrel
2003-06-25,DCOILWTICO,31.65,USD_per_barrel
2003-06-26,DCOILWTICO,28.97,USD_per_barrel
2003-06-27,DCOILWTICO,29.18,USD_per_barrel
2003-06-30,DCOILWTICO,30.15,USD_per_barrel
2003-07-01,DCOILWTICO,30.41,USD_per_barrel
2003-07-02,DCOILWTICO,30.29,USD_per_barrel
2003-07-03,DCOILWTICO,30.39,USD_per_barrel
2003-07-07,DCOILWTICO,30.08,USD_per_barrel
2003-07-08,DCOILWTICO,30.32,USD_per_barrel
2003-07-09,DCOILWTICO,30.87,USD_per_barrel
2003-07-10,DCOILWTICO,31.04,USD_per_barrel
2003-07-11,DCOILWTICO,31.33,USD_per_barrel
2003-07-14,DCOILWTICO,31.2,USD_per_barrel
2003-07-15,DCOILWTICO,31.6,USD_per_barrel
2003-07-16,DCOILWTICO,31.2,USD_per_barrel
2003-07-17,DCOILWTICO,31.44,USD_per_barrel
2003-07-18,DCOILWTICO,31.96,USD_per_barrel
2003-07-21,DCOILWTICO,31.67,USD_per_barrel
2003-07-22,DCOILWTICO,30.2,USD_per_barrel
2003-07-23,DCOILWTICO,30.13,USD_per_barrel
2003-07-24,DCOILWTICO,30.72,USD_per_barrel
2003-07-25,DCOILWTICO,30.31,USD_per_barrel
2003-07-28,DCOILWTICO,29.98,USD_per_barrel
2003-07-29,DCOILWTICO,30.21,USD_per_barrel
2003-07-30,DCOILWTICO,30.69,USD_per_barrel
2003-07-31,DCOILWTICO,30.56,USD_per_barrel
2003-08-01,DCOILWTICO,32.23,USD_per_barrel
2003-08-04,DCOILWTICO,31.8,USD_per_barrel
2003-08-05,DCOILWTICO,32.34,USD_per_barrel
2003-08-06,DCOILWTICO,31.77,USD_per_barrel
2003-08-07,DCOILWTICO,32.41,USD_per_barrel
2003-08-08,DCOILWTICO,32.23,USD_per_barrel
2003-08-11,DCOILWTICO,31.91,USD_per_barrel
2003-08-12,DCOILWTICO,31.91,USD_per_barrel
2003-08-13,DCOILWTICO,30.85,USD_per_barrel
2003-08-14,DCOILWTICO,30.85,USD_per_barrel
2003-08-15,DCOILWTICO,31.01,USD_per_barrel
2003-08-18,DCOILWTICO,30.81,USD_per_barrel
2003-08-19,DCOILWTICO,30.76,USD_per_barrel
2003-08-20,DCOILWTICO,30.96,USD_per_barrel
2003-08-21,DCOILWTICO,31.78,USD_per_barrel
2003-08-22,DCOILWTICO,31.64,USD_per_barrel
2003-08-25,DCOILWTICO,31.43,USD_per_barrel
2003-08-26,DCOILWTICO,32.01,USD_per_barrel
2003-08-27,DCOILWTICO,31.18,USD_per_barrel
2003-08-28,DCOILWTICO,31.41,USD_per_barrel
2003-08-29,DCOILWTICO,31.76,USD_per_barrel
2003-09-02,DCOILWTICO,29.57,USD_per_barrel
2003-09-03,DCOILWTICO,29.43,USD_per_barrel
2003-09-04,DCOILWTICO,28.87,USD_per_barrel
2003-09-05,DCOILWTICO,28.93,USD_per_barrel
2003-09-08,DCOILWTICO,28.85,USD_per_barrel
2003-09-09,DCOILWTICO,29.22,USD_per_barrel
2003-09-10,DCOILWTICO,29.41,USD_per_barrel
2003-09-11,DCOILWTICO,28.86,USD_per_barrel
2003-09-12,DCOILWTICO,28.26,USD_per_barrel
2003-09-15,DCOILWTICO,28.15,USD_per_barrel
2003-09-16,DCOILWTICO,27.6,USD_per_barrel
2003-09-17,DCOILWTICO,27.0,USD_per_barrel
2003-09-18,DCOILWTICO,27.26,USD_per_barrel
2003-09-19,DCOILWTICO,26.93,USD_per_barrel
2003-09-22,DCOILWTICO,26.97,USD_per_barrel
2003-09-23,DCOILWTICO,27.0,USD_per_barrel
2003-09-24,DCOILWTICO,28.19,USD_per_barrel
2003-09-25,DCOILWTICO,28.29,USD_per_barrel
2003-09-26,DCOILWTICO,28.21,USD_per_barrel
2003-09-29,DCOILWTICO,28.35,USD_per_barrel
2003-09-30,DCOILWTICO,29.19,USD_per_barrel
2003-10-01,DCOILWTICO,29.43,USD_per_barrel
2003-10-02,DCOILWTICO,29.83,USD_per_barrel
2003-10-03,DCOILWTICO,30.37,USD_per_barrel
2003-10-06,DCOILWTICO,30.4,USD_per_barrel
2003-10-07,DCOILWTICO,30.48,USD_per_barrel
2003-10-08,DCOILWTICO,29.6,USD_per_barrel
2003-10-09,DCOILWTICO,30.97,USD_per_barrel
2003-10-10,DCOILWTICO,32.01,USD_per_barrel
2003-10-13,DCOILWTICO,31.91,USD_per_barrel
2003-10-14,DCOILWTICO,31.68,USD_per_barrel
2003-10-15,DCOILWTICO,31.74,USD_per_barrel
2003-10-16,DCOILWTICO,31.51,USD_per_barrel
2003-10-17,DCOILWTICO,30.61,USD_per_barrel
2003-10-20,DCOILWTICO,30.37,USD_per_barrel
2003-10-21,DCOILWTICO,30.19,USD_per_barrel
2003-10-22,DCOILWTICO,30.0,USD_per_barrel
2003-10-23,DCOILWTICO,30.31,USD_per_barrel
2003-10-24,DCOILWTICO,29.99,USD_per_barrel
2003-10-27,DCOILWTICO,29.95,USD_per_barrel
2003-10-28,DCOILWTICO,29.57,USD_per_barrel
2003-10-29,DCOILWTICO,28.95,USD_per_barrel
2003-10-30,DCOILWTICO,28.67,USD_per_barrel
2003-10-31,DCOILWTICO,29.24,USD_per_barrel
2003-11-03,DCOILWTICO,28.81,USD_per_barrel
2003-11-04,DCOILWTICO,28.86,USD_per_barrel
2003-11-05,DCOILWTICO,30.29,USD_per_barrel
2003-11-06,DCOILWTICO,30.25,USD_per_barrel
2003-11-07,DCOILWTICO,30.73,USD_per_barrel
2003-11-10,DCOILWTICO,31.01,USD_per_barrel
2003-11-11,DCOILWTICO,31.21,USD_per_barrel
2003-11-12,DCOILWTICO,31.37,USD_per_barrel
2003-11-13,DCOILWTICO,31.89,USD_per_barrel
2003-11-14,DCOILWTICO,32.31,USD_per_barrel
2003-11-17,DCOILWTICO,31.75,USD_per_barrel
2003-11-18,DCOILWTICO,33.16,USD_per_barrel
2003-11-19,DCOILWTICO,32.84,USD_per_barrel
2003-11-20,DCOILWTICO,32.87,USD_per_barrel
2003-11-21,DCOILWTICO,32.26,USD_per_barrel
2003-11-24,DCOILWTICO,29.99,USD_per_barrel
2003-11-25,DCOILWTICO,30.02,USD_per_barrel
2003-11-26,DCOILWTICO,30.33,USD_per_barrel
2003-12-01,DCOILWTICO,29.89,USD_per_barrel
2003-12-02,DCOILWTICO,30.74,USD_per_barrel
2003-12-03,DCOILWTICO,30.61,USD_per_barrel
2003-12-04,DCOILWTICO,31.24,USD_per_barrel
2003-12-05,DCOILWTICO,30.68,USD_per_barrel
2003-12-08,DCOILWTICO,32.08,USD_per_barrel
2003-12-09,DCOILWTICO,31.72,USD_per_barrel
2003-12-10,DCOILWTICO,31.92,USD_per_barrel
2003-12-11,DCOILWTICO,32.01,USD_per_barrel
2003-12-12,DCOILWTICO,33.06,USD_per_barrel
2003-12-15,DCOILWTICO,33.17,USD_per_barrel
2003-12-16,DCOILWTICO,32.94,USD_per_barrel
2003-12-17,DCOILWTICO,33.36,USD_per_barrel
2003-12-18,DCOILWTICO,33.72,USD_per_barrel
2003-12-19,DCOILWTICO,32.81,USD_per_barrel
2003-12-22,DCOILWTICO,31.71,USD_per_barrel
2003-12-23,DCOILWTICO,32.03,USD_per_barrel
2003-12-24,DCOILWTICO,32.99,USD_per_barrel
2003-12-29,DCOILWTICO,32.51,USD_per_barrel
2003-12-30,DCOILWTICO,33.01,USD_per_barrel
2003-12-31,DCOILWTICO,32.51,USD_per_barrel
2004-01-05,DCOILWTICO,33.71,USD_per_barrel
2004-01-06,DCOILWTICO,33.54,USD_per_barrel
2004-01-07,DCOILWTICO,33.57,USD_per_barrel
2004-01-08,DCOILWTICO,34.27,USD_per_barrel
2004-01-09,DCOILWTICO,34.38,USD_per_barrel
2004-01-12,DCOILWTICO,34.92,USD_per_barrel
2004-01-13,DCOILWTICO,34.26,USD_per_barrel
2004-01-14,DCOILWTICO,34.62,USD_per_barrel
2004-01-15,DCOILWTICO,33.61,USD_per_barrel
2004-01-16,DCOILWTICO,35.16,USD_per_barrel
2004-01-20,DCOILWTICO,36.21,USD_per_barrel
2004-01-21,DCOILWTICO,35.53,USD_per_barrel
2004-01-22,DCOILWTICO,35.12,USD_per_barrel
2004-01-23,DCOILWTICO,34.94,USD_per_barrel
2004-01-26,DCOILWTICO,34.41,USD_per_barrel
2004-01-27,DCOILWTICO,33.99,USD_per_barrel
2004-01-28,DCOILWTICO,33.63,USD_per_barrel
2004-01-29,DCOILWTICO,32.86,USD_per_barrel
2004-01-30,DCOILWTICO,33.16,USD_per_barrel
2004-02-02,DCOILWTICO,34.02,USD_per_barrel
2004-02-03,DCOILWTICO,34.2,USD_per_barrel
2004-02-04,DCOILWTICO,33.06,USD_per_barrel
2004-02-05,DCOILWTICO,33.26,USD_per_barrel
2004-02-06,DCOILWTICO,32.49,USD_per_barrel
2004-02-09,DCOILWTICO,32.91,USD_per_barrel
2004-02-10,DCOILWTICO,34.03,USD_per_barrel
2004-02-11,DCOILWTICO,33.93,USD_per_barrel
2004-02-12,DCOILWTICO,34.03,USD_per_barrel
2004-02-13,DCOILWTICO,34.51,USD_per_barrel
2004-02-17,DCOILWTICO,35.13,USD_per_barrel
2004-02-18,DCOILWTICO,35.42,USD_per_barrel
2004-02-19,DCOILWTICO,35.81,USD_per_barrel
2004-02-20,DCOILWTICO,35.8,USD_per_barrel
2004-02-23,DCOILWTICO,35.75,USD_per_barrel
2004-02-24,DCOILWTICO,35.85,USD_per_barrel
2004-02-25,DCOILWTICO,37.28,USD_per_barrel
2004-02-26,DCOILWTICO,35.45,USD_per_barrel
2004-02-27,DCOILWTICO,36.08,USD_per_barrel
2004-03-01,DCOILWTICO,36.85,USD_per_barrel
2004-03-02,DCOILWTICO,36.6,USD_per_barrel
2004-03-03,DCOILWTICO,35.8,USD_per_barrel
2004-03-04,DCOILWTICO,36.81,USD_per_barrel
2004-03-05,DCOILWTICO,37.31,USD_per_barrel
2004-03-08,DCOILWTICO,36.53,USD_per_barrel
2004-03-09,DCOILWTICO,36.29,USD_per_barrel
2004-03-10,DCOILWTICO,36.21,USD_per_barrel
2004-03-11,DCOILWTICO,36.95,USD_per_barrel
2004-03-12,DCOILWTICO,36.21,USD_per_barrel
2004-03-15,DCOILWTICO,37.44,USD_per_barrel
2004-03-16,DCOILWTICO,37.36,USD_per_barrel
2004-03-17,DCOILWTICO,38.21,USD_per_barrel
2004-03-18,DCOILWTICO,37.81,USD_per_barrel
2004-03-19,DCOILWTICO,38.09,USD_per_barrel
2004-03-22,DCOILWTICO,37.12,USD_per_barrel
2004-03-23,DCOILWTICO,37.81,USD_per_barrel
2004-03-24,DCOILWTICO,37.06,USD_per_barrel
2004-03-25,DCOILWTICO,35.67,USD_per_barrel
2004-03-26,DCOILWTICO,35.61,USD_per_barrel
2004-03-29,DCOILWTICO,35.41,USD_per_barrel
2004-03-30,DCOILWTICO,36.15,USD_per_barrel
2004-03-31,DCOILWTICO,35.75,USD_per_barrel
2004-04-01,DCOILWTICO,34.47,USD_per_barrel
2004-04-02,DCOILWTICO,34.39,USD_per_barrel
2004-04-05,DCOILWTICO,34.29,USD_per_barrel
2004-04-06,DCOILWTICO,35.09,USD_per_barrel
2004-04-07,DCOILWTICO,36.28,USD_per_barrel
2004-04-08,DCOILWTICO,37.14,USD_per_barrel
2004-04-12,DCOILWTICO,37.79,USD_per_barrel
2004-04-13,DCOILWTICO,37.09,USD_per_barrel
2004-04-14,DCOILWTICO,36.62,USD_per_barrel
2004-04-15,DCOILWTICO,37.74,USD_per_barrel
2004-04-16,DCOILWTICO,37.7,USD_per_barrel
2004-04-19,DCOILWTICO,37.46,USD_per_barrel
2004-04-20,DCOILWTICO,37.61,USD_per_barrel
2004-04-21,DCOILWTICO,36.61,USD_per_barrel
2004-04-22,DCOILWTICO,37.7,USD_per_barrel
2004-04-23,DCOILWTICO,37.22,USD_per_barrel
2004-04-26,DCOILWTICO,37.02,USD_per_barrel
2004-04-27,DCOILWTICO,37.49,USD_per_barrel
2004-04-28,DCOILWTICO,37.23,USD_per_barrel
2004-04-29,DCOILWTICO,37.5,USD_per_barrel
2004-04-30,DCOILWTICO,37.31,USD_per_barrel
2004-05-03,DCOILWTICO,38.26,USD_per_barrel
2004-05-04,DCOILWTICO,38.86,USD_per_barrel
2004-05-05,DCOILWTICO,39.69,USD_per_barrel
2004-05-06,DCOILWTICO,39.41,USD_per_barrel
2004-05-07,DCOILWTICO,39.98,USD_per_barrel
2004-05-10,DCOILWTICO,38.9,USD_per_barrel
2004-05-11,DCOILWTICO,40.3,USD_per_barrel
2004-05-12,DCOILWTICO,40.3,USD_per_barrel
2004-05-13,DCOILWTICO,40.94,USD_per_barrel
2004-05-14,DCOILWTICO,41.42,USD_per_barrel
2004-05-17,DCOILWTICO,41.53,USD_per_barrel
2004-05-18,DCOILWTICO,40.32,USD_per_barrel
2004-05-19,DCOILWTICO,41.61,USD_per_barrel
2004-05-20,DCOILWTICO,40.92,USD_per_barrel
2004-05-21,DCOILWTICO,39.83,USD_per_barrel
2004-05-24,DCOILWTICO,42.03,USD_per_barrel
2004-05-25,DCOILWTICO,41.45,USD_per_barrel
2004-05-26,DCOILWTICO,40.6,USD_per_barrel
2004-05-27,DCOILWTICO,39.25,USD_per_barrel
2004-05-28,DCOILWTICO,39.9,USD_per_barrel
2004-06-01,DCOILWTICO,42.33,USD_per_barrel
2004-06-02,DCOILWTICO,39.96,USD_per_barrel
2004-06-03,DCOILWTICO,39.29,USD_per_barrel
2004-06-04,DCOILWTICO,38.44,USD_per_barrel
2004-06-07,DCOILWTICO,38.72,USD_per_barrel
2004-06-08,DCOILWTICO,37.18,USD_per_barrel
2004-06-09,DCOILWTICO,37.6,USD_per_barrel
2004-06-10,DCOILWTICO,38.45,USD_per_barrel
2004-06-14,DCOILWTICO,37.58,USD_per_barrel
2004-06-15,DCOILWTICO,37.18,USD_per_barrel
2004-06-16,DCOILWTICO,37.33,USD_per_barrel
2004-06-17,DCOILWTICO,38.51,USD_per_barrel
2004-06-18,DCOILWTICO,38.68,USD_per_barrel
2004-06-21,DCOILWTICO,37.69,USD_per_barrel
2004-06-22,DCOILWTICO,38.11,USD_per_barrel
2004-06-23,DCOILWTICO,37.56,USD_per_barrel
2004-06-24,DCOILWTICO,37.81,USD_per_barrel
2004-06-25,DCOILWTICO,37.34,USD_per_barrel
2004-06-28,DCOILWTICO,36.25,USD_per_barrel
2004-06-29,DCOILWTICO,35.6,USD_per_barrel
2004-06-30,DCOILWTICO,36.92,USD_per_barrel
2004-07-01,DCOILWTICO,38.56,USD_per_barrel
2004-07-02,DCOILWTICO,38.37,USD_per_barrel
2004-07-06,DCOILWTICO,39.56,USD_per_barrel
2004-07-07,DCOILWTICO,39.18,USD_per_barrel
2004-07-08,DCOILWTICO,40.27,USD_per_barrel
2004-07-09,DCOILWTICO,39.9,USD_per_barrel
2004-07-12,DCOILWTICO,39.3,USD_per_barrel
2004-07-13,DCOILWTICO,39.55,USD_per_barrel
2004-07-14,DCOILWTICO,40.98,USD_per_barrel
2004-07-15,DCOILWTICO,40.7,USD_per_barrel
2004-07-16,DCOILWTICO,41.1,USD_per_barrel
2004-07-19,DCOILWTICO,41.55,USD_per_barrel
2004-07-20,DCOILWTICO,40.86,USD_per_barrel
2004-07-21,DCOILWTICO,40.63,USD_per_barrel
2004-07-22,DCOILWTICO,41.51,USD_per_barrel
2004-07-23,DCOILWTICO,41.82,USD_per_barrel
2004-07-26,DCOILWTICO,41.45,USD_per_barrel
2004-07-27,DCOILWTICO,41.83,USD_per_barrel
2004-07-28,DCOILWTICO,42.81,USD_per_barrel
2004-07-29,DCOILWTICO,42.69,USD_per_barrel
2004-07-30,DCOILWTICO,43.72,USD_per_barrel
2004-08-02,DCOILWTICO,43.83,USD_per_barrel
2004-08-03,DCOILWTICO,44.13,USD_per_barrel
2004-08-04,DCOILWTICO,42.73,USD_per_barrel
2004-08-05,DCOILWTICO,44.39,USD_per_barrel
2004-08-06,DCOILWTICO,43.95,USD_per_barrel
2004-08-09,DCOILWTICO,44.86,USD_per_barrel
2004-08-10,DCOILWTICO,44.51,USD_per_barrel
2004-08-11,DCOILWTICO,44.72,USD_per_barrel
2004-08-12,DCOILWTICO,45.52,USD_per_barrel
2004-08-13,DCOILWTICO,46.61,USD_per_barrel
2004-08-16,DCOILWTICO,46.02,USD_per_barrel
2004-08-17,DCOILWTICO,46.75,USD_per_barrel
2004-08-18,DCOILWTICO,47.36,USD_per_barrel
2004-08-19,DCOILWTICO,48.66,USD_per_barrel
2004-08-20,DCOILWTICO,47.6,USD_per_barrel
2004-08-23,DCOILWTICO,46.0,USD_per_barrel
2004-08-24,DCOILWTICO,45.68,USD_per_barrel
2004-08-25,DCOILWTICO,43.83,USD_per_barrel
2004-08-26,DCOILWTICO,43.06,USD_per_barrel
2004-08-27,DCOILWTICO,43.11,USD_per_barrel
2004-08-30,DCOILWTICO,42.32,USD_per_barrel
2004-08-31,DCOILWTICO,42.23,USD_per_barrel
2004-09-01,DCOILWTICO,43.89,USD_per_barrel
2004-09-02,DCOILWTICO,44.04,USD_per_barrel
2004-09-03,DCOILWTICO,43.94,USD_per_barrel
2004-09-07,DCOILWTICO,43.18,USD_per_barrel
2004-09-08,DCOILWTICO,42.77,USD_per_barrel
2004-09-09,DCOILWTICO,44.53,USD_per_barrel
2004-09-10,DCOILWTICO,42.84,USD_per_barrel
2004-09-13,DCOILWTICO,43.86,USD_per_barrel
2004-09-14,DCOILWTICO,44.62,USD_per_barrel
2004-09-15,DCOILWTICO,43.83,USD_per_barrel
2004-09-16,DCOILWTICO,44.03,USD_per_barrel
2004-09-17,DCOILWTICO,45.63,USD_per_barrel
2004-09-20,DCOILWTICO,46.33,USD_per_barrel
2004-09-21,DCOILWTICO,47.11,USD_per_barrel
2004-09-22,DCOILWTICO,48.41,USD_per_barrel
2004-09-23,DCOILWTICO,48.37,USD_per_barrel
2004-09-24,DCOILWTICO,48.86,USD_per_barrel
2004-09-27,DCOILWTICO,49.56,USD_per_barrel
2004-09-28,DCOILWTICO,49.76,USD_per_barrel
2004-09-29,DCOILWTICO,49.53,USD_per_barrel
2004-09-30,DCOILWTICO,49.56,USD_per_barrel
2004-10-01,DCOILWTICO,50.16,USD_per_barrel
2004-10-04,DCOILWTICO,49.85,USD_per_barrel
2004-10-05,DCOILWTICO,51.08,USD_per_barrel
2004-10-06,DCOILWTICO,51.98,USD_per_barrel
2004-10-07,DCOILWTICO,52.56,USD_per_barrel
2004-10-08,DCOILWTICO,53.4,USD_per_barrel
2004-10-11,DCOILWTICO,53.65,USD_per_barrel
2004-10-12,DCOILWTICO,53.49,USD_per_barrel
2004-10-13,DCOILWTICO,53.86,USD_per_barrel
2004-10-14,DCOILWTICO,54.69,USD_per_barrel
2004-10-15,DCOILWTICO,54.89,USD_per_barrel
2004-10-18,DCOILWTICO,53.59,USD_per_barrel
2004-10-19,DCOILWTICO,53.28,USD_per_barrel
2004-10-20,DCOILWTICO,54.93,USD_per_barrel
2004-10-21,DCOILWTICO,54.51,USD_per_barrel
2004-10-22,DCOILWTICO,55.83,USD_per_barrel
2004-10-25,DCOILWTICO,55.52,USD_per_barrel
2004-10-26,DCOILWTICO,56.37,USD_per_barrel
2004-10-27,DCOILWTICO,52.52,USD_per_barrel
2004-10-28,DCOILWTICO,50.95,USD_per_barrel
2004-10-29,DCOILWTICO,51.78,USD_per_barrel
2004-11-01,DCOILWTICO,50.1,USD_per_barrel
2004-11-02,DCOILWTICO,49.6,USD_per_barrel
2004-11-03,DCOILWTICO,50.9,USD_per_barrel
2004-11-04,DCOILWTICO,48.8,USD_per_barrel
2004-11-05,DCOILWTICO,49.65,USD_per_barrel
2004-11-08,DCOILWTICO,49.1,USD_per_barrel
2004-11-09,DCOILWTICO,47.4,USD_per_barrel
2004-11-10,DCOILWTICO,48.7,USD_per_barrel
2004-11-11,DCOILWTICO,47.5,USD_per_barrel
2004-11-12,DCOILWTICO,47.3,USD_per_barrel
2004-11-15,DCOILWTICO,46.95,USD_per_barrel
2004-11-16,DCOILWTICO,46.1,USD_per_barrel
2004-11-17,DCOILWTICO,46.85,USD_per_barrel
2004-11-18,DCOILWTICO,46.3,USD_per_barrel
2004-11-19,DCOILWTICO,48.9,USD_per_barrel
2004-11-22,DCOILWTICO,48.48,USD_per_barrel
2004-11-23,DCOILWTICO,48.74,USD_per_barrel
2004-11-24,DCOILWTICO,49.14,USD_per_barrel
2004-11-29,DCOILWTICO,49.71,USD_per_barrel
2004-11-30,DCOILWTICO,49.16,USD_per_barrel
2004-12-01,DCOILWTICO,45.56,USD_per_barrel
2004-12-02,DCOILWTICO,43.31,USD_per_barrel
2004-12-03,DCOILWTICO,42.56,USD_per_barrel
2004-12-06,DCOILWTICO,42.96,USD_per_barrel
2004-12-07,DCOILWTICO,41.51,USD_per_barrel
2004-12-08,DCOILWTICO,41.96,USD_per_barrel
2004-12-09,DCOILWTICO,42.41,USD_per_barrel
2004-12-10,DCOILWTICO,40.71,USD_per_barrel
2004-12-13,DCOILWTICO,41.06,USD_per_barrel
2004-12-14,DCOILWTICO,41.76,USD_per_barrel
2004-12-15,DCOILWTICO,44.21,USD_per_barrel
2004-12-16,DCOILWTICO,44.16,USD_per_barrel
2004-12-17,DCOILWTICO,46.31,USD_per_barrel
2004-12-20,DCOILWTICO,45.57,USD_per_barrel
2004-12-21,DCOILWTICO,45.76,USD_per_barrel
2004-12-22,DCOILWTICO,44.05,USD_per_barrel
2004-12-23,DCOILWTICO,42.19,USD_per_barrel
2004-12-27,DCOILWTICO,41.26,USD_per_barrel
2004-12-28,DCOILWTICO,41.78,USD_per_barrel
2004-12-29,DCOILWTICO,43.69,USD_per_barrel
2004-12-30,DCOILWTICO,43.36,USD_per_barrel
2005-01-03,DCOILWTICO,42.16,USD_per_barrel
2005-01-04,DCOILWTICO,43.96,USD_per_barrel
2005-01-05,DCOILWTICO,43.41,USD_per_barrel
2005-01-06,DCOILWTICO,45.51,USD_per_barrel
2005-01-07,DCOILWTICO,45.32,USD_per_barrel
2005-01-10,DCOILWTICO,45.31,USD_per_barrel
2005-01-11,DCOILWTICO,45.66,USD_per_barrel
2005-01-12,DCOILWTICO,46.46,USD_per_barrel
2005-01-13,DCOILWTICO,48.11,USD_per_barrel
2005-01-14,DCOILWTICO,48.41,USD_per_barrel
2005-01-18,DCOILWTICO,48.46,USD_per_barrel
2005-01-19,DCOILWTICO,47.61,USD_per_barrel
2005-01-20,DCOILWTICO,47.01,USD_per_barrel
2005-01-21,DCOILWTICO,48.31,USD_per_barrel
2005-01-24,DCOILWTICO,48.61,USD_per_barrel
2005-01-25,DCOILWTICO,49.43,USD_per_barrel
2005-01-26,DCOILWTICO,48.8,USD_per_barrel
2005-01-27,DCOILWTICO,48.8,USD_per_barrel
2005-01-28,DCOILWTICO,47.15,USD_per_barrel
2005-01-31,DCOILWTICO,48.25,USD_per_barrel
2005-02-01,DCOILWTICO,47.1,USD_per_barrel
2005-02-02,DCOILWTICO,46.65,USD_per_barrel
2005-02-03,DCOILWTICO,46.4,USD_per_barrel
2005-02-04,DCOILWTICO,46.45,USD_per_barrel
2005-02-07,DCOILWTICO,45.35,USD_per_barrel
2005-02-08,DCOILWTICO,45.4,USD_per_barrel
2005-02-09,DCOILWTICO,45.45,USD_per_barrel
2005-02-10,DCOILWTICO,47.05,USD_per_barrel
2005-02-11,DCOILWTICO,47.15,USD_per_barrel
2005-02-14,DCOILWTICO,47.5,USD_per_barrel
2005-02-15,DCOILWTICO,47.3,USD_per_barrel
2005-02-16,DCOILWTICO,48.35,USD_per_barrel
2005-02-17,DCOILWTICO,47.5,USD_per_barrel
2005-02-18,DCOILWTICO,48.45,USD_per_barrel
2005-02-22,DCOILWTICO,51.0,USD_per_barrel
2005-02-23,DCOILWTICO,51.73,USD_per_barrel
2005-02-24,DCOILWTICO,52.05,USD_per_barrel
2005-02-25,DCOILWTICO,52.2,USD_per_barrel
2005-02-28,DCOILWTICO,51.75,USD_per_barrel
2005-03-01,DCOILWTICO,51.67,USD_per_barrel
2005-03-02,DCOILWTICO,53.0,USD_per_barrel
2005-03-03,DCOILWTICO,53.6,USD_per_barrel
2005-03-04,DCOILWTICO,53.7,USD_per_barrel
2005-03-07,DCOILWTICO,53.9,USD_per_barrel
2005-03-08,DCOILWTICO,54.55,USD_per_barrel
2005-03-09,DCOILWTICO,54.75,USD_per_barrel
2005-03-10,DCOILWTICO,53.52,USD_per_barrel
2005-03-11,DCOILWTICO,54.4,USD_per_barrel
2005-03-14,DCOILWTICO,54.9,USD_per_barrel
2005-03-15,DCOILWTICO,55.05,USD_per_barrel
2005-03-16,DCOILWTICO,56.5,USD_per_barrel
2005-03-17,DCOILWTICO,56.4,USD_per_barrel
2005-03-18,DCOILWTICO,56.8,USD_per_barrel
2005-03-21,DCOILWTICO,56.7,USD_per_barrel
2005-03-22,DCOILWTICO,55.95,USD_per_barrel
2005-03-23,DCOILWTICO,49.43,USD_per_barrel
2005-03-24,DCOILWTICO,49.7,USD_per_barrel
2005-03-28,DCOILWTICO,54.06,USD_per_barrel
2005-03-29,DCOILWTICO,54.26,USD_per_barrel
2005-03-30,DCOILWTICO,53.96,USD_per_barrel
2005-03-31,DCOILWTICO,55.31,USD_per_barrel
2005-04-01,DCOILWTICO,57.26,USD_per_barrel
2005-04-04,DCOILWTICO,56.86,USD_per_barrel
2005-04-05,DCOILWTICO,55.83,USD_per_barrel
2005-04-06,DCOILWTICO,55.88,USD_per_barrel
2005-04-07,DCOILWTICO,54.16,USD_per_barrel
2005-04-08,DCOILWTICO,53.46,USD_per_barrel
2005-04-11,DCOILWTICO,53.71,USD_per_barrel
2005-04-12,DCOILWTICO,51.54,USD_per_barrel
2005-04-13,DCOILWTICO,50.21,USD_per_barrel
2005-04-14,DCOILWTICO,51.11,USD_per_barrel
2005-04-15,DCOILWTICO,50.61,USD_per_barrel
2005-04-18,DCOILWTICO,50.52,USD_per_barrel
2005-04-19,DCOILWTICO,52.33,USD_per_barrel
2005-04-20,DCOILWTICO,52.45,USD_per_barrel
2005-04-21,DCOILWTICO,52.49,USD_per_barrel
2005-04-22,DCOILWTICO,54.16,USD_per_barrel
2005-04-25,DCOILWTICO,53.16,USD_per_barrel
2005-04-26,DCOILWTICO,54.33,USD_per_barrel
2005-04-27,DCOILWTICO,51.37,USD_per_barrel
2005-04-28,DCOILWTICO,51.92,USD_per_barrel
2005-04-29,DCOILWTICO,49.2,USD_per_barrel
2005-05-02,DCOILWTICO,50.94,USD_per_barrel
2005-05-03,DCOILWTICO,49.6,USD_per_barrel
2005-05-04,DCOILWTICO,50.22,USD_per_barrel
2005-05-05,DCOILWTICO,51.12,USD_per_barrel
2005-05-06,DCOILWTICO,51.3,USD_per_barrel
2005-05-09,DCOILWTICO,52.04,USD_per_barrel
2005-05-10,DCOILWTICO,51.76,USD_per_barrel
2005-05-11,DCOILWTICO,50.39,USD_per_barrel
2005-05-12,DCOILWTICO,48.83,USD_per_barrel
2005-05-13,DCOILWTICO,48.65,USD_per_barrel
2005-05-16,DCOILWTICO,48.64,USD_per_barrel
2005-05-17,DCOILWTICO,48.97,USD_per_barrel
2005-05-18,DCOILWTICO,46.99,USD_per_barrel
2005-05-19,DCOILWTICO,47.0,USD_per_barrel
2005-05-20,DCOILWTICO,47.25,USD_per_barrel
2005-05-23,DCOILWTICO,48.68,USD_per_barrel
2005-05-24,DCOILWTICO,49.14,USD_per_barrel
2005-05-25,DCOILWTICO,50.37,USD_per_barrel
2005-05-26,DCOILWTICO,50.89,USD_per_barrel
2005-05-27,DCOILWTICO,51.65,USD_per_barrel
2005-05-31,DCOILWTICO,52.08,USD_per_barrel
2005-06-01,DCOILWTICO,54.4,USD_per_barrel
2005-06-02,DCOILWTICO,53.46,USD_per_barrel
2005-06-03,DCOILWTICO,55.08,USD_per_barrel
2005-06-06,DCOILWTICO,54.46,USD_per_barrel
2005-06-07,DCOILWTICO,53.84,USD_per_barrel
2005-06-08,DCOILWTICO,52.51,USD_per_barrel
2005-06-09,DCOILWTICO,54.36,USD_per_barrel
2005-06-10,DCOILWTICO,53.55,USD_per_barrel
2005-06-13,DCOILWTICO,55.47,USD_per_barrel
2005-06-14,DCOILWTICO,55.03,USD_per_barrel
2005-06-15,DCOILWTICO,55.53,USD_per_barrel
2005-06-16,DCOILWTICO,56.48,USD_per_barrel
2005-06-17,DCOILWTICO,58.4,USD_per_barrel
2005-06-20,DCOILWTICO,59.19,USD_per_barrel
2005-06-21,DCOILWTICO,58.9,USD_per_barrel
2005-06-22,DCOILWTICO,58.27,USD_per_barrel
2005-06-23,DCOILWTICO,59.23,USD_per_barrel
2005-06-24,DCOILWTICO,59.63,USD_per_barrel
2005-06-27,DCOILWTICO,59.78,USD_per_barrel
2005-06-28,DCOILWTICO,58.32,USD_per_barrel
2005-06-29,DCOILWTICO,57.23,USD_per_barrel
2005-06-30,DCOILWTICO,56.63,USD_per_barrel
2005-07-01,DCOILWTICO,59.11,USD_per_barrel
2005-07-05,DCOILWTICO,59.71,USD_per_barrel
2005-07-06,DCOILWTICO,61.24,USD_per_barrel
2005-07-07,DCOILWTICO,60.76,USD_per_barrel
2005-07-08,DCOILWTICO,59.71,USD_per_barrel
2005-07-11,DCOILWTICO,59.23,USD_per_barrel
2005-07-12,DCOILWTICO,60.49,USD_per_barrel
2005-07-13,DCOILWTICO,60.0,USD_per_barrel
2005-07-14,DCOILWTICO,57.83,USD_per_barrel
2005-07-15,DCOILWTICO,58.36,USD_per_barrel
2005-07-18,DCOILWTICO,57.12,USD_per_barrel
2005-07-19,DCOILWTICO,57.61,USD_per_barrel
2005-07-20,DCOILWTICO,56.73,USD_per_barrel
2005-07-21,DCOILWTICO,57.31,USD_per_barrel
2005-07-22,DCOILWTICO,57.75,USD_per_barrel
2005-07-25,DCOILWTICO,58.16,USD_per_barrel
2005-07-26,DCOILWTICO,59.05,USD_per_barrel
2005-07-27,DCOILWTICO,59.12,USD_per_barrel
2005-07-28,DCOILWTICO,59.91,USD_per_barrel
2005-07-29,DCOILWTICO,60.71,USD_per_barrel
2005-08-01,DCOILWTICO,61.51,USD_per_barrel
2005-08-02,DCOILWTICO,61.87,USD_per_barrel
2005-08-03,DCOILWTICO,60.76,USD_per_barrel
2005-08-04,DCOILWTICO,61.6,USD_per_barrel
2005-08-05,DCOILWTICO,62.44,USD_per_barrel
2005-08-08,DCOILWTICO,63.92,USD_per_barrel
2005-08-09,DCOILWTICO,63.13,USD_per_barrel
2005-08-10,DCOILWTICO,64.8,USD_per_barrel
2005-08-11,DCOILWTICO,65.67,USD_per_barrel
2005-08-12,DCOILWTICO,66.71,USD_per_barrel
2005-08-15,DCOILWTICO,66.21,USD_per_barrel
2005-08-16,DCOILWTICO,66.11,USD_per_barrel
2005-08-17,DCOILWTICO,63.29,USD_per_barrel
2005-08-18,DCOILWTICO,63.47,USD_per_barrel
2005-08-19,DCOILWTICO,65.51,USD_per_barrel
2005-08-22,DCOILWTICO,65.46,USD_per_barrel
2005-08-23,DCOILWTICO,65.81,USD_per_barrel
2005-08-24,DCOILWTICO,67.1,USD_per_barrel
2005-08-25,DCOILWTICO,67.29,USD_per_barrel
2005-08-26,DCOILWTICO,66.05,USD_per_barrel
2005-08-29,DCOILWTICO,67.41,USD_per_barrel
2005-08-30,DCOILWTICO,69.91,USD_per_barrel
2005-08-31,DCOILWTICO,68.63,USD_per_barrel
2005-09-01,DCOILWTICO,69.5,USD_per_barrel
2005-09-02,DCOILWTICO,66.91,USD_per_barrel
2005-09-06,DCOILWTICO,65.83,USD_per_barrel
2005-09-07,DCOILWTICO,64.38,USD_per_barrel
2005-09-08,DCOILWTICO,64.8,USD_per_barrel
2005-09-09,DCOILWTICO,64.21,USD_per_barrel
2005-09-12,DCOILWTICO,63.29,USD_per_barrel
2005-09-13,DCOILWTICO,63.18,USD_per_barrel
2005-09-14,DCOILWTICO,65.2,USD_per_barrel
2005-09-15,DCOILWTICO,64.64,USD_per_barrel
2005-09-16,DCOILWTICO,62.91,USD_per_barrel
2005-09-19,DCOILWTICO,67.21,USD_per_barrel
2005-09-20,DCOILWTICO,66.24,USD_per_barrel
2005-09-21,DCOILWTICO,66.96,USD_per_barrel
2005-09-22,DCOILWTICO,67.07,USD_per_barrel
2005-09-23,DCOILWTICO,64.67,USD_per_barrel
2005-09-26,DCOILWTICO,65.98,USD_per_barrel
2005-09-27,DCOILWTICO,64.94,USD_per_barrel
2005-09-28,DCOILWTICO,66.36,USD_per_barrel
2005-09-29,DCOILWTICO,66.83,USD_per_barrel
2005-09-30,DCOILWTICO,66.21,USD_per_barrel
2005-10-03,DCOILWTICO,65.36,USD_per_barrel
2005-10-04,DCOILWTICO,63.74,USD_per_barrel
2005-10-05,DCOILWTICO,62.56,USD_per_barrel
2005-10-06,DCOILWTICO,61.81,USD_per_barrel
2005-10-07,DCOILWTICO,61.81,USD_per_barrel
2005-10-10,DCOILWTICO,60.71,USD_per_barrel
2005-10-11,DCOILWTICO,63.84,USD_per_barrel
2005-10-12,DCOILWTICO,64.13,USD_per_barrel
2005-10-13,DCOILWTICO,63.05,USD_per_barrel
2005-10-14,DCOILWTICO,62.61,USD_per_barrel
2005-10-17,DCOILWTICO,64.26,USD_per_barrel
2005-10-18,DCOILWTICO,62.94,USD_per_barrel
2005-10-19,DCOILWTICO,62.11,USD_per_barrel
2005-10-20,DCOILWTICO,61.04,USD_per_barrel
2005-10-21,DCOILWTICO,61.05,USD_per_barrel
2005-10-24,DCOILWTICO,60.63,USD_per_barrel
2005-10-25,DCOILWTICO,62.83,USD_per_barrel
2005-10-26,DCOILWTICO,60.85,USD_per_barrel
2005-10-27,DCOILWTICO,61.03,USD_per_barrel
2005-10-28,DCOILWTICO,61.3,USD_per_barrel
2005-10-31,DCOILWTICO,59.8,USD_per_barrel
2005-11-01,DCOILWTICO,59.85,USD_per_barrel
2005-11-02,DCOILWTICO,59.75,USD_per_barrel
2005-11-03,DCOILWTICO,61.7,USD_per_barrel
2005-11-04,DCOILWTICO,60.6,USD_per_barrel
2005-11-07,DCOILWTICO,59.4,USD_per_barrel
2005-11-08,DCOILWTICO,59.7,USD_per_barrel
2005-11-09,DCOILWTICO,59.65,USD_per_barrel
2005-11-10,DCOILWTICO,57.8,USD_per_barrel
2005-11-11,DCOILWTICO,57.45,USD_per_barrel
2005-11-14,DCOILWTICO,57.6,USD_per_barrel
2005-11-15,DCOILWTICO,57.05,USD_per_barrel
2005-11-16,DCOILWTICO,57.85,USD_per_barrel
2005-11-17,DCOILWTICO,56.2,USD_per_barrel
2005-11-18,DCOILWTICO,56.3,USD_per_barrel
2005-11-21,DCOILWTICO,57.75,USD_per_barrel
2005-11-22,DCOILWTICO,58.3,USD_per_barrel
2005-11-23,DCOILWTICO,58.35,USD_per_barrel
2005-11-28,DCOILWTICO,57.36,USD_per_barrel
2005-11-29,DCOILWTICO,56.46,USD_per_barrel
2005-11-30,DCOILWTICO,57.33,USD_per_barrel
2005-12-01,DCOILWTICO,58.46,USD_per_barrel
2005-12-02,DCOILWTICO,59.31,USD_per_barrel
2005-12-05,DCOILWTICO,59.91,USD_per_barrel
2005-12-06,DCOILWTICO,59.96,USD_per_barrel
2005-12-07,DCOILWTICO,59.21,USD_per_barrel
2005-12-08,DCOILWTICO,60.66,USD_per_barrel
2005-12-09,DCOILWTICO,59.41,USD_per_barrel
2005-12-12,DCOILWTICO,61.36,USD_per_barrel
2005-12-13,DCOILWTICO,61.36,USD_per_barrel
2005-12-14,DCOILWTICO,60.86,USD_per_barrel
2005-12-15,DCOILWTICO,60.01,USD_per_barrel
2005-12-16,DCOILWTICO,58.01,USD_per_barrel
2005-12-19,DCOILWTICO,57.31,USD_per_barrel
2005-12-20,DCOILWTICO,57.81,USD_per_barrel
2005-12-21,DCOILWTICO,58.56,USD_per_barrel
2005-12-22,DCOILWTICO,58.08,USD_per_barrel
2005-12-23,DCOILWTICO,58.08,USD_per_barrel
2005-12-27,DCOILWTICO,58.16,USD_per_barrel
2005-12-28,DCOILWTICO,59.81,USD_per_barrel
2005-12-29,DCOILWTICO,60.26,USD_per_barrel
2005-12-30,DCOILWTICO,61.06,USD_per_barrel
2006-01-03,DCOILWTICO,63.11,USD_per_barrel
2006-01-04,DCOILWTICO,63.41,USD_per_barrel
2006-01-05,DCOILWTICO,62.81,USD_per_barrel
2006-01-06,DCOILWTICO,64.21,USD_per_barrel
2006-01-09,DCOILWTICO,63.56,USD_per_barrel
2006-01-10,DCOILWTICO,63.41,USD_per_barrel
2006-01-11,DCOILWTICO,63.91,USD_per_barrel
2006-01-12,DCOILWTICO,63.96,USD_per_barrel
2006-01-13,DCOILWTICO,63.86,USD_per_barrel
2006-01-17,DCOILWTICO,66.36,USD_per_barrel
2006-01-18,DCOILWTICO,65.76,USD_per_barrel
2006-01-19,DCOILWTICO,66.86,USD_per_barrel
2006-01-20,DCOILWTICO,68.16,USD_per_barrel
2006-01-23,DCOILWTICO,68.06,USD_per_barrel
2006-01-24,DCOILWTICO,66.83,USD_per_barrel
2006-01-25,DCOILWTICO,65.6,USD_per_barrel
2006-01-26,DCOILWTICO,65.8,USD_per_barrel
2006-01-27,DCOILWTICO,67.81,USD_per_barrel
2006-01-30,DCOILWTICO,68.36,USD_per_barrel
2006-01-31,DCOILWTICO,67.86,USD_per_barrel
2006-02-01,DCOILWTICO,66.61,USD_per_barrel
2006-02-02,DCOILWTICO,64.71,USD_per_barrel
2006-02-03,DCOILWTICO,65.41,USD_per_barrel
2006-02-06,DCOILWTICO,65.11,USD_per_barrel
2006-02-07,DCOILWTICO,63.01,USD_per_barrel
2006-02-08,DCOILWTICO,62.51,USD_per_barrel
2006-02-09,DCOILWTICO,62.66,USD_per_barrel
2006-02-10,DCOILWTICO,62.01,USD_per_barrel
2006-02-13,DCOILWTICO,61.26,USD_per_barrel
2006-02-14,DCOILWTICO,59.61,USD_per_barrel
2006-02-15,DCOILWTICO,57.61,USD_per_barrel
2006-02-16,DCOILWTICO,58.61,USD_per_barrel
2006-02-17,DCOILWTICO,59.76,USD_per_barrel
2006-02-21,DCOILWTICO,61.21,USD_per_barrel
2006-02-22,DCOILWTICO,59.03,USD_per_barrel
2006-02-23,DCOILWTICO,58.03,USD_per_barrel
2006-02-24,DCOILWTICO,61.46,USD_per_barrel
2006-02-27,DCOILWTICO,61.01,USD_per_barrel
2006-02-28,DCOILWTICO,61.37,USD_per_barrel
2006-03-01,DCOILWTICO,62.01,USD_per_barrel
2006-03-02,DCOILWTICO,63.36,USD_per_barrel
2006-03-03,DCOILWTICO,63.61,USD_per_barrel
2006-03-06,DCOILWTICO,62.46,USD_per_barrel
2006-03-07,DCOILWTICO,61.51,USD_per_barrel
2006-03-08,DCOILWTICO,60.06,USD_per_barrel
2006-03-09,DCOILWTICO,60.51,USD_per_barrel
2006-03-10,DCOILWTICO,59.91,USD_per_barrel
2006-03-13,DCOILWTICO,61.81,USD_per_barrel
2006-03-14,DCOILWTICO,63.01,USD_per_barrel
2006-03-15,DCOILWTICO,62.11,USD_per_barrel
2006-03-16,DCOILWTICO,63.46,USD_per_barrel
2006-03-17,DCOILWTICO,62.81,USD_per_barrel
2006-03-20,DCOILWTICO,60.31,USD_per_barrel
2006-03-21,DCOILWTICO,60.41,USD_per_barrel
2006-03-22,DCOILWTICO,60.03,USD_per_barrel
2006-03-23,DCOILWTICO,62.13,USD_per_barrel
2006-03-24,DCOILWTICO,63.9,USD_per_barrel
2006-03-27,DCOILWTICO,63.75,USD_per_barrel
2006-03-28,DCOILWTICO,65.65,USD_per_barrel
2006-03-29,DCOILWTICO,66.0,USD_per_barrel
2006-03-30,DCOILWTICO,66.7,USD_per_barrel
2006-03-31,DCOILWTICO,66.25,USD_per_barrel
2006-04-03,DCOILWTICO,66.07,USD_per_barrel
2006-04-04,DCOILWTICO,65.75,USD_per_barrel
2006-04-05,DCOILWTICO,66.76,USD_per_barrel
2006-04-06,DCOILWTICO,67.22,USD_per_barrel
2006-04-07,DCOILWTICO,67.02,USD_per_barrel
2006-04-10,DCOILWTICO,68.29,USD_per_barrel
2006-04-11,DCOILWTICO,69.03,USD_per_barrel
2006-04-12,DCOILWTICO,68.53,USD_per_barrel
2006-04-13,DCOILWTICO,69.53,USD_per_barrel
2006-04-17,DCOILWTICO,70.3,USD_per_barrel
2006-04-18,DCOILWTICO,71.28,USD_per_barrel
2006-04-19,DCOILWTICO,72.07,USD_per_barrel
2006-04-20,DCOILWTICO,71.96,USD_per_barrel
2006-04-21,DCOILWTICO,73.73,USD_per_barrel
2006-04-24,DCOILWTICO,70.19,USD_per_barrel
2006-04-25,DCOILWTICO,67.43,USD_per_barrel
2006-04-26,DCOILWTICO,71.71,USD_per_barrel
2006-04-27,DCOILWTICO,70.76,USD_per_barrel
2006-04-28,DCOILWTICO,71.8,USD_per_barrel
2006-05-01,DCOILWTICO,73.75,USD_per_barrel
2006-05-02,DCOILWTICO,74.62,USD_per_barrel
2006-05-03,DCOILWTICO,72.26,USD_per_barrel
2006-05-04,DCOILWTICO,69.98,USD_per_barrel
2006-05-05,DCOILWTICO,70.09,USD_per_barrel
2006-05-08,DCOILWTICO,69.75,USD_per_barrel
2006-05-09,DCOILWTICO,70.71,USD_per_barrel
2006-05-10,DCOILWTICO,72.15,USD_per_barrel
2006-05-11,DCOILWTICO,73.0,USD_per_barrel
2006-05-12,DCOILWTICO,71.87,USD_per_barrel
2006-05-15,DCOILWTICO,69.25,USD_per_barrel
2006-05-16,DCOILWTICO,69.4,USD_per_barrel
2006-05-17,DCOILWTICO,68.65,USD_per_barrel
2006-05-18,DCOILWTICO,69.63,USD_per_barrel
2006-05-19,DCOILWTICO,68.44,USD_per_barrel
2006-05-22,DCOILWTICO,69.23,USD_per_barrel
2006-05-23,DCOILWTICO,70.78,USD_per_barrel
2006-05-24,DCOILWTICO,69.47,USD_per_barrel
2006-05-25,DCOILWTICO,70.92,USD_per_barrel
2006-05-26,DCOILWTICO,71.35,USD_per_barrel
2006-05-30,DCOILWTICO,71.85,USD_per_barrel
2006-05-31,DCOILWTICO,71.42,USD_per_barrel
2006-06-01,DCOILWTICO,70.11,USD_per_barrel
2006-06-02,DCOILWTICO,72.73,USD_per_barrel
2006-06-05,DCOILWTICO,72.5,USD_per_barrel
2006-06-06,DCOILWTICO,72.43,USD_per_barrel
2006-06-07,DCOILWTICO,70.9,USD_per_barrel
2006-06-08,DCOILWTICO,70.25,USD_per_barrel
2006-06-09,DCOILWTICO,71.62,USD_per_barrel
2006-06-12,DCOILWTICO,70.28,USD_per_barrel
2006-06-13,DCOILWTICO,68.48,USD_per_barrel
2006-06-14,DCOILWTICO,69.12,USD_per_barrel
2006-06-15,DCOILWTICO,69.78,USD_per_barrel
2006-06-16,DCOILWTICO,69.75,USD_per_barrel
2006-06-19,DCOILWTICO,69.21,USD_per_barrel
2006-06-20,DCOILWTICO,69.3,USD_per_barrel
2006-06-21,DCOILWTICO,70.07,USD_per_barrel
2006-06-22,DCOILWTICO,70.62,USD_per_barrel
2006-06-23,DCOILWTICO,70.5,USD_per_barrel
2006-06-26,DCOILWTICO,71.63,USD_per_barrel
2006-06-27,DCOILWTICO,72.05,USD_per_barrel
2006-06-28,DCOILWTICO,72.15,USD_per_barrel
2006-06-29,DCOILWTICO,73.5,USD_per_barrel
2006-06-30,DCOILWTICO,73.94,USD_per_barrel
2006-07-05,DCOILWTICO,75.2,USD_per_barrel
2006-07-06,DCOILWTICO,75.0,USD_per_barrel
2006-07-07,DCOILWTICO,73.76,USD_per_barrel
2006-07-10,DCOILWTICO,73.5,USD_per_barrel
2006-07-11,DCOILWTICO,74.05,USD_per_barrel
2006-07-12,DCOILWTICO,74.99,USD_per_barrel
2006-07-13,DCOILWTICO,76.7,USD_per_barrel
2006-07-14,DCOILWTICO,76.8,USD_per_barrel
2006-07-17,DCOILWTICO,75.7,USD_per_barrel
2006-07-18,DCOILWTICO,73.87,USD_per_barrel
2006-07-19,DCOILWTICO,72.79,USD_per_barrel
2006-07-20,DCOILWTICO,74.0,USD_per_barrel
2006-07-21,DCOILWTICO,73.52,USD_per_barrel
2006-07-24,DCOILWTICO,74.29,USD_per_barrel
2006-07-25,DCOILWTICO,73.46,USD_per_barrel
2006-07-26,DCOILWTICO,73.82,USD_per_barrel
2006-07-27,DCOILWTICO,74.5,USD_per_barrel
2006-07-28,DCOILWTICO,73.3,USD_per_barrel
2006-07-31,DCOILWTICO,74.56,USD_per_barrel
2006-08-01,DCOILWTICO,74.93,USD_per_barrel
2006-08-02,DCOILWTICO,76.16,USD_per_barrel
2006-08-03,DCOILWTICO,75.59,USD_per_barrel
2006-08-04,DCOILWTICO,74.78,USD_per_barrel
2006-08-07,DCOILWTICO,77.05,USD_per_barrel
2006-08-08,DCOILWTICO,76.29,USD_per_barrel
2006-08-09,DCOILWTICO,76.28,USD_per_barrel
2006-08-10,DCOILWTICO,74.17,USD_per_barrel
2006-08-11,DCOILWTICO,74.38,USD_per_barrel
2006-08-14,DCOILWTICO,73.33,USD_per_barrel
2006-08-15,DCOILWTICO,72.95,USD_per_barrel
2006-08-16,DCOILWTICO,71.64,USD_per_barrel
2006-08-17,DCOILWTICO,70.12,USD_per_barrel
2006-08-18,DCOILWTICO,70.93,USD_per_barrel
2006-08-21,DCOILWTICO,72.45,USD_per_barrel
2006-08-22,DCOILWTICO,72.55,USD_per_barrel
2006-08-23,DCOILWTICO,71.45,USD_per_barrel
2006-08-24,DCOILWTICO,72.02,USD_per_barrel
2006-08-25,DCOILWTICO,72.13,USD_per_barrel
2006-08-28,DCOILWTICO,70.47,USD_per_barrel
2006-08-29,DCOILWTICO,69.74,USD_per_barrel
2006-08-30,DCOILWTICO,70.2,USD_per_barrel
2006-08-31,DCOILWTICO,70.38,USD_per_barrel
2006-09-01,DCOILWTICO,69.24,USD_per_barrel
2006-09-05,DCOILWTICO,68.7,USD_per_barrel
2006-09-06,DCOILWTICO,67.75,USD_per_barrel
2006-09-07,DCOILWTICO,67.37,USD_per_barrel
2006-09-08,DCOILWTICO,66.3,USD_per_barrel
2006-09-11,DCOILWTICO,65.42,USD_per_barrel
2006-09-12,DCOILWTICO,63.81,USD_per_barrel
2006-09-13,DCOILWTICO,64.09,USD_per_barrel
2006-09-14,DCOILWTICO,63.27,USD_per_barrel
2006-09-15,DCOILWTICO,63.3,USD_per_barrel
2006-09-18,DCOILWTICO,63.84,USD_per_barrel
2006-09-19,DCOILWTICO,61.77,USD_per_barrel
2006-09-20,DCOILWTICO,60.0,USD_per_barrel
2006-09-21,DCOILWTICO,61.62,USD_per_barrel
2006-09-22,DCOILWTICO,59.79,USD_per_barrel
2006-09-25,DCOILWTICO,60.74,USD_per_barrel
2006-09-26,DCOILWTICO,60.63,USD_per_barrel
2006-09-27,DCOILWTICO,62.96,USD_per_barrel
2006-09-28,DCOILWTICO,62.46,USD_per_barrel
2006-09-29,DCOILWTICO,62.9,USD_per_barrel
2006-10-02,DCOILWTICO,60.96,USD_per_barrel
2006-10-03,DCOILWTICO,58.64,USD_per_barrel
2006-10-04,DCOILWTICO,59.53,USD_per_barrel
2006-10-05,DCOILWTICO,60.02,USD_per_barrel
2006-10-06,DCOILWTICO,59.68,USD_per_barrel
2006-10-09,DCOILWTICO,59.93,USD_per_barrel
2006-10-10,DCOILWTICO,58.5,USD_per_barrel
2006-10-11,DCOILWTICO,57.56,USD_per_barrel
2006-10-12,DCOILWTICO,58.23,USD_per_barrel
2006-10-13,DCOILWTICO,58.69,USD_per_barrel
2006-10-16,DCOILWTICO,59.91,USD_per_barrel
2006-10-17,DCOILWTICO,58.91,USD_per_barrel
2006-10-18,DCOILWTICO,57.66,USD_per_barrel
2006-10-19,DCOILWTICO,58.55,USD_per_barrel
2006-10-20,DCOILWTICO,57.35,USD_per_barrel
2006-10-23,DCOILWTICO,56.74,USD_per_barrel
2006-10-24,DCOILWTICO,57.55,USD_per_barrel
2006-10-25,DCOILWTICO,59.09,USD_per_barrel
2006-10-26,DCOILWTICO,60.27,USD_per_barrel
2006-10-27,DCOILWTICO,60.75,USD_per_barrel
2006-10-30,DCOILWTICO,58.41,USD_per_barrel
2006-10-31,DCOILWTICO,58.72,USD_per_barrel
2006-11-01,DCOILWTICO,58.64,USD_per_barrel
2006-11-02,DCOILWTICO,57.87,USD_per_barrel
2006-11-03,DCOILWTICO,59.13,USD_per_barrel
2006-11-06,DCOILWTICO,60.11,USD_per_barrel
2006-11-07,DCOILWTICO,58.94,USD_per_barrel
2006-11-08,DCOILWTICO,59.93,USD_per_barrel
2006-11-09,DCOILWTICO,61.18,USD_per_barrel
2006-11-10,DCOILWTICO,59.66,USD_per_barrel
2006-11-13,DCOILWTICO,58.59,USD_per_barrel
2006-11-14,DCOILWTICO,58.28,USD_per_barrel
2006-11-15,DCOILWTICO,58.79,USD_per_barrel
2006-11-16,DCOILWTICO,56.23,USD_per_barrel
2006-11-17,DCOILWTICO,55.9,USD_per_barrel
2006-11-20,DCOILWTICO,56.42,USD_per_barrel
2006-11-21,DCOILWTICO,58.01,USD_per_barrel
2006-11-22,DCOILWTICO,57.28,USD_per_barrel
2006-11-27,DCOILWTICO,60.3,USD_per_barrel
2006-11-28,DCOILWTICO,60.97,USD_per_barrel
2006-11-29,DCOILWTICO,62.45,USD_per_barrel
2006-11-30,DCOILWTICO,62.97,USD_per_barrel
2006-12-01,DCOILWTICO,63.43,USD_per_barrel
2006-12-04,DCOILWTICO,62.39,USD_per_barrel
2006-12-05,DCOILWTICO,62.4,USD_per_barrel
2006-12-06,DCOILWTICO,62.2,USD_per_barrel
2006-12-07,DCOILWTICO,62.54,USD_per_barrel
2006-12-08,DCOILWTICO,62.06,USD_per_barrel
2006-12-11,DCOILWTICO,61.26,USD_per_barrel
2006-12-12,DCOILWTICO,61.06,USD_per_barrel
2006-12-13,DCOILWTICO,61.34,USD_per_barrel
2006-12-14,DCOILWTICO,62.48,USD_per_barrel
2006-12-15,DCOILWTICO,63.4,USD_per_barrel
2006-12-18,DCOILWTICO,62.19,USD_per_barrel
2006-12-19,DCOILWTICO,62.87,USD_per_barrel
2006-12-20,DCOILWTICO,63.08,USD_per_barrel
2006-12-21,DCOILWTICO,62.05,USD_per_barrel
2006-12-22,DCOILWTICO,61.81,USD_per_barrel
2006-12-26,DCOILWTICO,61.07,USD_per_barrel
2006-12-27,DCOILWTICO,60.31,USD_per_barrel
2006-12-28,DCOILWTICO,60.39,USD_per_barrel
2006-12-29,DCOILWTICO,60.85,USD_per_barrel
2007-01-02,DCOILWTICO,60.77,USD_per_barrel
2007-01-03,DCOILWTICO,58.31,USD_per_barrel
2007-01-04,DCOILWTICO,55.65,USD_per_barrel
2007-01-05,DCOILWTICO,56.29,USD_per_barrel
2007-01-08,DCOILWTICO,56.08,USD_per_barrel
2007-01-09,DCOILWTICO,55.65,USD_per_barrel
2007-01-10,DCOILWTICO,53.95,USD_per_barrel
2007-01-11,DCOILWTICO,51.91,USD_per_barrel
2007-01-12,DCOILWTICO,52.96,USD_per_barrel
2007-01-16,DCOILWTICO,51.23,USD_per_barrel
2007-01-17,DCOILWTICO,52.3,USD_per_barrel
2007-01-18,DCOILWTICO,50.51,USD_per_barrel
2007-01-19,DCOILWTICO,51.98,USD_per_barrel
2007-01-22,DCOILWTICO,51.11,USD_per_barrel
2007-01-23,DCOILWTICO,53.61,USD_per_barrel
2007-01-24,DCOILWTICO,54.24,USD_per_barrel
2007-01-25,DCOILWTICO,53.49,USD_per_barrel
2007-01-26,DCOILWTICO,55.38,USD_per_barrel
2007-01-29,DCOILWTICO,54.01,USD_per_barrel
2007-01-30,DCOILWTICO,57.03,USD_per_barrel
2007-01-31,DCOILWTICO,58.17,USD_per_barrel
2007-02-01,DCOILWTICO,57.35,USD_per_barrel
2007-02-02,DCOILWTICO,59.01,USD_per_barrel
2007-02-05,DCOILWTICO,58.69,USD_per_barrel
2007-02-06,DCOILWTICO,58.91,USD_per_barrel
2007-02-07,DCOILWTICO,57.75,USD_per_barrel
2007-02-08,DCOILWTICO,59.76,USD_per_barrel
2007-02-09,DCOILWTICO,59.86,USD_per_barrel
2007-02-12,DCOILWTICO,57.76,USD_per_barrel
2007-02-13,DCOILWTICO,58.98,USD_per_barrel
2007-02-14,DCOILWTICO,58.0,USD_per_barrel
2007-02-15,DCOILWTICO,57.92,USD_per_barrel
2007-02-16,DCOILWTICO,59.38,USD_per_barrel
2007-02-20,DCOILWTICO,58.32,USD_per_barrel
2007-02-21,DCOILWTICO,59.4,USD_per_barrel
2007-02-22,DCOILWTICO,60.28,USD_per_barrel
2007-02-23,DCOILWTICO,60.28,USD_per_barrel
2007-02-26,DCOILWTICO,61.41,USD_per_barrel
2007-02-27,DCOILWTICO,61.46,USD_per_barrel
2007-02-28,DCOILWTICO,61.78,USD_per_barrel
2007-03-01,DCOILWTICO,61.97,USD_per_barrel
2007-03-02,DCOILWTICO,61.58,USD_per_barrel
2007-03-05,DCOILWTICO,60.05,USD_per_barrel
2007-03-06,DCOILWTICO,60.66,USD_per_barrel
2007-03-07,DCOILWTICO,61.85,USD_per_barrel
2007-03-08,DCOILWTICO,61.63,USD_per_barrel
2007-03-09,DCOILWTICO,60.06,USD_per_barrel
2007-03-12,DCOILWTICO,58.94,USD_per_barrel
2007-03-13,DCOILWTICO,58.03,USD_per_barrel
2007-03-14,DCOILWTICO,58.15,USD_per_barrel
2007-03-15,DCOILWTICO,57.52,USD_per_barrel
2007-03-16,DCOILWTICO,57.06,USD_per_barrel
2007-03-19,DCOILWTICO,56.65,USD_per_barrel
2007-03-20,DCOILWTICO,56.41,USD_per_barrel
2007-03-21,DCOILWTICO,56.98,USD_per_barrel
2007-03-22,DCOILWTICO,60.21,USD_per_barrel
2007-03-23,DCOILWTICO,61.07,USD_per_barrel
2007-03-26,DCOILWTICO,61.77,USD_per_barrel
2007-03-27,DCOILWTICO,62.98,USD_per_barrel
2007-03-28,DCOILWTICO,64.11,USD_per_barrel
2007-03-29,DCOILWTICO,66.1,USD_per_barrel
2007-03-30,DCOILWTICO,65.94,USD_per_barrel
2007-04-02,DCOILWTICO,66.03,USD_per_barrel
2007-04-03,DCOILWTICO,64.59,USD_per_barrel
2007-04-04,DCOILWTICO,64.4,USD_per_barrel
2007-04-05,DCOILWTICO,64.26,USD_per_barrel
2007-04-09,DCOILWTICO,61.51,USD_per_barrel
2007-04-10,DCOILWTICO,61.92,USD_per_barrel
2007-04-11,DCOILWTICO,61.98,USD_per_barrel
2007-04-12,DCOILWTICO,63.87,USD_per_barrel
2007-04-13,DCOILWTICO,63.63,USD_per_barrel
2007-04-16,DCOILWTICO,63.63,USD_per_barrel
2007-04-17,DCOILWTICO,63.14,USD_per_barrel
2007-04-18,DCOILWTICO,63.14,USD_per_barrel
2007-04-19,DCOILWTICO,61.81,USD_per_barrel
2007-04-20,DCOILWTICO,63.56,USD_per_barrel
2007-04-23,DCOILWTICO,65.33,USD_per_barrel
2007-04-24,DCOILWTICO,64.1,USD_per_barrel
2007-04-25,DCOILWTICO,65.33,USD_per_barrel
2007-04-26,DCOILWTICO,65.08,USD_per_barrel
2007-04-27,DCOILWTICO,66.45,USD_per_barrel
2007-04-30,DCOILWTICO,65.78,USD_per_barrel
2007-05-01,DCOILWTICO,64.43,USD_per_barrel
2007-05-02,DCOILWTICO,63.78,USD_per_barrel
2007-05-03,DCOILWTICO,63.23,USD_per_barrel
2007-05-04,DCOILWTICO,61.89,USD_per_barrel
2007-05-07,DCOILWTICO,61.48,USD_per_barrel
2007-05-08,DCOILWTICO,62.26,USD_per_barrel
2007-05-09,DCOILWTICO,61.54,USD_per_barrel
2007-05-10,DCOILWTICO,61.85,USD_per_barrel
2007-05-11,DCOILWTICO,62.35,USD_per_barrel
2007-05-14,DCOILWTICO,62.55,USD_per_barrel
2007-05-15,DCOILWTICO,63.16,USD_per_barrel
2007-05-16,DCOILWTICO,62.57,USD_per_barrel
2007-05-17,DCOILWTICO,64.83,USD_per_barrel
2007-05-18,DCOILWTICO,64.93,USD_per_barrel
2007-05-21,DCOILWTICO,66.25,USD_per_barrel
2007-05-22,DCOILWTICO,64.91,USD_per_barrel
2007-05-23,DCOILWTICO,65.1,USD_per_barrel
2007-05-24,DCOILWTICO,63.62,USD_per_barrel
2007-05-25,DCOILWTICO,64.59,USD_per_barrel
2007-05-29,DCOILWTICO,63.19,USD_per_barrel
2007-05-30,DCOILWTICO,63.47,USD_per_barrel
2007-05-31,DCOILWTICO,64.02,USD_per_barrel
2007-06-01,DCOILWTICO,65.09,USD_per_barrel
2007-06-04,DCOILWTICO,66.17,USD_per_barrel
2007-06-05,DCOILWTICO,65.63,USD_per_barrel
2007-06-06,DCOILWTICO,65.97,USD_per_barrel
2007-06-07,DCOILWTICO,66.93,USD_per_barrel
2007-06-08,DCOILWTICO,64.78,USD_per_barrel
2007-06-11,DCOILWTICO,65.93,USD_per_barrel
2007-06-12,DCOILWTICO,65.36,USD_per_barrel
2007-06-13,DCOILWTICO,66.17,USD_per_barrel
2007-06-14,DCOILWTICO,67.62,USD_per_barrel
2007-06-15,DCOILWTICO,68.04,USD_per_barrel
2007-06-18,DCOILWTICO,69.06,USD_per_barrel
2007-06-19,DCOILWTICO,69.15,USD_per_barrel
2007-06-20,DCOILWTICO,68.5,USD_per_barrel
2007-06-21,DCOILWTICO,68.35,USD_per_barrel
2007-06-22,DCOILWTICO,68.85,USD_per_barrel
2007-06-25,DCOILWTICO,68.83,USD_per_barrel
2007-06-26,DCOILWTICO,67.78,USD_per_barrel
2007-06-27,DCOILWTICO,68.98,USD_per_barrel
2007-06-28,DCOILWTICO,69.61,USD_per_barrel
2007-06-29,DCOILWTICO,70.47,USD_per_barrel
2007-07-02,DCOILWTICO,71.11,USD_per_barrel
2007-07-03,DCOILWTICO,71.41,USD_per_barrel
2007-07-05,DCOILWTICO,71.81,USD_per_barrel
2007-07-06,DCOILWTICO,72.8,USD_per_barrel
2007-07-09,DCOILWTICO,72.14,USD_per_barrel
2007-07-10,DCOILWTICO,72.8,USD_per_barrel
2007-07-11,DCOILWTICO,72.58,USD_per_barrel
2007-07-12,DCOILWTICO,72.55,USD_per_barrel
2007-07-13,DCOILWTICO,73.89,USD_per_barrel
2007-07-16,DCOILWTICO,74.11,USD_per_barrel
2007-07-17,DCOILWTICO,74.03,USD_per_barrel
2007-07-18,DCOILWTICO,75.03,USD_per_barrel
2007-07-19,DCOILWTICO,75.9,USD_per_barrel
2007-07-20,DCOILWTICO,75.53,USD_per_barrel
2007-07-23,DCOILWTICO,74.65,USD_per_barrel
2007-07-24,DCOILWTICO,73.38,USD_per_barrel
2007-07-25,DCOILWTICO,75.74,USD_per_barrel
2007-07-26,DCOILWTICO,74.96,USD_per_barrel
2007-07-27,DCOILWTICO,77.03,USD_per_barrel
2007-07-30,DCOILWTICO,76.82,USD_per_barrel
2007-07-31,DCOILWTICO,78.2,USD_per_barrel
2007-08-01,DCOILWTICO,76.49,USD_per_barrel
2007-08-02,DCOILWTICO,76.84,USD_per_barrel
2007-08-03,DCOILWTICO,75.41,USD_per_barrel
2007-08-06,DCOILWTICO,72.03,USD_per_barrel
2007-08-07,DCOILWTICO,72.25,USD_per_barrel
2007-08-08,DCOILWTICO,72.23,USD_per_barrel
2007-08-09,DCOILWTICO,71.62,USD_per_barrel
2007-08-10,DCOILWTICO,71.49,USD_per_barrel
2007-08-13,DCOILWTICO,71.6,USD_per_barrel
2007-08-14,DCOILWTICO,72.4,USD_per_barrel
2007-08-15,DCOILWTICO,73.36,USD_per_barrel
2007-08-16,DCOILWTICO,70.99,USD_per_barrel
2007-08-17,DCOILWTICO,71.9,USD_per_barrel
2007-08-20,DCOILWTICO,71.12,USD_per_barrel
2007-08-21,DCOILWTICO,69.49,USD_per_barrel
2007-08-22,DCOILWTICO,69.3,USD_per_barrel
2007-08-23,DCOILWTICO,69.86,USD_per_barrel
2007-08-24,DCOILWTICO,71.17,USD_per_barrel
2007-08-27,DCOILWTICO,71.98,USD_per_barrel
2007-08-28,DCOILWTICO,71.79,USD_per_barrel
2007-08-29,DCOILWTICO,73.52,USD_per_barrel
2007-08-30,DCOILWTICO,73.37,USD_per_barrel
2007-08-31,DCOILWTICO,73.98,USD_per_barrel
2007-09-04,DCOILWTICO,75.07,USD_per_barrel
2007-09-05,DCOILWTICO,75.74,USD_per_barrel
2007-09-06,DCOILWTICO,76.34,USD_per_barrel
2007-09-07,DCOILWTICO,76.7,USD_per_barrel
2007-09-10,DCOILWTICO,77.53,USD_per_barrel
2007-09-11,DCOILWTICO,78.16,USD_per_barrel
2007-09-12,DCOILWTICO,79.85,USD_per_barrel
2007-09-13,DCOILWTICO,80.05,USD_per_barrel
2007-09-14,DCOILWTICO,79.14,USD_per_barrel
2007-09-17,DCOILWTICO,80.55,USD_per_barrel
2007-09-18,DCOILWTICO,81.51,USD_per_barrel
2007-09-19,DCOILWTICO,81.99,USD_per_barrel
2007-09-20,DCOILWTICO,83.85,USD_per_barrel
2007-09-21,DCOILWTICO,83.38,USD_per_barrel
2007-09-24,DCOILWTICO,82.51,USD_per_barrel
2007-09-25,DCOILWTICO,81.2,USD_per_barrel
2007-09-26,DCOILWTICO,80.31,USD_per_barrel
2007-09-27,DCOILWTICO,82.86,USD_per_barrel
2007-09-28,DCOILWTICO,81.64,USD_per_barrel
2007-10-01,DCOILWTICO,80.31,USD_per_barrel
2007-10-02,DCOILWTICO,80.0,USD_per_barrel
2007-10-03,DCOILWTICO,79.97,USD_per_barrel
2007-10-04,DCOILWTICO,81.48,USD_per_barrel
2007-10-05,DCOILWTICO,81.2,USD_per_barrel
2007-10-08,DCOILWTICO,78.97,USD_per_barrel
2007-10-09,DCOILWTICO,80.23,USD_per_barrel
2007-10-10,DCOILWTICO,81.3,USD_per_barrel
2007-10-11,DCOILWTICO,83.05,USD_per_barrel
2007-10-12,DCOILWTICO,83.73,USD_per_barrel
2007-10-15,DCOILWTICO,86.19,USD_per_barrel
2007-10-16,DCOILWTICO,87.58,USD_per_barrel
2007-10-17,DCOILWTICO,87.19,USD_per_barrel
2007-10-18,DCOILWTICO,89.48,USD_per_barrel
2007-10-19,DCOILWTICO,88.58,USD_per_barrel
2007-10-22,DCOILWTICO,87.6,USD_per_barrel
2007-10-23,DCOILWTICO,86.45,USD_per_barrel
2007-10-24,DCOILWTICO,88.3,USD_per_barrel
2007-10-25,DCOILWTICO,92.09,USD_per_barrel
2007-10-26,DCOILWTICO,91.73,USD_per_barrel
2007-10-29,DCOILWTICO,93.45,USD_per_barrel
2007-10-30,DCOILWTICO,90.33,USD_per_barrel
2007-10-31,DCOILWTICO,94.16,USD_per_barrel
2007-11-01,DCOILWTICO,93.53,USD_per_barrel
2007-11-02,DCOILWTICO,95.81,USD_per_barrel
2007-11-05,DCOILWTICO,94.06,USD_per_barrel
2007-11-06,DCOILWTICO,96.65,USD_per_barrel
2007-11-07,DCOILWTICO,96.46,USD_per_barrel
2007-11-08,DCOILWTICO,95.51,USD_per_barrel
2007-11-09,DCOILWTICO,96.36,USD_per_barrel
2007-11-12,DCOILWTICO,94.4,USD_per_barrel
2007-11-13,DCOILWTICO,91.18,USD_per_barrel
2007-11-14,DCOILWTICO,94.02,USD_per_barrel
2007-11-15,DCOILWTICO,93.37,USD_per_barrel
2007-11-16,DCOILWTICO,94.81,USD_per_barrel
2007-11-19,DCOILWTICO,95.75,USD_per_barrel
2007-11-20,DCOILWTICO,99.16,USD_per_barrel
2007-11-21,DCOILWTICO,98.57,USD_per_barrel
2007-11-23,DCOILWTICO,98.24,USD_per_barrel
2007-11-26,DCOILWTICO,97.66,USD_per_barrel
2007-11-27,DCOILWTICO,94.39,USD_per_barrel
2007-11-28,DCOILWTICO,90.71,USD_per_barrel
2007-11-29,DCOILWTICO,90.98,USD_per_barrel
2007-11-30,DCOILWTICO,88.6,USD_per_barrel
2007-12-03,DCOILWTICO,89.29,USD_per_barrel
2007-12-04,DCOILWTICO,88.31,USD_per_barrel
2007-12-05,DCOILWTICO,87.45,USD_per_barrel
2007-12-06,DCOILWTICO,90.25,USD_per_barrel
2007-12-07,DCOILWTICO,88.23,USD_per_barrel
2007-12-10,DCOILWTICO,87.72,USD_per_barrel
2007-12-11,DCOILWTICO,90.12,USD_per_barrel
2007-12-12,DCOILWTICO,94.41,USD_per_barrel
2007-12-13,DCOILWTICO,92.35,USD_per_barrel
2007-12-14,DCOILWTICO,91.31,USD_per_barrel
2007-12-17,DCOILWTICO,90.69,USD_per_barrel
2007-12-18,DCOILWTICO,89.93,USD_per_barrel
2007-12-19,DCOILWTICO,91.11,USD_per_barrel
2007-12-20,DCOILWTICO,90.88,USD_per_barrel
2007-12-21,DCOILWTICO,93.19,USD_per_barrel
2007-12-24,DCOILWTICO,94.0,USD_per_barrel
2007-12-26,DCOILWTICO,95.89,USD_per_barrel
2007-12-27,DCOILWTICO,96.63,USD_per_barrel
2007-12-28,DCOILWTICO,96.03,USD_per_barrel
2007-12-31,DCOILWTICO,95.95,USD_per_barrel
2008-01-02,DCOILWTICO,99.64,USD_per_barrel
2008-01-03,DCOILWTICO,99.17,USD_per_barrel
2008-01-04,DCOILWTICO,97.9,USD_per_barrel
2008-01-07,DCOILWTICO,95.08,USD_per_barrel
2008-01-08,DCOILWTICO,96.43,USD_per_barrel
2008-01-09,DCOILWTICO,95.64,USD_per_barrel
2008-01-10,DCOILWTICO,93.92,USD_per_barrel
2008-01-11,DCOILWTICO,92.74,USD_per_barrel
2008-01-14,DCOILWTICO,94.23,USD_per_barrel
2008-01-15,DCOILWTICO,91.87,USD_per_barrel
2008-01-16,DCOILWTICO,90.8,USD_per_barrel
2008-01-17,DCOILWTICO,90.11,USD_per_barrel
2008-01-18,DCOILWTICO,90.55,USD_per_barrel
2008-01-22,DCOILWTICO,89.64,USD_per_barrel
2008-01-23,DCOILWTICO,87.65,USD_per_barrel
2008-01-24,DCOILWTICO,89.98,USD_per_barrel
2008-01-25,DCOILWTICO,90.37,USD_per_barrel
2008-01-28,DCOILWTICO,90.99,USD_per_barrel
2008-01-29,DCOILWTICO,91.66,USD_per_barrel
2008-01-30,DCOILWTICO,92.34,USD_per_barrel
2008-01-31,DCOILWTICO,91.67,USD_per_barrel
2008-02-01,DCOILWTICO,89.03,USD_per_barrel
2008-02-04,DCOILWTICO,90.07,USD_per_barrel
2008-02-05,DCOILWTICO,88.32,USD_per_barrel
2008-02-06,DCOILWTICO,87.16,USD_per_barrel
2008-02-07,DCOILWTICO,88.07,USD_per_barrel
2008-02-08,DCOILWTICO,91.77,USD_per_barrel
2008-02-11,DCOILWTICO,93.56,USD_per_barrel
2008-02-12,DCOILWTICO,92.82,USD_per_barrel
2008-02-13,DCOILWTICO,93.28,USD_per_barrel
2008-02-14,DCOILWTICO,95.42,USD_per_barrel
2008-02-15,DCOILWTICO,95.57,USD_per_barrel
2008-02-19,DCOILWTICO,99.99,USD_per_barrel
2008-02-20,DCOILWTICO,100.86,USD_per_barrel
2008-02-21,DCOILWTICO,98.57,USD_per_barrel
2008-02-22,DCOILWTICO,99.03,USD_per_barrel
2008-02-25,DCOILWTICO,99.4,USD_per_barrel
2008-02-26,DCOILWTICO,100.83,USD_per_barrel
2008-02-27,DCOILWTICO,99.59,USD_per_barrel
2008-02-28,DCOILWTICO,102.6,USD_per_barrel
2008-02-29,DCOILWTICO,101.78,USD_per_barrel
2008-03-03,DCOILWTICO,102.42,USD_per_barrel
2008-03-04,DCOILWTICO,99.72,USD_per_barrel
2008-03-05,DCOILWTICO,104.45,USD_per_barrel
2008-03-06,DCOILWTICO,105.51,USD_per_barrel
2008-03-07,DCOILWTICO,105.12,USD_per_barrel
2008-03-10,DCOILWTICO,107.9,USD_per_barrel
2008-03-11,DCOILWTICO,108.73,USD_per_barrel
2008-03-12,DCOILWTICO,109.86,USD_per_barrel
2008-03-13,DCOILWTICO,110.21,USD_per_barrel
2008-03-14,DCOILWTICO,110.03,USD_per_barrel
2008-03-17,DCOILWTICO,105.74,USD_per_barrel
2008-03-18,DCOILWTICO,109.57,USD_per_barrel
2008-03-19,DCOILWTICO,103.25,USD_per_barrel
2008-03-20,DCOILWTICO,102.57,USD_per_barrel
2008-03-24,DCOILWTICO,101.7,USD_per_barrel
2008-03-25,DCOILWTICO,101.78,USD_per_barrel
2008-03-26,DCOILWTICO,105.83,USD_per_barrel
2008-03-27,DCOILWTICO,107.56,USD_per_barrel
2008-03-28,DCOILWTICO,105.59,USD_per_barrel
2008-03-31,DCOILWTICO,101.54,USD_per_barrel
2008-04-01,DCOILWTICO,100.92,USD_per_barrel
2008-04-02,DCOILWTICO,104.83,USD_per_barrel
2008-04-03,DCOILWTICO,103.92,USD_per_barrel
2008-04-04,DCOILWTICO,106.09,USD_per_barrel
2008-04-07,DCOILWTICO,108.91,USD_per_barrel
2008-04-08,DCOILWTICO,108.54,USD_per_barrel
2008-04-09,DCOILWTICO,110.89,USD_per_barrel
2008-04-10,DCOILWTICO,110.07,USD_per_barrel
2008-04-11,DCOILWTICO,110.14,USD_per_barrel
2008-04-14,DCOILWTICO,111.71,USD_per_barrel
2008-04-15,DCOILWTICO,113.77,USD_per_barrel
2008-04-16,DCOILWTICO,114.8,USD_per_barrel
2008-04-17,DCOILWTICO,114.8,USD_per_barrel
2008-04-18,DCOILWTICO,116.56,USD_per_barrel
2008-04-21,DCOILWTICO,117.48,USD_per_barrel
2008-04-22,DCOILWTICO,119.17,USD_per_barrel
2008-04-23,DCOILWTICO,119.28,USD_per_barrel
2008-04-24,DCOILWTICO,117.1,USD_per_barrel
2008-04-25,DCOILWTICO,119.64,USD_per_barrel
2008-04-28,DCOILWTICO,118.78,USD_per_barrel
2008-04-29,DCOILWTICO,115.67,USD_per_barrel
2008-04-30,DCOILWTICO,113.7,USD_per_barrel
2008-05-01,DCOILWTICO,112.6,USD_per_barrel
2008-05-02,DCOILWTICO,116.36,USD_per_barrel
2008-05-05,DCOILWTICO,119.94,USD_per_barrel
2008-05-06,DCOILWTICO,121.82,USD_per_barrel
2008-05-07,DCOILWTICO,123.56,USD_per_barrel
2008-05-08,DCOILWTICO,123.77,USD_per_barrel
2008-05-09,DCOILWTICO,125.94,USD_per_barrel
2008-05-12,DCOILWTICO,124.02,USD_per_barrel
2008-05-13,DCOILWTICO,125.83,USD_per_barrel
2008-05-14,DCOILWTICO,124.21,USD_per_barrel
2008-05-15,DCOILWTICO,124.25,USD_per_barrel
2008-05-16,DCOILWTICO,126.5,USD_per_barrel
2008-05-19,DCOILWTICO,127.15,USD_per_barrel
2008-05-20,DCOILWTICO,128.93,USD_per_barrel
2008-05-21,DCOILWTICO,132.99,USD_per_barrel
2008-05-22,DCOILWTICO,130.04,USD_per_barrel
2008-05-23,DCOILWTICO,131.58,USD_per_barrel
2008-05-27,DCOILWTICO,128.81,USD_per_barrel
2008-05-28,DCOILWTICO,131.0,USD_per_barrel
2008-05-29,DCOILWTICO,126.7,USD_per_barrel
2008-05-30,DCOILWTICO,127.35,USD_per_barrel
2008-06-02,DCOILWTICO,127.75,USD_per_barrel
2008-06-03,DCOILWTICO,124.33,USD_per_barrel
2008-06-04,DCOILWTICO,122.3,USD_per_barrel
2008-06-05,DCOILWTICO,127.93,USD_per_barrel
2008-06-06,DCOILWTICO,138.51,USD_per_barrel
2008-06-09,DCOILWTICO,134.44,USD_per_barrel
2008-06-10,DCOILWTICO,131.38,USD_per_barrel
2008-06-11,DCOILWTICO,136.43,USD_per_barrel
2008-06-12,DCOILWTICO,136.91,USD_per_barrel
2008-06-13,DCOILWTICO,134.84,USD_per_barrel
2008-06-16,DCOILWTICO,134.52,USD_per_barrel
2008-06-17,DCOILWTICO,133.99,USD_per_barrel
2008-06-18,DCOILWTICO,136.54,USD_per_barrel
2008-06-19,DCOILWTICO,131.88,USD_per_barrel
2008-06-20,DCOILWTICO,134.78,USD_per_barrel
2008-06-23,DCOILWTICO,135.98,USD_per_barrel
2008-06-24,DCOILWTICO,136.49,USD_per_barrel
2008-06-25,DCOILWTICO,133.92,USD_per_barrel
2008-06-26,DCOILWTICO,138.91,USD_per_barrel
2008-06-27,DCOILWTICO,139.69,USD_per_barrel
2008-06-30,DCOILWTICO,139.96,USD_per_barrel
2008-07-01,DCOILWTICO,141.06,USD_per_barrel
2008-07-02,DCOILWTICO,143.74,USD_per_barrel
2008-07-03,DCOILWTICO,145.31,USD_per_barrel
2008-07-07,DCOILWTICO,141.38,USD_per_barrel
2008-07-08,DCOILWTICO,136.06,USD_per_barrel
2008-07-09,DCOILWTICO,135.88,USD_per_barrel
2008-07-10,DCOILWTICO,141.47,USD_per_barrel
2008-07-11,DCOILWTICO,144.96,USD_per_barrel
2008-07-14,DCOILWTICO,145.16,USD_per_barrel
2008-07-15,DCOILWTICO,138.68,USD_per_barrel
2008-07-16,DCOILWTICO,134.63,USD_per_barrel
2008-07-17,DCOILWTICO,129.43,USD_per_barrel
2008-07-18,DCOILWTICO,128.94,USD_per_barrel
2008-07-21,DCOILWTICO,131.43,USD_per_barrel
2008-07-22,DCOILWTICO,127.25,USD_per_barrel
2008-07-23,DCOILWTICO,123.73,USD_per_barrel
2008-07-24,DCOILWTICO,124.62,USD_per_barrel
2008-07-25,DCOILWTICO,122.59,USD_per_barrel
2008-07-28,DCOILWTICO,124.72,USD_per_barrel
2008-07-29,DCOILWTICO,122.21,USD_per_barrel
2008-07-30,DCOILWTICO,126.74,USD_per_barrel
2008-07-31,DCOILWTICO,124.17,USD_per_barrel
2008-08-01,DCOILWTICO,125.03,USD_per_barrel
2008-08-04,DCOILWTICO,121.45,USD_per_barrel
2008-08-05,DCOILWTICO,118.71,USD_per_barrel
2008-08-06,DCOILWTICO,118.57,USD_per_barrel
2008-08-07,DCOILWTICO,119.84,USD_per_barrel
2008-08-08,DCOILWTICO,115.42,USD_per_barrel
2008-08-11,DCOILWTICO,114.44,USD_per_barrel
2008-08-12,DCOILWTICO,113.1,USD_per_barrel
2008-08-13,DCOILWTICO,115.96,USD_per_barrel
2008-08-14,DCOILWTICO,115.05,USD_per_barrel
2008-08-15,DCOILWTICO,113.46,USD_per_barrel
2008-08-18,DCOILWTICO,112.92,USD_per_barrel
2008-08-19,DCOILWTICO,114.39,USD_per_barrel
2008-08-20,DCOILWTICO,115.48,USD_per_barrel
2008-08-21,DCOILWTICO,121.23,USD_per_barrel
2008-08-22,DCOILWTICO,114.48,USD_per_barrel
2008-08-25,DCOILWTICO,114.85,USD_per_barrel
2008-08-26,DCOILWTICO,116.31,USD_per_barrel
2008-08-27,DCOILWTICO,118.17,USD_per_barrel
2008-08-28,DCOILWTICO,115.58,USD_per_barrel
2008-08-29,DCOILWTICO,115.55,USD_per_barrel
2008-09-02,DCOILWTICO,109.63,USD_per_barrel
2008-09-03,DCOILWTICO,109.38,USD_per_barrel
2008-09-04,DCOILWTICO,107.99,USD_per_barrel
2008-09-05,DCOILWTICO,106.47,USD_per_barrel
2008-09-08,DCOILWTICO,106.35,USD_per_barrel
2008-09-09,DCOILWTICO,103.23,USD_per_barrel
2008-09-10,DCOILWTICO,102.66,USD_per_barrel
2008-09-11,DCOILWTICO,100.95,USD_per_barrel
2008-09-12,DCOILWTICO,101.19,USD_per_barrel
2008-09-15,DCOILWTICO,95.52,USD_per_barrel
2008-09-16,DCOILWTICO,91.49,USD_per_barrel
2008-09-17,DCOILWTICO,97.39,USD_per_barrel
2008-09-18,DCOILWTICO,97.5,USD_per_barrel
2008-09-19,DCOILWTICO,104.05,USD_per_barrel
2008-09-22,DCOILWTICO,122.61,USD_per_barrel
2008-09-23,DCOILWTICO,107.85,USD_per_barrel
2008-09-24,DCOILWTICO,106.84,USD_per_barrel
2008-09-25,DCOILWTICO,111.54,USD_per_barrel
2008-09-26,DCOILWTICO,106.77,USD_per_barrel
2008-09-29,DCOILWTICO,96.29,USD_per_barrel
2008-09-30,DCOILWTICO,100.7,USD_per_barrel
2008-10-01,DCOILWTICO,98.23,USD_per_barrel
2008-10-02,DCOILWTICO,93.84,USD_per_barrel
2008-10-03,DCOILWTICO,93.91,USD_per_barrel
2008-10-06,DCOILWTICO,88.15,USD_per_barrel
2008-10-07,DCOILWTICO,90.18,USD_per_barrel
2008-10-08,DCOILWTICO,88.94,USD_per_barrel
2008-10-09,DCOILWTICO,86.5,USD_per_barrel
2008-10-10,DCOILWTICO,77.44,USD_per_barrel
2008-10-13,DCOILWTICO,81.17,USD_per_barrel
2008-10-14,DCOILWTICO,78.69,USD_per_barrel
2008-10-15,DCOILWTICO,74.38,USD_per_barrel
2008-10-16,DCOILWTICO,69.81,USD_per_barrel
2008-10-17,DCOILWTICO,71.9,USD_per_barrel
2008-10-20,DCOILWTICO,74.08,USD_per_barrel
2008-10-21,DCOILWTICO,71.29,USD_per_barrel
2008-10-22,DCOILWTICO,66.92,USD_per_barrel
2008-10-23,DCOILWTICO,67.17,USD_per_barrel
2008-10-24,DCOILWTICO,63.34,USD_per_barrel
2008-10-27,DCOILWTICO,61.92,USD_per_barrel
2008-10-28,DCOILWTICO,62.8,USD_per_barrel
2008-10-29,DCOILWTICO,67.45,USD_per_barrel
2008-10-30,DCOILWTICO,65.79,USD_per_barrel
2008-10-31,DCOILWTICO,68.1,USD_per_barrel
2008-11-03,DCOILWTICO,63.93,USD_per_barrel
2008-11-04,DCOILWTICO,70.41,USD_per_barrel
2008-11-05,DCOILWTICO,65.41,USD_per_barrel
2008-11-06,DCOILWTICO,60.72,USD_per_barrel
2008-11-07,DCOILWTICO,61.06,USD_per_barrel
2008-11-10,DCOILWTICO,62.19,USD_per_barrel
2008-11-11,DCOILWTICO,59.38,USD_per_barrel
2008-11-12,DCOILWTICO,55.95,USD_per_barrel
2008-11-13,DCOILWTICO,58.31,USD_per_barrel
2008-11-14,DCOILWTICO,57.18,USD_per_barrel
2008-11-17,DCOILWTICO,55.14,USD_per_barrel
2008-11-18,DCOILWTICO,54.42,USD_per_barrel
2008-11-19,DCOILWTICO,53.64,USD_per_barrel
2008-11-20,DCOILWTICO,48.86,USD_per_barrel
2008-11-21,DCOILWTICO,49.22,USD_per_barrel
2008-11-24,DCOILWTICO,53.63,USD_per_barrel
2008-11-25,DCOILWTICO,50.02,USD_per_barrel
2008-11-26,DCOILWTICO,54.2,USD_per_barrel
2008-11-28,DCOILWTICO,55.21,USD_per_barrel
2008-12-01,DCOILWTICO,49.34,USD_per_barrel
2008-12-02,DCOILWTICO,47.05,USD_per_barrel
2008-12-03,DCOILWTICO,46.79,USD_per_barrel
2008-12-04,DCOILWTICO,43.8,USD_per_barrel
2008-12-05,DCOILWTICO,41.01,USD_per_barrel
2008-12-08,DCOILWTICO,43.69,USD_per_barrel
2008-12-09,DCOILWTICO,42.0,USD_per_barrel
2008-12-10,DCOILWTICO,43.1,USD_per_barrel
2008-12-11,DCOILWTICO,47.77,USD_per_barrel
2008-12-12,DCOILWTICO,46.27,USD_per_barrel
2008-12-15,DCOILWTICO,44.61,USD_per_barrel
2008-12-16,DCOILWTICO,43.84,USD_per_barrel
2008-12-17,DCOILWTICO,40.17,USD_per_barrel
2008-12-18,DCOILWTICO,36.73,USD_per_barrel
2008-12-19,DCOILWTICO,33.17,USD_per_barrel
2008-12-22,DCOILWTICO,31.1,USD_per_barrel
2008-12-23,DCOILWTICO,30.28,USD_per_barrel
2008-12-24,DCOILWTICO,32.94,USD_per_barrel
2008-12-26,DCOILWTICO,37.58,USD_per_barrel
2008-12-29,DCOILWTICO,39.89,USD_per_barrel
2008-12-30,DCOILWTICO,38.95,USD_per_barrel
2008-12-31,DCOILWTICO,44.6,USD_per_barrel
2009-01-02,DCOILWTICO,46.17,USD_per_barrel
2009-01-05,DCOILWTICO,48.61,USD_per_barrel
2009-01-06,DCOILWTICO,48.56,USD_per_barrel
2009-01-07,DCOILWTICO,42.75,USD_per_barrel
2009-01-08,DCOILWTICO,41.68,USD_per_barrel
2009-01-09,DCOILWTICO,40.69,USD_per_barrel
2009-01-12,DCOILWTICO,37.65,USD_per_barrel
2009-01-13,DCOILWTICO,37.77,USD_per_barrel
2009-01-14,DCOILWTICO,37.43,USD_per_barrel
2009-01-15,DCOILWTICO,35.41,USD_per_barrel
2009-01-16,DCOILWTICO,35.38,USD_per_barrel
2009-01-20,DCOILWTICO,38.57,USD_per_barrel
2009-01-21,DCOILWTICO,42.56,USD_per_barrel
2009-01-22,DCOILWTICO,42.33,USD_per_barrel
2009-01-23,DCOILWTICO,45.12,USD_per_barrel
2009-01-26,DCOILWTICO,46.5,USD_per_barrel
2009-01-27,DCOILWTICO,41.67,USD_per_barrel
2009-01-28,DCOILWTICO,42.04,USD_per_barrel
2009-01-29,DCOILWTICO,41.58,USD_per_barrel
2009-01-30,DCOILWTICO,41.73,USD_per_barrel
2009-02-02,DCOILWTICO,41.35,USD_per_barrel
2009-02-03,DCOILWTICO,40.87,USD_per_barrel
2009-02-04,DCOILWTICO,40.27,USD_per_barrel
2009-02-05,DCOILWTICO,41.15,USD_per_barrel
2009-02-06,DCOILWTICO,40.24,USD_per_barrel
2009-02-09,DCOILWTICO,39.58,USD_per_barrel
2009-02-10,DCOILWTICO,37.54,USD_per_barrel
2009-02-11,DCOILWTICO,35.93,USD_per_barrel
2009-02-12,DCOILWTICO,34.03,USD_per_barrel
2009-02-13,DCOILWTICO,37.63,USD_per_barrel
2009-02-17,DCOILWTICO,34.96,USD_per_barrel
2009-02-18,DCOILWTICO,34.67,USD_per_barrel
2009-02-19,DCOILWTICO,39.6,USD_per_barrel
2009-02-20,DCOILWTICO,39.35,USD_per_barrel
2009-02-23,DCOILWTICO,37.66,USD_per_barrel
2009-02-24,DCOILWTICO,38.86,USD_per_barrel
2009-02-25,DCOILWTICO,41.64,USD_per_barrel
2009-02-26,DCOILWTICO,43.18,USD_per_barrel
2009-02-27,DCOILWTICO,44.15,USD_per_barrel
2009-03-02,DCOILWTICO,40.07,USD_per_barrel
2009-03-03,DCOILWTICO,41.57,USD_per_barrel
2009-03-04,DCOILWTICO,45.28,USD_per_barrel
2009-03-05,DCOILWTICO,43.54,USD_per_barrel
2009-03-06,DCOILWTICO,45.43,USD_per_barrel
2009-03-09,DCOILWTICO,47.01,USD_per_barrel
2009-03-10,DCOILWTICO,45.68,USD_per_barrel
2009-03-11,DCOILWTICO,42.46,USD_per_barrel
2009-03-12,DCOILWTICO,46.91,USD_per_barrel
2009-03-13,DCOILWTICO,46.22,USD_per_barrel
2009-03-16,DCOILWTICO,47.33,USD_per_barrel
2009-03-17,DCOILWTICO,48.97,USD_per_barrel
2009-03-18,DCOILWTICO,48.12,USD_per_barrel
2009-03-19,DCOILWTICO,51.46,USD_per_barrel
2009-03-20,DCOILWTICO,51.55,USD_per_barrel
2009-03-23,DCOILWTICO,53.05,USD_per_barrel
2009-03-24,DCOILWTICO,53.36,USD_per_barrel
2009-03-25,DCOILWTICO,52.24,USD_per_barrel
2009-03-26,DCOILWTICO,53.87,USD_per_barrel
2009-03-27,DCOILWTICO,52.41,USD_per_barrel
2009-03-30,DCOILWTICO,48.49,USD_per_barrel
2009-03-31,DCOILWTICO,49.64,USD_per_barrel
2009-04-01,DCOILWTICO,48.46,USD_per_barrel
2009-04-02,DCOILWTICO,52.61,USD_per_barrel
2009-04-03,DCOILWTICO,52.52,USD_per_barrel
2009-04-06,DCOILWTICO,51.1,USD_per_barrel
2009-04-07,DCOILWTICO,49.13,USD_per_barrel
2009-04-08,DCOILWTICO,49.37,USD_per_barrel
2009-04-09,DCOILWTICO,52.24,USD_per_barrel
2009-04-13,DCOILWTICO,50.22,USD_per_barrel
2009-04-14,DCOILWTICO,49.51,USD_per_barrel
2009-04-15,DCOILWTICO,49.26,USD_per_barrel
2009-04-16,DCOILWTICO,49.97,USD_per_barrel
2009-04-17,DCOILWTICO,50.36,USD_per_barrel
2009-04-20,DCOILWTICO,45.82,USD_per_barrel
2009-04-21,DCOILWTICO,46.65,USD_per_barrel
2009-04-22,DCOILWTICO,47.41,USD_per_barrel
2009-04-23,DCOILWTICO,48.46,USD_per_barrel
2009-04-24,DCOILWTICO,50.65,USD_per_barrel
2009-04-27,DCOILWTICO,49.29,USD_per_barrel
2009-04-28,DCOILWTICO,49.01,USD_per_barrel
2009-04-29,DCOILWTICO,50.19,USD_per_barrel
2009-04-30,DCOILWTICO,50.35,USD_per_barrel
2009-05-01,DCOILWTICO,52.18,USD_per_barrel
2009-05-04,DCOILWTICO,54.45,USD_per_barrel
2009-05-05,DCOILWTICO,53.81,USD_per_barrel
2009-05-06,DCOILWTICO,56.29,USD_per_barrel
2009-05-07,DCOILWTICO,56.67,USD_per_barrel
2009-05-08,DCOILWTICO,58.58,USD_per_barrel
2009-05-11,DCOILWTICO,57.79,USD_per_barrel
2009-05-12,DCOILWTICO,58.81,USD_per_barrel
2009-05-13,DCOILWTICO,58.0,USD_per_barrel
2009-05-14,DCOILWTICO,58.58,USD_per_barrel
2009-05-15,DCOILWTICO,56.52,USD_per_barrel
2009-05-18,DCOILWTICO,58.99,USD_per_barrel
2009-05-19,DCOILWTICO,59.52,USD_per_barrel
2009-05-20,DCOILWTICO,61.45,USD_per_barrel
2009-05-21,DCOILWTICO,60.49,USD_per_barrel
2009-05-22,DCOILWTICO,61.15,USD_per_barrel
2009-05-26,DCOILWTICO,62.48,USD_per_barrel
2009-05-27,DCOILWTICO,63.41,USD_per_barrel
2009-05-28,DCOILWTICO,65.09,USD_per_barrel
2009-05-29,DCOILWTICO,66.31,USD_per_barrel
2009-06-01,DCOILWTICO,68.59,USD_per_barrel
2009-06-02,DCOILWTICO,68.58,USD_per_barrel
2009-06-03,DCOILWTICO,66.14,USD_per_barrel
2009-06-04,DCOILWTICO,68.8,USD_per_barrel
2009-06-05,DCOILWTICO,68.43,USD_per_barrel
2009-06-08,DCOILWTICO,68.05,USD_per_barrel
2009-06-09,DCOILWTICO,70.02,USD_per_barrel
2009-06-10,DCOILWTICO,71.38,USD_per_barrel
2009-06-11,DCOILWTICO,72.69,USD_per_barrel
2009-06-12,DCOILWTICO,72.13,USD_per_barrel
2009-06-15,DCOILWTICO,70.54,USD_per_barrel
2009-06-16,DCOILWTICO,70.47,USD_per_barrel
2009-06-17,DCOILWTICO,71.07,USD_per_barrel
2009-06-18,DCOILWTICO,71.42,USD_per_barrel
2009-06-19,DCOILWTICO,69.6,USD_per_barrel
2009-06-22,DCOILWTICO,67.09,USD_per_barrel
2009-06-23,DCOILWTICO,68.81,USD_per_barrel
2009-06-24,DCOILWTICO,68.14,USD_per_barrel
2009-06-25,DCOILWTICO,69.7,USD_per_barrel
2009-06-26,DCOILWTICO,69.16,USD_per_barrel
2009-06-29,DCOILWTICO,71.47,USD_per_barrel
2009-06-30,DCOILWTICO,69.82,USD_per_barrel
2009-07-01,DCOILWTICO,69.32,USD_per_barrel
2009-07-02,DCOILWTICO,66.68,USD_per_barrel
2009-07-06,DCOILWTICO,64.06,USD_per_barrel
2009-07-07,DCOILWTICO,62.88,USD_per_barrel
2009-07-08,DCOILWTICO,60.15,USD_per_barrel
2009-07-09,DCOILWTICO,60.36,USD_per_barrel
2009-07-10,DCOILWTICO,59.93,USD_per_barrel
2009-07-13,DCOILWTICO,59.69,USD_per_barrel
2009-07-14,DCOILWTICO,59.62,USD_per_barrel
2009-07-15,DCOILWTICO,61.49,USD_per_barrel
2009-07-16,DCOILWTICO,62.07,USD_per_barrel
2009-07-17,DCOILWTICO,63.56,USD_per_barrel
2009-07-20,DCOILWTICO,63.93,USD_per_barrel
2009-07-21,DCOILWTICO,64.81,USD_per_barrel
2009-07-22,DCOILWTICO,64.58,USD_per_barrel
2009-07-23,DCOILWTICO,66.1,USD_per_barrel
2009-07-24,DCOILWTICO,66.96,USD_per_barrel
2009-07-27,DCOILWTICO,68.34,USD_per_barrel
2009-07-28,DCOILWTICO,67.24,USD_per_barrel
2009-07-29,DCOILWTICO,63.42,USD_per_barrel
2009-07-30,DCOILWTICO,66.9,USD_per_barrel
2009-07-31,DCOILWTICO,69.26,USD_per_barrel
2009-08-03,DCOILWTICO,71.59,USD_per_barrel
2009-08-04,DCOILWTICO,71.4,USD_per_barrel
2009-08-05,DCOILWTICO,71.97,USD_per_barrel
2009-08-06,DCOILWTICO,71.96,USD_per_barrel
2009-08-07,DCOILWTICO,70.97,USD_per_barrel
2009-08-10,DCOILWTICO,70.59,USD_per_barrel
2009-08-11,DCOILWTICO,69.46,USD_per_barrel
2009-08-12,DCOILWTICO,70.08,USD_per_barrel
2009-08-13,DCOILWTICO,70.57,USD_per_barrel
2009-08-14,DCOILWTICO,67.51,USD_per_barrel
2009-08-17,DCOILWTICO,66.72,USD_per_barrel
2009-08-18,DCOILWTICO,69.22,USD_per_barrel
2009-08-19,DCOILWTICO,72.54,USD_per_barrel
2009-08-20,DCOILWTICO,72.4,USD_per_barrel
2009-08-21,DCOILWTICO,73.12,USD_per_barrel
2009-08-24,DCOILWTICO,73.68,USD_per_barrel
2009-08-25,DCOILWTICO,71.6,USD_per_barrel
2009-08-26,DCOILWTICO,71.38,USD_per_barrel
2009-08-27,DCOILWTICO,72.49,USD_per_barrel
2009-08-28,DCOILWTICO,72.72,USD_per_barrel
2009-08-31,DCOILWTICO,69.97,USD_per_barrel
2009-09-01,DCOILWTICO,68.11,USD_per_barrel
2009-09-02,DCOILWTICO,68.03,USD_per_barrel
2009-09-03,DCOILWTICO,67.9,USD_per_barrel
2009-09-04,DCOILWTICO,67.95,USD_per_barrel
2009-09-08,DCOILWTICO,71.08,USD_per_barrel
2009-09-09,DCOILWTICO,71.27,USD_per_barrel
2009-09-10,DCOILWTICO,71.95,USD_per_barrel
2009-09-11,DCOILWTICO,69.34,USD_per_barrel
2009-09-14,DCOILWTICO,68.86,USD_per_barrel
2009-09-15,DCOILWTICO,70.81,USD_per_barrel
2009-09-16,DCOILWTICO,72.5,USD_per_barrel
2009-09-17,DCOILWTICO,72.48,USD_per_barrel
2009-09-18,DCOILWTICO,71.95,USD_per_barrel
2009-09-21,DCOILWTICO,69.74,USD_per_barrel
2009-09-22,DCOILWTICO,71.5,USD_per_barrel
2009-09-23,DCOILWTICO,68.74,USD_per_barrel
2009-09-24,DCOILWTICO,65.74,USD_per_barrel
2009-09-25,DCOILWTICO,65.91,USD_per_barrel
2009-09-28,DCOILWTICO,66.69,USD_per_barrel
2009-09-29,DCOILWTICO,66.56,USD_per_barrel
2009-09-30,DCOILWTICO,70.46,USD_per_barrel
2009-10-01,DCOILWTICO,70.67,USD_per_barrel
2009-10-02,DCOILWTICO,69.8,USD_per_barrel
2009-10-05,DCOILWTICO,70.26,USD_per_barrel
2009-10-06,DCOILWTICO,70.71,USD_per_barrel
2009-10-07,DCOILWTICO,69.6,USD_per_barrel
2009-10-08,DCOILWTICO,71.69,USD_per_barrel
2009-10-09,DCOILWTICO,71.75,USD_per_barrel
2009-10-12,DCOILWTICO,73.24,USD_per_barrel
2009-10-13,DCOILWTICO,74.1,USD_per_barrel
2009-10-14,DCOILWTICO,75.2,USD_per_barrel
2009-10-15,DCOILWTICO,77.55,USD_per_barrel
2009-10-16,DCOILWTICO,78.54,USD_per_barrel
2009-10-19,DCOILWTICO,79.47,USD_per_barrel
2009-10-20,DCOILWTICO,78.87,USD_per_barrel
2009-10-21,DCOILWTICO,81.03,USD_per_barrel
2009-10-22,DCOILWTICO,80.82,USD_per_barrel
2009-10-23,DCOILWTICO,80.11,USD_per_barrel
2009-10-26,DCOILWTICO,78.61,USD_per_barrel
2009-10-27,DCOILWTICO,79.45,USD_per_barrel
2009-10-28,DCOILWTICO,77.39,USD_per_barrel
2009-10-29,DCOILWTICO,79.84,USD_per_barrel
2009-10-30,DCOILWTICO,77.04,USD_per_barrel
2009-11-02,DCOILWTICO,78.08,USD_per_barrel
2009-11-03,DCOILWTICO,79.58,USD_per_barrel
2009-11-04,DCOILWTICO,80.3,USD_per_barrel
2009-11-05,DCOILWTICO,79.64,USD_per_barrel
2009-11-06,DCOILWTICO,77.4,USD_per_barrel
2009-11-09,DCOILWTICO,79.44,USD_per_barrel
2009-11-10,DCOILWTICO,79.01,USD_per_barrel
2009-11-11,DCOILWTICO,79.16,USD_per_barrel
2009-11-12,DCOILWTICO,77.25,USD_per_barrel
2009-11-13,DCOILWTICO,76.34,USD_per_barrel
2009-11-16,DCOILWTICO,78.91,USD_per_barrel
2009-11-17,DCOILWTICO,79.08,USD_per_barrel
2009-11-18,DCOILWTICO,79.55,USD_per_barrel
2009-11-19,DCOILWTICO,77.47,USD_per_barrel
2009-11-20,DCOILWTICO,76.83,USD_per_barrel
2009-11-23,DCOILWTICO,76.49,USD_per_barrel
2009-11-24,DCOILWTICO,74.88,USD_per_barrel
2009-11-25,DCOILWTICO,77.25,USD_per_barrel
2009-11-27,DCOILWTICO,75.95,USD_per_barrel
2009-11-30,DCOILWTICO,77.19,USD_per_barrel
2009-12-01,DCOILWTICO,78.39,USD_per_barrel
2009-12-02,DCOILWTICO,76.62,USD_per_barrel
2009-12-03,DCOILWTICO,76.42,USD_per_barrel
2009-12-04,DCOILWTICO,75.41,USD_per_barrel
2009-12-07,DCOILWTICO,73.89,USD_per_barrel
2009-12-08,DCOILWTICO,72.59,USD_per_barrel
2009-12-09,DCOILWTICO,70.67,USD_per_barrel
2009-12-10,DCOILWTICO,70.54,USD_per_barrel
2009-12-11,DCOILWTICO,69.86,USD_per_barrel
2009-12-14,DCOILWTICO,69.48,USD_per_barrel
2009-12-15,DCOILWTICO,70.62,USD_per_barrel
2009-12-16,DCOILWTICO,72.64,USD_per_barrel
2009-12-17,DCOILWTICO,72.58,USD_per_barrel
2009-12-18,DCOILWTICO,73.3,USD_per_barrel
2009-12-21,DCOILWTICO,72.71,USD_per_barrel
2009-12-22,DCOILWTICO,73.48,USD_per_barrel
2009-12-23,DCOILWTICO,76.03,USD_per_barrel
2009-12-24,DCOILWTICO,76.83,USD_per_barrel
2009-12-28,DCOILWTICO,78.67,USD_per_barrel
2009-12-29,DCOILWTICO,78.87,USD_per_barrel
2009-12-30,DCOILWTICO,79.35,USD_per_barrel
2009-12-31,DCOILWTICO,79.39,USD_per_barrel
2010-01-04,DCOILWTICO,81.52,USD_per_barrel
2010-01-05,DCOILWTICO,81.74,USD_per_barrel
2010-01-06,DCOILWTICO,83.12,USD_per_barrel
2010-01-07,DCOILWTICO,82.6,USD_per_barrel
2010-01-08,DCOILWTICO,82.74,USD_per_barrel
2010-01-11,DCOILWTICO,82.54,USD_per_barrel
2010-01-12,DCOILWTICO,80.79,USD_per_barrel
2010-01-13,DCOILWTICO,79.66,USD_per_barrel
2010-01-14,DCOILWTICO,79.35,USD_per_barrel
2010-01-15,DCOILWTICO,77.96,USD_per_barrel
2010-01-19,DCOILWTICO,78.98,USD_per_barrel
2010-01-20,DCOILWTICO,77.42,USD_per_barrel
2010-01-21,DCOILWTICO,75.84,USD_per_barrel
2010-01-22,DCOILWTICO,74.25,USD_per_barrel
2010-01-25,DCOILWTICO,74.9,USD_per_barrel
2010-01-26,DCOILWTICO,74.67,USD_per_barrel
2010-01-27,DCOILWTICO,73.64,USD_per_barrel
2010-01-28,DCOILWTICO,73.62,USD_per_barrel
2010-01-29,DCOILWTICO,72.85,USD_per_barrel
2010-02-01,DCOILWTICO,74.41,USD_per_barrel
2010-02-02,DCOILWTICO,77.21,USD_per_barrel
2010-02-03,DCOILWTICO,76.96,USD_per_barrel
2010-02-04,DCOILWTICO,73.13,USD_per_barrel
2010-02-05,DCOILWTICO,71.15,USD_per_barrel
2010-02-08,DCOILWTICO,71.87,USD_per_barrel
2010-02-09,DCOILWTICO,73.71,USD_per_barrel
2010-02-10,DCOILWTICO,74.48,USD_per_barrel
2010-02-11,DCOILWTICO,75.23,USD_per_barrel
2010-02-12,DCOILWTICO,74.11,USD_per_barrel
2010-02-16,DCOILWTICO,76.98,USD_per_barrel
2010-02-17,DCOILWTICO,77.27,USD_per_barrel
2010-02-18,DCOILWTICO,78.97,USD_per_barrel
2010-02-19,DCOILWTICO,79.77,USD_per_barrel
2010-02-22,DCOILWTICO,80.04,USD_per_barrel
2010-02-23,DCOILWTICO,78.61,USD_per_barrel
2010-02-24,DCOILWTICO,79.75,USD_per_barrel
2010-02-25,DCOILWTICO,77.99,USD_per_barrel
2010-02-26,DCOILWTICO,79.72,USD_per_barrel
2010-03-01,DCOILWTICO,78.71,USD_per_barrel
2010-03-02,DCOILWTICO,79.62,USD_per_barrel
2010-03-03,DCOILWTICO,80.91,USD_per_barrel
2010-03-04,DCOILWTICO,80.21,USD_per_barrel
2010-03-05,DCOILWTICO,81.5,USD_per_barrel
2010-03-08,DCOILWTICO,81.85,USD_per_barrel
2010-03-09,DCOILWTICO,81.5,USD_per_barrel
2010-03-10,DCOILWTICO,82.07,USD_per_barrel
2010-03-11,DCOILWTICO,82.1,USD_per_barrel
2010-03-12,DCOILWTICO,81.26,USD_per_barrel
2010-03-15,DCOILWTICO,79.79,USD_per_barrel
2010-03-16,DCOILWTICO,81.75,USD_per_barrel
2010-03-17,DCOILWTICO,82.93,USD_per_barrel
2010-03-18,DCOILWTICO,82.16,USD_per_barrel
2010-03-19,DCOILWTICO,80.58,USD_per_barrel
2010-03-22,DCOILWTICO,81.26,USD_per_barrel
2010-03-23,DCOILWTICO,81.68,USD_per_barrel
2010-03-24,DCOILWTICO,80.29,USD_per_barrel
2010-03-25,DCOILWTICO,80.25,USD_per_barrel
2010-03-26,DCOILWTICO,79.75,USD_per_barrel
2010-03-29,DCOILWTICO,81.92,USD_per_barrel
2010-03-30,DCOILWTICO,82.14,USD_per_barrel
2010-03-31,DCOILWTICO,83.45,USD_per_barrel
2010-04-01,DCOILWTICO,84.53,USD_per_barrel
2010-04-05,DCOILWTICO,86.36,USD_per_barrel
2010-04-06,DCOILWTICO,86.54,USD_per_barrel
2010-04-07,DCOILWTICO,85.64,USD_per_barrel
2010-04-08,DCOILWTICO,85.17,USD_per_barrel
2010-04-09,DCOILWTICO,84.6,USD_per_barrel
2010-04-12,DCOILWTICO,84.07,USD_per_barrel
2010-04-13,DCOILWTICO,83.8,USD_per_barrel
2010-04-14,DCOILWTICO,85.62,USD_per_barrel
2010-04-15,DCOILWTICO,85.25,USD_per_barrel
2010-04-16,DCOILWTICO,82.97,USD_per_barrel
2010-04-19,DCOILWTICO,81.52,USD_per_barrel
2010-04-20,DCOILWTICO,82.98,USD_per_barrel
2010-04-21,DCOILWTICO,82.78,USD_per_barrel
2010-04-22,DCOILWTICO,82.89,USD_per_barrel
2010-04-23,DCOILWTICO,84.34,USD_per_barrel
2010-04-26,DCOILWTICO,84.2,USD_per_barrel
2010-04-27,DCOILWTICO,82.43,USD_per_barrel
2010-04-28,DCOILWTICO,83.22,USD_per_barrel
2010-04-29,DCOILWTICO,85.17,USD_per_barrel
2010-04-30,DCOILWTICO,86.07,USD_per_barrel
2010-05-03,DCOILWTICO,86.19,USD_per_barrel
2010-05-04,DCOILWTICO,82.73,USD_per_barrel
2010-05-05,DCOILWTICO,80.0,USD_per_barrel
2010-05-06,DCOILWTICO,77.18,USD_per_barrel
2010-05-07,DCOILWTICO,75.1,USD_per_barrel
2010-05-10,DCOILWTICO,76.89,USD_per_barrel
2010-05-11,DCOILWTICO,76.37,USD_per_barrel
2010-05-12,DCOILWTICO,75.65,USD_per_barrel
2010-05-13,DCOILWTICO,74.38,USD_per_barrel
2010-05-14,DCOILWTICO,71.61,USD_per_barrel
2010-05-17,DCOILWTICO,70.08,USD_per_barrel
2010-05-18,DCOILWTICO,69.38,USD_per_barrel
2010-05-19,DCOILWTICO,69.91,USD_per_barrel
2010-05-20,DCOILWTICO,68.28,USD_per_barrel
2010-05-21,DCOILWTICO,68.03,USD_per_barrel
2010-05-24,DCOILWTICO,68.23,USD_per_barrel
2010-05-25,DCOILWTICO,64.78,USD_per_barrel
2010-05-26,DCOILWTICO,71.52,USD_per_barrel
2010-05-27,DCOILWTICO,74.56,USD_per_barrel
2010-05-28,DCOILWTICO,74.0,USD_per_barrel
2010-06-01,DCOILWTICO,72.7,USD_per_barrel
2010-06-02,DCOILWTICO,72.88,USD_per_barrel
2010-06-03,DCOILWTICO,74.62,USD_per_barrel
2010-06-04,DCOILWTICO,71.43,USD_per_barrel
2010-06-07,DCOILWTICO,71.55,USD_per_barrel
2010-06-08,DCOILWTICO,71.88,USD_per_barrel
2010-06-09,DCOILWTICO,74.38,USD_per_barrel
2010-06-10,DCOILWTICO,75.48,USD_per_barrel
2010-06-11,DCOILWTICO,73.89,USD_per_barrel
2010-06-14,DCOILWTICO,74.99,USD_per_barrel
2010-06-15,DCOILWTICO,76.84,USD_per_barrel
2010-06-16,DCOILWTICO,77.67,USD_per_barrel
2010-06-17,DCOILWTICO,76.82,USD_per_barrel
2010-06-18,DCOILWTICO,77.18,USD_per_barrel
2010-06-21,DCOILWTICO,77.84,USD_per_barrel
2010-06-22,DCOILWTICO,77.15,USD_per_barrel
2010-06-23,DCOILWTICO,75.9,USD_per_barrel
2010-06-24,DCOILWTICO,75.96,USD_per_barrel
2010-06-25,DCOILWTICO,78.45,USD_per_barrel
2010-06-28,DCOILWTICO,78.26,USD_per_barrel
2010-06-29,DCOILWTICO,75.93,USD_per_barrel
2010-06-30,DCOILWTICO,75.59,USD_per_barrel
2010-07-01,DCOILWTICO,72.95,USD_per_barrel
2010-07-02,DCOILWTICO,72.06,USD_per_barrel
2010-07-06,DCOILWTICO,71.96,USD_per_barrel
2010-07-07,DCOILWTICO,74.05,USD_per_barrel
2010-07-08,DCOILWTICO,75.46,USD_per_barrel
2010-07-09,DCOILWTICO,76.08,USD_per_barrel
2010-07-12,DCOILWTICO,74.93,USD_per_barrel
2010-07-13,DCOILWTICO,77.16,USD_per_barrel
2010-07-14,DCOILWTICO,77.02,USD_per_barrel
2010-07-15,DCOILWTICO,76.67,USD_per_barrel
2010-07-16,DCOILWTICO,75.96,USD_per_barrel
2010-07-19,DCOILWTICO,76.53,USD_per_barrel
2010-07-20,DCOILWTICO,77.32,USD_per_barrel
2010-07-21,DCOILWTICO,76.27,USD_per_barrel
2010-07-22,DCOILWTICO,79.01,USD_per_barrel
2010-07-23,DCOILWTICO,78.68,USD_per_barrel
2010-07-26,DCOILWTICO,78.93,USD_per_barrel
2010-07-27,DCOILWTICO,77.46,USD_per_barrel
2010-07-28,DCOILWTICO,77.06,USD_per_barrel
2010-07-29,DCOILWTICO,78.3,USD_per_barrel
2010-07-30,DCOILWTICO,78.85,USD_per_barrel
2010-08-02,DCOILWTICO,81.25,USD_per_barrel
2010-08-03,DCOILWTICO,82.52,USD_per_barrel
2010-08-04,DCOILWTICO,82.49,USD_per_barrel
2010-08-05,DCOILWTICO,82.0,USD_per_barrel
2010-08-06,DCOILWTICO,80.67,USD_per_barrel
2010-08-09,DCOILWTICO,81.46,USD_per_barrel
2010-08-10,DCOILWTICO,80.24,USD_per_barrel
2010-08-11,DCOILWTICO,78.09,USD_per_barrel
2010-08-12,DCOILWTICO,75.68,USD_per_barrel
2010-08-13,DCOILWTICO,75.39,USD_per_barrel
2010-08-16,DCOILWTICO,75.17,USD_per_barrel
2010-08-17,DCOILWTICO,75.76,USD_per_barrel
2010-08-18,DCOILWTICO,75.39,USD_per_barrel
2010-08-19,DCOILWTICO,74.45,USD_per_barrel
2010-08-20,DCOILWTICO,73.45,USD_per_barrel
2010-08-23,DCOILWTICO,72.71,USD_per_barrel
2010-08-24,DCOILWTICO,71.24,USD_per_barrel
2010-08-25,DCOILWTICO,72.07,USD_per_barrel
2010-08-26,DCOILWTICO,73.36,USD_per_barrel
2010-08-27,DCOILWTICO,75.17,USD_per_barrel
2010-08-30,DCOILWTICO,74.69,USD_per_barrel
2010-08-31,DCOILWTICO,71.93,USD_per_barrel
2010-09-01,DCOILWTICO,73.97,USD_per_barrel
2010-09-02,DCOILWTICO,74.99,USD_per_barrel
2010-09-03,DCOILWTICO,74.52,USD_per_barrel
2010-09-07,DCOILWTICO,73.98,USD_per_barrel
2010-09-08,DCOILWTICO,74.65,USD_per_barrel
2010-09-09,DCOILWTICO,74.25,USD_per_barrel
2010-09-10,DCOILWTICO,76.4,USD_per_barrel
2010-09-13,DCOILWTICO,77.17,USD_per_barrel
2010-09-14,DCOILWTICO,76.78,USD_per_barrel
2010-09-15,DCOILWTICO,75.92,USD_per_barrel
2010-09-16,DCOILWTICO,74.58,USD_per_barrel
2010-09-17,DCOILWTICO,73.63,USD_per_barrel
2010-09-20,DCOILWTICO,74.81,USD_per_barrel
2010-09-21,DCOILWTICO,72.96,USD_per_barrel
2010-09-22,DCOILWTICO,72.98,USD_per_barrel
2010-09-23,DCOILWTICO,73.4,USD_per_barrel
2010-09-24,DCOILWTICO,74.63,USD_per_barrel
2010-09-27,DCOILWTICO,76.51,USD_per_barrel
2010-09-28,DCOILWTICO,76.15,USD_per_barrel
2010-09-29,DCOILWTICO,77.85,USD_per_barrel
2010-09-30,DCOILWTICO,79.95,USD_per_barrel
2010-10-01,DCOILWTICO,81.57,USD_per_barrel
2010-10-04,DCOILWTICO,81.43,USD_per_barrel
2010-10-05,DCOILWTICO,82.83,USD_per_barrel
2010-10-06,DCOILWTICO,83.21,USD_per_barrel
2010-10-07,DCOILWTICO,81.34,USD_per_barrel
2010-10-08,DCOILWTICO,82.66,USD_per_barrel
2010-10-11,DCOILWTICO,82.18,USD_per_barrel
2010-10-12,DCOILWTICO,81.67,USD_per_barrel
2010-10-13,DCOILWTICO,83.03,USD_per_barrel
2010-10-14,DCOILWTICO,82.71,USD_per_barrel
2010-10-15,DCOILWTICO,81.23,USD_per_barrel
2010-10-18,DCOILWTICO,83.06,USD_per_barrel
2010-10-19,DCOILWTICO,79.57,USD_per_barrel
2010-10-20,DCOILWTICO,81.93,USD_per_barrel
2010-10-21,DCOILWTICO,80.03,USD_per_barrel
2010-10-22,DCOILWTICO,81.15,USD_per_barrel
2010-10-25,DCOILWTICO,82.0,USD_per_barrel
2010-10-26,DCOILWTICO,82.6,USD_per_barrel
2010-10-27,DCOILWTICO,81.9,USD_per_barrel
2010-10-28,DCOILWTICO,82.2,USD_per_barrel
2010-10-29,DCOILWTICO,81.45,USD_per_barrel
2010-11-01,DCOILWTICO,82.94,USD_per_barrel
2010-11-02,DCOILWTICO,83.91,USD_per_barrel
2010-11-03,DCOILWTICO,84.45,USD_per_barrel
2010-11-04,DCOILWTICO,86.49,USD_per_barrel
2010-11-05,DCOILWTICO,86.85,USD_per_barrel
2010-11-08,DCOILWTICO,87.07,USD_per_barrel
2010-11-09,DCOILWTICO,87.04,USD_per_barrel
2010-11-10,DCOILWTICO,87.77,USD_per_barrel
2010-11-11,DCOILWTICO,87.77,USD_per_barrel
2010-11-12,DCOILWTICO,84.89,USD_per_barrel
2010-11-15,DCOILWTICO,84.88,USD_per_barrel
2010-11-16,DCOILWTICO,82.33,USD_per_barrel
2010-11-17,DCOILWTICO,80.43,USD_per_barrel
2010-11-18,DCOILWTICO,81.88,USD_per_barrel
2010-11-19,DCOILWTICO,81.65,USD_per_barrel
2010-11-22,DCOILWTICO,81.24,USD_per_barrel
2010-11-23,DCOILWTICO,80.79,USD_per_barrel
2010-11-24,DCOILWTICO,83.21,USD_per_barrel
2010-11-26,DCOILWTICO,83.87,USD_per_barrel
2010-11-29,DCOILWTICO,85.73,USD_per_barrel
2010-11-30,DCOILWTICO,84.12,USD_per_barrel
2010-12-01,DCOILWTICO,86.75,USD_per_barrel
2010-12-02,DCOILWTICO,87.98,USD_per_barrel
2010-12-03,DCOILWTICO,89.18,USD_per_barrel
2010-12-06,DCOILWTICO,89.33,USD_per_barrel
2010-12-07,DCOILWTICO,88.69,USD_per_barrel
2010-12-08,DCOILWTICO,88.3,USD_per_barrel
2010-12-09,DCOILWTICO,88.35,USD_per_barrel
2010-12-10,DCOILWTICO,87.81,USD_per_barrel
2010-12-13,DCOILWTICO,88.62,USD_per_barrel
2010-12-14,DCOILWTICO,88.33,USD_per_barrel
2010-12-15,DCOILWTICO,88.66,USD_per_barrel
2010-12-16,DCOILWTICO,87.71,USD_per_barrel
2010-12-17,DCOILWTICO,88.02,USD_per_barrel
2010-12-20,DCOILWTICO,88.68,USD_per_barrel
2010-12-21,DCOILWTICO,89.3,USD_per_barrel
2010-12-22,DCOILWTICO,89.83,USD_per_barrel
2010-12-23,DCOILWTICO,90.84,USD_per_barrel
2010-12-27,DCOILWTICO,90.99,USD_per_barrel
2010-12-28,DCOILWTICO,91.48,USD_per_barrel
2010-12-29,DCOILWTICO,91.13,USD_per_barrel
2010-12-30,DCOILWTICO,89.85,USD_per_barrel
2010-12-31,DCOILWTICO,91.38,USD_per_barrel
2011-01-03,DCOILWTICO,91.59,USD_per_barrel
2011-01-04,DCOILWTICO,89.39,USD_per_barrel
2011-01-05,DCOILWTICO,90.3,USD_per_barrel
2011-01-06,DCOILWTICO,88.37,USD_per_barrel
2011-01-07,DCOILWTICO,88.07,USD_per_barrel
2011-01-10,DCOILWTICO,89.24,USD_per_barrel
2011-01-11,DCOILWTICO,91.11,USD_per_barrel
2011-01-12,DCOILWTICO,91.85,USD_per_barrel
2011-01-13,DCOILWTICO,91.39,USD_per_barrel
2011-01-14,DCOILWTICO,91.53,USD_per_barrel
2011-01-18,DCOILWTICO,91.38,USD_per_barrel
2011-01-19,DCOILWTICO,90.85,USD_per_barrel
2011-01-20,DCOILWTICO,88.56,USD_per_barrel
2011-01-21,DCOILWTICO,88.22,USD_per_barrel
2011-01-24,DCOILWTICO,86.74,USD_per_barrel
2011-01-25,DCOILWTICO,85.08,USD_per_barrel
2011-01-26,DCOILWTICO,86.15,USD_per_barrel
2011-01-27,DCOILWTICO,84.45,USD_per_barrel
2011-01-28,DCOILWTICO,88.15,USD_per_barrel
2011-01-31,DCOILWTICO,90.99,USD_per_barrel
2011-02-01,DCOILWTICO,89.54,USD_per_barrel
2011-02-02,DCOILWTICO,89.78,USD_per_barrel
2011-02-03,DCOILWTICO,89.42,USD_per_barrel
2011-02-04,DCOILWTICO,87.87,USD_per_barrel
2011-02-07,DCOILWTICO,86.3,USD_per_barrel
2011-02-08,DCOILWTICO,85.85,USD_per_barrel
2011-02-09,DCOILWTICO,85.59,USD_per_barrel
2011-02-10,DCOILWTICO,85.44,USD_per_barrel
2011-02-11,DCOILWTICO,84.39,USD_per_barrel
2011-02-14,DCOILWTICO,83.66,USD_per_barrel
2011-02-15,DCOILWTICO,83.13,USD_per_barrel
2011-02-16,DCOILWTICO,83.8,USD_per_barrel
2011-02-17,DCOILWTICO,85.05,USD_per_barrel
2011-02-18,DCOILWTICO,85.03,USD_per_barrel
2011-02-22,DCOILWTICO,92.65,USD_per_barrel
2011-02-23,DCOILWTICO,96.04,USD_per_barrel
2011-02-24,DCOILWTICO,95.83,USD_per_barrel
2011-02-25,DCOILWTICO,96.52,USD_per_barrel
2011-02-28,DCOILWTICO,97.1,USD_per_barrel
2011-03-01,DCOILWTICO,99.63,USD_per_barrel
2011-03-02,DCOILWTICO,102.27,USD_per_barrel
2011-03-03,DCOILWTICO,101.92,USD_per_barrel
2011-03-04,DCOILWTICO,104.34,USD_per_barrel
2011-03-07,DCOILWTICO,105.37,USD_per_barrel
2011-03-08,DCOILWTICO,105.06,USD_per_barrel
2011-03-09,DCOILWTICO,104.39,USD_per_barrel
2011-03-10,DCOILWTICO,102.73,USD_per_barrel
2011-03-11,DCOILWTICO,101.14,USD_per_barrel
2011-03-14,DCOILWTICO,101.2,USD_per_barrel
2011-03-15,DCOILWTICO,97.23,USD_per_barrel
2011-03-16,DCOILWTICO,97.99,USD_per_barrel
2011-03-17,DCOILWTICO,101.47,USD_per_barrel
2011-03-18,DCOILWTICO,101.06,USD_per_barrel
2011-03-21,DCOILWTICO,102.36,USD_per_barrel
2011-03-22,DCOILWTICO,104.53,USD_per_barrel
2011-03-23,DCOILWTICO,105.21,USD_per_barrel
2011-03-24,DCOILWTICO,105.04,USD_per_barrel
2011-03-25,DCOILWTICO,104.89,USD_per_barrel
2011-03-28,DCOILWTICO,103.54,USD_per_barrel
2011-03-29,DCOILWTICO,104.34,USD_per_barrel
2011-03-30,DCOILWTICO,103.8,USD_per_barrel
2011-03-31,DCOILWTICO,106.19,USD_per_barrel
2011-04-01,DCOILWTICO,107.55,USD_per_barrel
2011-04-04,DCOILWTICO,108.14,USD_per_barrel
2011-04-05,DCOILWTICO,107.82,USD_per_barrel
2011-04-06,DCOILWTICO,108.38,USD_per_barrel
2011-04-07,DCOILWTICO,109.82,USD_per_barrel
2011-04-08,DCOILWTICO,112.27,USD_per_barrel
2011-04-11,DCOILWTICO,109.5,USD_per_barrel
2011-04-12,DCOILWTICO,105.75,USD_per_barrel
2011-04-13,DCOILWTICO,106.6,USD_per_barrel
2011-04-14,DCOILWTICO,107.73,USD_per_barrel
2011-04-15,DCOILWTICO,109.17,USD_per_barrel
2011-04-18,DCOILWTICO,106.7,USD_per_barrel
2011-04-19,DCOILWTICO,107.18,USD_per_barrel
2011-04-20,DCOILWTICO,110.84,USD_per_barrel
2011-04-21,DCOILWTICO,111.72,USD_per_barrel
2011-04-25,DCOILWTICO,111.68,USD_per_barrel
2011-04-26,DCOILWTICO,111.72,USD_per_barrel
2011-04-27,DCOILWTICO,112.31,USD_per_barrel
2011-04-28,DCOILWTICO,112.38,USD_per_barrel
2011-04-29,DCOILWTICO,113.39,USD_per_barrel
2011-05-02,DCOILWTICO,113.03,USD_per_barrel
2011-05-03,DCOILWTICO,110.6,USD_per_barrel
2011-05-04,DCOILWTICO,108.79,USD_per_barrel
2011-05-05,DCOILWTICO,99.89,USD_per_barrel
2011-05-06,DCOILWTICO,96.87,USD_per_barrel
2011-05-09,DCOILWTICO,100.32,USD_per_barrel
2011-05-10,DCOILWTICO,103.39,USD_per_barrel
2011-05-11,DCOILWTICO,97.88,USD_per_barrel
2011-05-12,DCOILWTICO,98.53,USD_per_barrel
2011-05-13,DCOILWTICO,99.21,USD_per_barrel
2011-05-16,DCOILWTICO,96.91,USD_per_barrel
2011-05-17,DCOILWTICO,96.4,USD_per_barrel
2011-05-18,DCOILWTICO,99.52,USD_per_barrel
2011-05-19,DCOILWTICO,97.99,USD_per_barrel
2011-05-20,DCOILWTICO,99.15,USD_per_barrel
2011-05-23,DCOILWTICO,97.06,USD_per_barrel
2011-05-24,DCOILWTICO,99.13,USD_per_barrel
2011-05-25,DCOILWTICO,100.78,USD_per_barrel
2011-05-26,DCOILWTICO,100.18,USD_per_barrel
2011-05-27,DCOILWTICO,100.58,USD_per_barrel
2011-05-31,DCOILWTICO,102.7,USD_per_barrel
2011-06-01,DCOILWTICO,100.3,USD_per_barrel
2011-06-02,DCOILWTICO,100.41,USD_per_barrel
2011-06-03,DCOILWTICO,100.28,USD_per_barrel
2011-06-06,DCOILWTICO,99.07,USD_per_barrel
2011-06-07,DCOILWTICO,99.18,USD_per_barrel
2011-06-08,DCOILWTICO,100.77,USD_per_barrel
2011-06-09,DCOILWTICO,101.95,USD_per_barrel
2011-06-10,DCOILWTICO,99.3,USD_per_barrel
2011-06-13,DCOILWTICO,97.2,USD_per_barrel
2011-06-14,DCOILWTICO,99.37,USD_per_barrel
2011-06-15,DCOILWTICO,94.83,USD_per_barrel
2011-06-16,DCOILWTICO,94.95,USD_per_barrel
2011-06-17,DCOILWTICO,93.02,USD_per_barrel
2011-06-20,DCOILWTICO,93.23,USD_per_barrel
2011-06-21,DCOILWTICO,93.7,USD_per_barrel
2011-06-22,DCOILWTICO,94.96,USD_per_barrel
2011-06-23,DCOILWTICO,90.7,USD_per_barrel
2011-06-24,DCOILWTICO,90.89,USD_per_barrel
2011-06-27,DCOILWTICO,90.65,USD_per_barrel
2011-06-28,DCOILWTICO,92.9,USD_per_barrel
2011-06-29,DCOILWTICO,94.85,USD_per_barrel
2011-06-30,DCOILWTICO,95.3,USD_per_barrel
2011-07-01,DCOILWTICO,94.81,USD_per_barrel
2011-07-05,DCOILWTICO,96.92,USD_per_barrel
2011-07-06,DCOILWTICO,96.67,USD_per_barrel
2011-07-07,DCOILWTICO,98.7,USD_per_barrel
2011-07-08,DCOILWTICO,96.2,USD_per_barrel
2011-07-11,DCOILWTICO,95.16,USD_per_barrel
2011-07-12,DCOILWTICO,97.41,USD_per_barrel
2011-07-13,DCOILWTICO,98.04,USD_per_barrel
2011-07-14,DCOILWTICO,95.75,USD_per_barrel
2011-07-15,DCOILWTICO,97.24,USD_per_barrel
2011-07-18,DCOILWTICO,95.94,USD_per_barrel
2011-07-19,DCOILWTICO,97.49,USD_per_barrel
2011-07-20,DCOILWTICO,98.11,USD_per_barrel
2011-07-21,DCOILWTICO,98.96,USD_per_barrel
2011-07-22,DCOILWTICO,99.53,USD_per_barrel
2011-07-25,DCOILWTICO,98.97,USD_per_barrel
2011-07-26,DCOILWTICO,99.61,USD_per_barrel
2011-07-27,DCOILWTICO,97.4,USD_per_barrel
2011-07-28,DCOILWTICO,97.48,USD_per_barrel
2011-07-29,DCOILWTICO,95.68,USD_per_barrel
2011-08-01,DCOILWTICO,94.98,USD_per_barrel
2011-08-02,DCOILWTICO,93.78,USD_per_barrel
2011-08-03,DCOILWTICO,91.87,USD_per_barrel
2011-08-04,DCOILWTICO,86.75,USD_per_barrel
2011-08-05,DCOILWTICO,86.89,USD_per_barrel
2011-08-08,DCOILWTICO,81.27,USD_per_barrel
2011-08-09,DCOILWTICO,79.32,USD_per_barrel
2011-08-10,DCOILWTICO,83.05,USD_per_barrel
2011-08-11,DCOILWTICO,85.48,USD_per_barrel
2011-08-12,DCOILWTICO,85.19,USD_per_barrel
2011-08-15,DCOILWTICO,87.88,USD_per_barrel
2011-08-16,DCOILWTICO,86.65,USD_per_barrel
2011-08-17,DCOILWTICO,87.58,USD_per_barrel
2011-08-18,DCOILWTICO,82.38,USD_per_barrel
2011-08-19,DCOILWTICO,82.33,USD_per_barrel
2011-08-22,DCOILWTICO,84.42,USD_per_barrel
2011-08-23,DCOILWTICO,85.35,USD_per_barrel
2011-08-24,DCOILWTICO,84.99,USD_per_barrel
2011-08-25,DCOILWTICO,85.15,USD_per_barrel
2011-08-26,DCOILWTICO,85.37,USD_per_barrel
2011-08-29,DCOILWTICO,87.27,USD_per_barrel
2011-08-30,DCOILWTICO,88.9,USD_per_barrel
2011-08-31,DCOILWTICO,88.81,USD_per_barrel
2011-09-01,DCOILWTICO,88.93,USD_per_barrel
2011-09-02,DCOILWTICO,86.45,USD_per_barrel
2011-09-06,DCOILWTICO,85.99,USD_per_barrel
2011-09-07,DCOILWTICO,89.34,USD_per_barrel
2011-09-08,DCOILWTICO,89.05,USD_per_barrel
2011-09-09,DCOILWTICO,87.24,USD_per_barrel
2011-09-12,DCOILWTICO,88.19,USD_per_barrel
2011-09-13,DCOILWTICO,90.21,USD_per_barrel
2011-09-14,DCOILWTICO,88.91,USD_per_barrel
2011-09-15,DCOILWTICO,89.4,USD_per_barrel
2011-09-16,DCOILWTICO,87.96,USD_per_barrel
2011-09-19,DCOILWTICO,85.7,USD_per_barrel
2011-09-20,DCOILWTICO,86.92,USD_per_barrel
2011-09-21,DCOILWTICO,85.77,USD_per_barrel
2011-09-22,DCOILWTICO,80.29,USD_per_barrel
2011-09-23,DCOILWTICO,79.58,USD_per_barrel
2011-09-26,DCOILWTICO,79.97,USD_per_barrel
2011-09-27,DCOILWTICO,84.18,USD_per_barrel
2011-09-28,DCOILWTICO,80.94,USD_per_barrel
2011-09-29,DCOILWTICO,81.87,USD_per_barrel
2011-09-30,DCOILWTICO,78.93,USD_per_barrel
2011-10-03,DCOILWTICO,77.34,USD_per_barrel
2011-10-04,DCOILWTICO,75.4,USD_per_barrel
2011-10-05,DCOILWTICO,79.41,USD_per_barrel
2011-10-06,DCOILWTICO,82.32,USD_per_barrel
2011-10-07,DCOILWTICO,82.7,USD_per_barrel
2011-10-10,DCOILWTICO,85.14,USD_per_barrel
2011-10-11,DCOILWTICO,85.54,USD_per_barrel
2011-10-12,DCOILWTICO,85.3,USD_per_barrel
2011-10-13,DCOILWTICO,83.96,USD_per_barrel
2011-10-14,DCOILWTICO,86.8,USD_per_barrel
2011-10-17,DCOILWTICO,86.38,USD_per_barrel
2011-10-18,DCOILWTICO,88.34,USD_per_barrel
2011-10-19,DCOILWTICO,86.11,USD_per_barrel
2011-10-20,DCOILWTICO,86.07,USD_per_barrel
2011-10-21,DCOILWTICO,87.19,USD_per_barrel
2011-10-24,DCOILWTICO,91.12,USD_per_barrel
2011-10-25,DCOILWTICO,92.98,USD_per_barrel
2011-10-26,DCOILWTICO,90.2,USD_per_barrel
2011-10-27,DCOILWTICO,93.96,USD_per_barrel
2011-10-28,DCOILWTICO,93.32,USD_per_barrel
2011-10-31,DCOILWTICO,93.19,USD_per_barrel
2011-11-01,DCOILWTICO,92.19,USD_per_barrel
2011-11-02,DCOILWTICO,92.51,USD_per_barrel
2011-11-03,DCOILWTICO,94.07,USD_per_barrel
2011-11-04,DCOILWTICO,94.26,USD_per_barrel
2011-11-07,DCOILWTICO,95.52,USD_per_barrel
2011-11-08,DCOILWTICO,96.8,USD_per_barrel
2011-11-09,DCOILWTICO,95.74,USD_per_barrel
2011-11-10,DCOILWTICO,97.78,USD_per_barrel
2011-11-11,DCOILWTICO,98.99,USD_per_barrel
2011-11-14,DCOILWTICO,98.14,USD_per_barrel
2011-11-15,DCOILWTICO,99.37,USD_per_barrel
2011-11-16,DCOILWTICO,102.59,USD_per_barrel
2011-11-17,DCOILWTICO,98.82,USD_per_barrel
2011-11-18,DCOILWTICO,97.67,USD_per_barrel
2011-11-21,DCOILWTICO,96.73,USD_per_barrel
2011-11-22,DCOILWTICO,97.76,USD_per_barrel
2011-11-23,DCOILWTICO,96.16,USD_per_barrel
2011-11-25,DCOILWTICO,96.91,USD_per_barrel
2011-11-28,DCOILWTICO,98.21,USD_per_barrel
2011-11-29,DCOILWTICO,99.79,USD_per_barrel
2011-11-30,DCOILWTICO,100.36,USD_per_barrel
2011-12-01,DCOILWTICO,100.2,USD_per_barrel
2011-12-02,DCOILWTICO,100.97,USD_per_barrel
2011-12-05,DCOILWTICO,100.94,USD_per_barrel
2011-12-06,DCOILWTICO,101.25,USD_per_barrel
2011-12-07,DCOILWTICO,100.45,USD_per_barrel
2011-12-08,DCOILWTICO,98.35,USD_per_barrel
2011-12-09,DCOILWTICO,99.4,USD_per_barrel
2011-12-12,DCOILWTICO,97.77,USD_per_barrel
2011-12-13,DCOILWTICO,100.24,USD_per_barrel
2011-12-14,DCOILWTICO,94.92,USD_per_barrel
2011-12-15,DCOILWTICO,93.84,USD_per_barrel
2011-12-16,DCOILWTICO,93.55,USD_per_barrel
2011-12-19,DCOILWTICO,93.86,USD_per_barrel
2011-12-20,DCOILWTICO,97.16,USD_per_barrel
2011-12-21,DCOILWTICO,98.54,USD_per_barrel
2011-12-22,DCOILWTICO,99.42,USD_per_barrel
2011-12-23,DCOILWTICO,99.72,USD_per_barrel
2011-12-27,DCOILWTICO,101.29,USD_per_barrel
2011-12-28,DCOILWTICO,99.44,USD_per_barrel
2011-12-29,DCOILWTICO,99.68,USD_per_barrel
2011-12-30,DCOILWTICO,98.83,USD_per_barrel
2012-01-03,DCOILWTICO,102.96,USD_per_barrel
2012-01-04,DCOILWTICO,103.22,USD_per_barrel
2012-01-05,DCOILWTICO,101.81,USD_per_barrel
2012-01-06,DCOILWTICO,101.56,USD_per_barrel
2012-01-09,DCOILWTICO,101.31,USD_per_barrel
2012-01-10,DCOILWTICO,102.24,USD_per_barrel
2012-01-11,DCOILWTICO,100.89,USD_per_barrel
2012-01-12,DCOILWTICO,99.03,USD_per_barrel
2012-01-13,DCOILWTICO,98.69,USD_per_barrel
2012-01-17,DCOILWTICO,100.7,USD_per_barrel
2012-01-18,DCOILWTICO,100.61,USD_per_barrel
2012-01-19,DCOILWTICO,100.32,USD_per_barrel
2012-01-20,DCOILWTICO,98.15,USD_per_barrel
2012-01-23,DCOILWTICO,99.47,USD_per_barrel
2012-01-24,DCOILWTICO,98.84,USD_per_barrel
2012-01-25,DCOILWTICO,99.23,USD_per_barrel
2012-01-26,DCOILWTICO,99.76,USD_per_barrel
2012-01-27,DCOILWTICO,99.47,USD_per_barrel
2012-01-30,DCOILWTICO,98.75,USD_per_barrel
2012-01-31,DCOILWTICO,98.46,USD_per_barrel
2012-02-01,DCOILWTICO,97.63,USD_per_barrel
2012-02-02,DCOILWTICO,96.36,USD_per_barrel
2012-02-03,DCOILWTICO,97.8,USD_per_barrel
2012-02-06,DCOILWTICO,96.89,USD_per_barrel
2012-02-07,DCOILWTICO,98.55,USD_per_barrel
2012-02-08,DCOILWTICO,98.8,USD_per_barrel
2012-02-09,DCOILWTICO,99.88,USD_per_barrel
2012-02-10,DCOILWTICO,98.68,USD_per_barrel
2012-02-13,DCOILWTICO,100.39,USD_per_barrel
2012-02-14,DCOILWTICO,100.82,USD_per_barrel
2012-02-15,DCOILWTICO,101.82,USD_per_barrel
2012-02-16,DCOILWTICO,102.33,USD_per_barrel
2012-02-17,DCOILWTICO,103.27,USD_per_barrel
2012-02-21,DCOILWTICO,105.88,USD_per_barrel
2012-02-22,DCOILWTICO,105.99,USD_per_barrel
2012-02-23,DCOILWTICO,107.44,USD_per_barrel
2012-02-24,DCOILWTICO,109.39,USD_per_barrel
2012-02-27,DCOILWTICO,108.49,USD_per_barrel
2012-02-28,DCOILWTICO,106.59,USD_per_barrel
2012-02-29,DCOILWTICO,107.08,USD_per_barrel
2012-03-01,DCOILWTICO,108.76,USD_per_barrel
2012-03-02,DCOILWTICO,106.68,USD_per_barrel
2012-03-05,DCOILWTICO,106.7,USD_per_barrel
2012-03-06,DCOILWTICO,104.71,USD_per_barrel
2012-03-07,DCOILWTICO,106.16,USD_per_barrel
2012-03-08,DCOILWTICO,106.65,USD_per_barrel
2012-03-09,DCOILWTICO,107.4,USD_per_barrel
2012-03-12,DCOILWTICO,106.34,USD_per_barrel
2012-03-13,DCOILWTICO,106.7,USD_per_barrel
2012-03-14,DCOILWTICO,105.49,USD_per_barrel
2012-03-15,DCOILWTICO,105.19,USD_per_barrel
2012-03-16,DCOILWTICO,107.03,USD_per_barrel
2012-03-19,DCOILWTICO,108.09,USD_per_barrel
2012-03-20,DCOILWTICO,105.68,USD_per_barrel
2012-03-21,DCOILWTICO,106.87,USD_per_barrel
2012-03-22,DCOILWTICO,104.98,USD_per_barrel
2012-03-23,DCOILWTICO,106.43,USD_per_barrel
2012-03-26,DCOILWTICO,107.07,USD_per_barrel
2012-03-27,DCOILWTICO,107.32,USD_per_barrel
2012-03-28,DCOILWTICO,105.4,USD_per_barrel
2012-03-29,DCOILWTICO,102.79,USD_per_barrel
2012-03-30,DCOILWTICO,103.03,USD_per_barrel
2012-04-02,DCOILWTICO,105.25,USD_per_barrel
2012-04-03,DCOILWTICO,104.02,USD_per_barrel
2012-04-04,DCOILWTICO,101.53,USD_per_barrel
2012-04-05,DCOILWTICO,103.29,USD_per_barrel
2012-04-09,DCOILWTICO,102.45,USD_per_barrel
2012-04-10,DCOILWTICO,101.12,USD_per_barrel
2012-04-11,DCOILWTICO,102.66,USD_per_barrel
2012-04-12,DCOILWTICO,103.69,USD_per_barrel
2012-04-13,DCOILWTICO,102.84,USD_per_barrel
2012-04-16,DCOILWTICO,102.92,USD_per_barrel
2012-04-17,DCOILWTICO,104.23,USD_per_barrel
2012-04-18,DCOILWTICO,102.65,USD_per_barrel
2012-04-19,DCOILWTICO,102.38,USD_per_barrel
2012-04-20,DCOILWTICO,103.58,USD_per_barrel
2012-04-23,DCOILWTICO,102.68,USD_per_barrel
2012-04-24,DCOILWTICO,103.1,USD_per_barrel
2012-04-25,DCOILWTICO,103.72,USD_per_barrel
2012-04-26,DCOILWTICO,104.56,USD_per_barrel
2012-04-27,DCOILWTICO,104.86,USD_per_barrel
2012-04-30,DCOILWTICO,104.89,USD_per_barrel
2012-05-01,DCOILWTICO,106.17,USD_per_barrel
2012-05-02,DCOILWTICO,105.25,USD_per_barrel
2012-05-03,DCOILWTICO,102.56,USD_per_barrel
2012-05-04,DCOILWTICO,98.49,USD_per_barrel
2012-05-07,DCOILWTICO,97.86,USD_per_barrel
2012-05-08,DCOILWTICO,97.13,USD_per_barrel
2012-05-09,DCOILWTICO,96.8,USD_per_barrel
2012-05-10,DCOILWTICO,97.1,USD_per_barrel
2012-05-11,DCOILWTICO,96.03,USD_per_barrel
2012-05-14,DCOILWTICO,94.75,USD_per_barrel
2012-05-15,DCOILWTICO,93.97,USD_per_barrel
2012-05-16,DCOILWTICO,92.78,USD_per_barrel
2012-05-17,DCOILWTICO,92.53,USD_per_barrel
2012-05-18,DCOILWTICO,91.51,USD_per_barrel
2012-05-21,DCOILWTICO,92.57,USD_per_barrel
2012-05-22,DCOILWTICO,91.44,USD_per_barrel
2012-05-23,DCOILWTICO,89.4,USD_per_barrel
2012-05-24,DCOILWTICO,90.36,USD_per_barrel
2012-05-25,DCOILWTICO,90.64,USD_per_barrel
2012-05-29,DCOILWTICO,90.75,USD_per_barrel
2012-05-30,DCOILWTICO,87.79,USD_per_barrel
2012-05-31,DCOILWTICO,86.52,USD_per_barrel
2012-06-01,DCOILWTICO,83.17,USD_per_barrel
2012-06-04,DCOILWTICO,83.95,USD_per_barrel
2012-06-05,DCOILWTICO,84.31,USD_per_barrel
2012-06-06,DCOILWTICO,85.05,USD_per_barrel
2012-06-07,DCOILWTICO,84.78,USD_per_barrel
2012-06-08,DCOILWTICO,84.08,USD_per_barrel
2012-06-11,DCOILWTICO,82.58,USD_per_barrel
2012-06-12,DCOILWTICO,83.35,USD_per_barrel
2012-06-13,DCOILWTICO,82.56,USD_per_barrel
2012-06-14,DCOILWTICO,83.83,USD_per_barrel
2012-06-15,DCOILWTICO,84.03,USD_per_barrel
2012-06-18,DCOILWTICO,83.26,USD_per_barrel
2012-06-19,DCOILWTICO,83.99,USD_per_barrel
2012-06-20,DCOILWTICO,81.06,USD_per_barrel
2012-06-21,DCOILWTICO,77.91,USD_per_barrel
2012-06-22,DCOILWTICO,79.33,USD_per_barrel
2012-06-25,DCOILWTICO,78.76,USD_per_barrel
2012-06-26,DCOILWTICO,79.34,USD_per_barrel
2012-06-27,DCOILWTICO,80.27,USD_per_barrel
2012-06-28,DCOILWTICO,77.72,USD_per_barrel
2012-06-29,DCOILWTICO,85.04,USD_per_barrel
2012-07-02,DCOILWTICO,83.72,USD_per_barrel
2012-07-03,DCOILWTICO,87.74,USD_per_barrel
2012-07-05,DCOILWTICO,87.11,USD_per_barrel
2012-07-06,DCOILWTICO,84.37,USD_per_barrel
2012-07-09,DCOILWTICO,85.93,USD_per_barrel
2012-07-10,DCOILWTICO,83.92,USD_per_barrel
2012-07-11,DCOILWTICO,85.88,USD_per_barrel
2012-07-12,DCOILWTICO,86.02,USD_per_barrel
2012-07-13,DCOILWTICO,87.15,USD_per_barrel
2012-07-16,DCOILWTICO,88.41,USD_per_barrel
2012-07-17,DCOILWTICO,89.07,USD_per_barrel
2012-07-18,DCOILWTICO,89.88,USD_per_barrel
2012-07-19,DCOILWTICO,92.78,USD_per_barrel
2012-07-20,DCOILWTICO,91.56,USD_per_barrel
2012-07-23,DCOILWTICO,87.77,USD_per_barrel
2012-07-24,DCOILWTICO,88.28,USD_per_barrel
2012-07-25,DCOILWTICO,88.8,USD_per_barrel
2012-07-26,DCOILWTICO,89.4,USD_per_barrel
2012-07-27,DCOILWTICO,90.13,USD_per_barrel
2012-07-30,DCOILWTICO,89.8,USD_per_barrel
2012-07-31,DCOILWTICO,88.08,USD_per_barrel
2012-08-01,DCOILWTICO,88.99,USD_per_barrel
2012-08-02,DCOILWTICO,87.22,USD_per_barrel
2012-08-03,DCOILWTICO,91.4,USD_per_barrel
2012-08-06,DCOILWTICO,92.3,USD_per_barrel
2012-08-07,DCOILWTICO,93.68,USD_per_barrel
2012-08-08,DCOILWTICO,93.39,USD_per_barrel
2012-08-09,DCOILWTICO,93.39,USD_per_barrel
2012-08-10,DCOILWTICO,92.94,USD_per_barrel
2012-08-13,DCOILWTICO,92.76,USD_per_barrel
2012-08-14,DCOILWTICO,93.4,USD_per_barrel
2012-08-15,DCOILWTICO,94.35,USD_per_barrel
2012-08-16,DCOILWTICO,95.66,USD_per_barrel
2012-08-17,DCOILWTICO,96.0,USD_per_barrel
2012-08-20,DCOILWTICO,96.03,USD_per_barrel
2012-08-21,DCOILWTICO,96.55,USD_per_barrel
2012-08-22,DCOILWTICO,96.89,USD_per_barrel
2012-08-23,DCOILWTICO,95.87,USD_per_barrel
2012-08-24,DCOILWTICO,95.78,USD_per_barrel
2012-08-27,DCOILWTICO,95.54,USD_per_barrel
2012-08-28,DCOILWTICO,96.3,USD_per_barrel
2012-08-29,DCOILWTICO,95.5,USD_per_barrel
2012-08-30,DCOILWTICO,94.61,USD_per_barrel
2012-08-31,DCOILWTICO,96.47,USD_per_barrel
2012-09-04,DCOILWTICO,95.34,USD_per_barrel
2012-09-05,DCOILWTICO,95.37,USD_per_barrel
2012-09-06,DCOILWTICO,95.58,USD_per_barrel
2012-09-07,DCOILWTICO,96.41,USD_per_barrel
2012-09-10,DCOILWTICO,96.52,USD_per_barrel
2012-09-11,DCOILWTICO,97.03,USD_per_barrel
2012-09-12,DCOILWTICO,97.02,USD_per_barrel
2012-09-13,DCOILWTICO,98.3,USD_per_barrel
2012-09-14,DCOILWTICO,98.94,USD_per_barrel
2012-09-17,DCOILWTICO,96.51,USD_per_barrel
2012-09-18,DCOILWTICO,95.25,USD_per_barrel
2012-09-19,DCOILWTICO,91.97,USD_per_barrel
2012-09-20,DCOILWTICO,92.14,USD_per_barrel
2012-09-21,DCOILWTICO,92.64,USD_per_barrel
2012-09-24,DCOILWTICO,91.68,USD_per_barrel
2012-09-25,DCOILWTICO,91.07,USD_per_barrel
2012-09-26,DCOILWTICO,89.92,USD_per_barrel
2012-09-27,DCOILWTICO,91.89,USD_per_barrel
2012-09-28,DCOILWTICO,92.18,USD_per_barrel
2012-10-01,DCOILWTICO,92.44,USD_per_barrel
2012-10-02,DCOILWTICO,91.88,USD_per_barrel
2012-10-03,DCOILWTICO,88.19,USD_per_barrel
2012-10-04,DCOILWTICO,91.69,USD_per_barrel
2012-10-05,DCOILWTICO,89.87,USD_per_barrel
2012-10-08,DCOILWTICO,89.43,USD_per_barrel
2012-10-09,DCOILWTICO,92.42,USD_per_barrel
2012-10-10,DCOILWTICO,91.24,USD_per_barrel
2012-10-11,DCOILWTICO,92.19,USD_per_barrel
2012-10-12,DCOILWTICO,91.83,USD_per_barrel
2012-10-15,DCOILWTICO,91.84,USD_per_barrel
2012-10-16,DCOILWTICO,92.07,USD_per_barrel
2012-10-17,DCOILWTICO,92.04,USD_per_barrel
2012-10-18,DCOILWTICO,92.0,USD_per_barrel
2012-10-19,DCOILWTICO,90.0,USD_per_barrel
2012-10-22,DCOILWTICO,88.3,USD_per_barrel
2012-10-23,DCOILWTICO,86.65,USD_per_barrel
2012-10-24,DCOILWTICO,85.39,USD_per_barrel
2012-10-25,DCOILWTICO,85.59,USD_per_barrel
2012-10-26,DCOILWTICO,85.84,USD_per_barrel
2012-10-29,DCOILWTICO,85.52,USD_per_barrel
2012-10-30,DCOILWTICO,85.65,USD_per_barrel
2012-10-31,DCOILWTICO,86.23,USD_per_barrel
2012-11-01,DCOILWTICO,87.05,USD_per_barrel
2012-11-02,DCOILWTICO,84.9,USD_per_barrel
2012-11-05,DCOILWTICO,85.64,USD_per_barrel
2012-11-06,DCOILWTICO,88.62,USD_per_barrel
2012-11-07,DCOILWTICO,84.5,USD_per_barrel
2012-11-08,DCOILWTICO,85.07,USD_per_barrel
2012-11-09,DCOILWTICO,86.08,USD_per_barrel
2012-11-12,DCOILWTICO,85.56,USD_per_barrel
2012-11-13,DCOILWTICO,85.38,USD_per_barrel
2012-11-14,DCOILWTICO,86.32,USD_per_barrel
2012-11-15,DCOILWTICO,85.45,USD_per_barrel
2012-11-16,DCOILWTICO,86.62,USD_per_barrel
2012-11-19,DCOILWTICO,89.05,USD_per_barrel
2012-11-20,DCOILWTICO,86.46,USD_per_barrel
2012-11-21,DCOILWTICO,87.08,USD_per_barrel
2012-11-23,DCOILWTICO,87.01,USD_per_barrel
2012-11-26,DCOILWTICO,87.28,USD_per_barrel
2012-11-27,DCOILWTICO,86.81,USD_per_barrel
2012-11-28,DCOILWTICO,86.1,USD_per_barrel
2012-11-29,DCOILWTICO,87.64,USD_per_barrel
2012-11-30,DCOILWTICO,88.54,USD_per_barrel
2012-12-03,DCOILWTICO,88.69,USD_per_barrel
2012-12-04,DCOILWTICO,88.04,USD_per_barrel
2012-12-05,DCOILWTICO,87.36,USD_per_barrel
2012-12-06,DCOILWTICO,85.47,USD_per_barrel
2012-12-07,DCOILWTICO,85.45,USD_per_barrel
2012-12-10,DCOILWTICO,85.14,USD_per_barrel
2012-12-11,DCOILWTICO,85.36,USD_per_barrel
2012-12-12,DCOILWTICO,86.35,USD_per_barrel
2012-12-13,DCOILWTICO,85.39,USD_per_barrel
2012-12-14,DCOILWTICO,86.32,USD_per_barrel
2012-12-17,DCOILWTICO,86.71,USD_per_barrel
2012-12-18,DCOILWTICO,87.46,USD_per_barrel
2012-12-19,DCOILWTICO,89.09,USD_per_barrel
2012-12-20,DCOILWTICO,89.76,USD_per_barrel
2012-12-21,DCOILWTICO,88.2,USD_per_barrel
2012-12-24,DCOILWTICO,88.29,USD_per_barrel
2012-12-26,DCOILWTICO,90.71,USD_per_barrel
2012-12-27,DCOILWTICO,90.91,USD_per_barrel
2012-12-28,DCOILWTICO,90.66,USD_per_barrel
2012-12-31,DCOILWTICO,91.83,USD_per_barrel
2013-01-02,DCOILWTICO,93.14,USD_per_barrel
2013-01-03,DCOILWTICO,92.97,USD_per_barrel
2013-01-04,DCOILWTICO,93.12,USD_per_barrel
2013-01-07,DCOILWTICO,93.2,USD_per_barrel
2013-01-08,DCOILWTICO,93.21,USD_per_barrel
2013-01-09,DCOILWTICO,93.08,USD_per_barrel
2013-01-10,DCOILWTICO,93.81,USD_per_barrel
2013-01-11,DCOILWTICO,93.6,USD_per_barrel
2013-01-14,DCOILWTICO,94.27,USD_per_barrel
2013-01-15,DCOILWTICO,93.26,USD_per_barrel
2013-01-16,DCOILWTICO,94.28,USD_per_barrel
2013-01-17,DCOILWTICO,95.49,USD_per_barrel
2013-01-18,DCOILWTICO,95.61,USD_per_barrel
2013-01-22,DCOILWTICO,96.09,USD_per_barrel
2013-01-23,DCOILWTICO,95.06,USD_per_barrel
2013-01-24,DCOILWTICO,95.35,USD_per_barrel
2013-01-25,DCOILWTICO,95.15,USD_per_barrel
2013-01-28,DCOILWTICO,95.95,USD_per_barrel
2013-01-29,DCOILWTICO,97.62,USD_per_barrel
2013-01-30,DCOILWTICO,97.98,USD_per_barrel
2013-01-31,DCOILWTICO,97.65,USD_per_barrel
2013-02-01,DCOILWTICO,97.46,USD_per_barrel
2013-02-04,DCOILWTICO,96.21,USD_per_barrel
2013-02-05,DCOILWTICO,96.68,USD_per_barrel
2013-02-06,DCOILWTICO,96.44,USD_per_barrel
2013-02-07,DCOILWTICO,95.84,USD_per_barrel
2013-02-08,DCOILWTICO,95.71,USD_per_barrel
2013-02-11,DCOILWTICO,97.01,USD_per_barrel
2013-02-12,DCOILWTICO,97.48,USD_per_barrel
2013-02-13,DCOILWTICO,97.03,USD_per_barrel
2013-02-14,DCOILWTICO,97.3,USD_per_barrel
2013-02-15,DCOILWTICO,95.95,USD_per_barrel
2013-02-19,DCOILWTICO,96.69,USD_per_barrel
2013-02-20,DCOILWTICO,94.92,USD_per_barrel
2013-02-21,DCOILWTICO,92.79,USD_per_barrel
2013-02-22,DCOILWTICO,93.12,USD_per_barrel
2013-02-25,DCOILWTICO,92.74,USD_per_barrel
2013-02-26,DCOILWTICO,92.63,USD_per_barrel
2013-02-27,DCOILWTICO,92.84,USD_per_barrel
2013-02-28,DCOILWTICO,92.03,USD_per_barrel
2013-03-01,DCOILWTICO,90.71,USD_per_barrel
2013-03-04,DCOILWTICO,90.13,USD_per_barrel
2013-03-05,DCOILWTICO,90.88,USD_per_barrel
2013-03-06,DCOILWTICO,90.47,USD_per_barrel
2013-03-07,DCOILWTICO,91.53,USD_per_barrel
2013-03-08,DCOILWTICO,92.01,USD_per_barrel
2013-03-11,DCOILWTICO,92.07,USD_per_barrel
2013-03-12,DCOILWTICO,92.44,USD_per_barrel
2013-03-13,DCOILWTICO,92.47,USD_per_barrel
2013-03-14,DCOILWTICO,93.03,USD_per_barrel
2013-03-15,DCOILWTICO,93.49,USD_per_barrel
2013-03-18,DCOILWTICO,93.71,USD_per_barrel
2013-03-19,DCOILWTICO,92.44,USD_per_barrel
2013-03-20,DCOILWTICO,93.21,USD_per_barrel
2013-03-21,DCOILWTICO,92.46,USD_per_barrel
2013-03-22,DCOILWTICO,93.41,USD_per_barrel
2013-03-25,DCOILWTICO,94.55,USD_per_barrel
2013-03-26,DCOILWTICO,95.99,USD_per_barrel
2013-03-27,DCOILWTICO,96.53,USD_per_barrel
2013-03-28,DCOILWTICO,97.24,USD_per_barrel
2013-04-01,DCOILWTICO,97.1,USD_per_barrel
2013-04-02,DCOILWTICO,97.23,USD_per_barrel
2013-04-03,DCOILWTICO,95.02,USD_per_barrel
2013-04-04,DCOILWTICO,93.26,USD_per_barrel
2013-04-05,DCOILWTICO,92.76,USD_per_barrel
2013-04-08,DCOILWTICO,93.36,USD_per_barrel
2013-04-09,DCOILWTICO,94.18,USD_per_barrel
2013-04-10,DCOILWTICO,94.59,USD_per_barrel
2013-04-11,DCOILWTICO,93.44,USD_per_barrel
2013-04-12,DCOILWTICO,91.23,USD_per_barrel
2013-04-15,DCOILWTICO,88.75,USD_per_barrel
2013-04-16,DCOILWTICO,88.73,USD_per_barrel
2013-04-17,DCOILWTICO,86.65,USD_per_barrel
2013-04-18,DCOILWTICO,87.83,USD_per_barrel
2013-04-19,DCOILWTICO,88.04,USD_per_barrel
2013-04-22,DCOILWTICO,88.81,USD_per_barrel
2013-04-23,DCOILWTICO,89.21,USD_per_barrel
2013-04-24,DCOILWTICO,91.07,USD_per_barrel
2013-04-25,DCOILWTICO,93.27,USD_per_barrel
2013-04-26,DCOILWTICO,92.63,USD_per_barrel
2013-04-29,DCOILWTICO,94.09,USD_per_barrel
2013-04-30,DCOILWTICO,93.22,USD_per_barrel
2013-05-01,DCOILWTICO,90.74,USD_per_barrel
2013-05-02,DCOILWTICO,93.7,USD_per_barrel
2013-05-03,DCOILWTICO,95.25,USD_per_barrel
2013-05-06,DCOILWTICO,95.8,USD_per_barrel
2013-05-07,DCOILWTICO,95.28,USD_per_barrel
2013-05-08,DCOILWTICO,96.24,USD_per_barrel
2013-05-09,DCOILWTICO,96.09,USD_per_barrel
2013-05-10,DCOILWTICO,95.81,USD_per_barrel
2013-05-13,DCOILWTICO,94.76,USD_per_barrel
2013-05-14,DCOILWTICO,93.96,USD_per_barrel
2013-05-15,DCOILWTICO,93.95,USD_per_barrel
2013-05-16,DCOILWTICO,94.85,USD_per_barrel
2013-05-17,DCOILWTICO,95.72,USD_per_barrel
2013-05-20,DCOILWTICO,96.29,USD_per_barrel
2013-05-21,DCOILWTICO,95.55,USD_per_barrel
2013-05-22,DCOILWTICO,93.98,USD_per_barrel
2013-05-23,DCOILWTICO,94.12,USD_per_barrel
2013-05-24,DCOILWTICO,93.84,USD_per_barrel
2013-05-28,DCOILWTICO,94.65,USD_per_barrel
2013-05-29,DCOILWTICO,93.13,USD_per_barrel
2013-05-30,DCOILWTICO,93.57,USD_per_barrel
2013-05-31,DCOILWTICO,91.93,USD_per_barrel
2013-06-03,DCOILWTICO,93.41,USD_per_barrel
2013-06-04,DCOILWTICO,93.36,USD_per_barrel
2013-06-05,DCOILWTICO,93.66,USD_per_barrel
2013-06-06,DCOILWTICO,94.71,USD_per_barrel
2013-06-07,DCOILWTICO,96.11,USD_per_barrel
2013-06-10,DCOILWTICO,95.82,USD_per_barrel
2013-06-11,DCOILWTICO,95.5,USD_per_barrel
2013-06-12,DCOILWTICO,95.98,USD_per_barrel
2013-06-13,DCOILWTICO,96.66,USD_per_barrel
2013-06-14,DCOILWTICO,97.83,USD_per_barrel
2013-06-17,DCOILWTICO,97.86,USD_per_barrel
2013-06-18,DCOILWTICO,98.46,USD_per_barrel
2013-06-19,DCOILWTICO,98.24,USD_per_barrel
2013-06-20,DCOILWTICO,94.89,USD_per_barrel
2013-06-21,DCOILWTICO,93.81,USD_per_barrel
2013-06-24,DCOILWTICO,95.07,USD_per_barrel
2013-06-25,DCOILWTICO,95.25,USD_per_barrel
2013-06-26,DCOILWTICO,95.47,USD_per_barrel
2013-06-27,DCOILWTICO,97.0,USD_per_barrel
2013-06-28,DCOILWTICO,96.36,USD_per_barrel
2013-07-01,DCOILWTICO,97.94,USD_per_barrel
2013-07-02,DCOILWTICO,99.65,USD_per_barrel
2013-07-03,DCOILWTICO,101.92,USD_per_barrel
2013-07-05,DCOILWTICO,103.09,USD_per_barrel
2013-07-08,DCOILWTICO,103.03,USD_per_barrel
2013-07-09,DCOILWTICO,103.46,USD_per_barrel
2013-07-10,DCOILWTICO,106.41,USD_per_barrel
2013-07-11,DCOILWTICO,104.77,USD_per_barrel
2013-07-12,DCOILWTICO,105.85,USD_per_barrel
2013-07-15,DCOILWTICO,106.2,USD_per_barrel
2013-07-16,DCOILWTICO,105.88,USD_per_barrel
2013-07-17,DCOILWTICO,106.39,USD_per_barrel
2013-07-18,DCOILWTICO,107.94,USD_per_barrel
2013-07-19,DCOILWTICO,108.0,USD_per_barrel
2013-07-22,DCOILWTICO,106.61,USD_per_barrel
2013-07-23,DCOILWTICO,107.13,USD_per_barrel
2013-07-24,DCOILWTICO,105.41,USD_per_barrel
2013-07-25,DCOILWTICO,105.47,USD_per_barrel
2013-07-26,DCOILWTICO,104.76,USD_per_barrel
2013-07-29,DCOILWTICO,104.61,USD_per_barrel
2013-07-30,DCOILWTICO,103.14,USD_per_barrel
2013-07-31,DCOILWTICO,105.1,USD_per_barrel
2013-08-01,DCOILWTICO,107.93,USD_per_barrel
2013-08-02,DCOILWTICO,106.94,USD_per_barrel
2013-08-05,DCOILWTICO,106.61,USD_per_barrel
2013-08-06,DCOILWTICO,105.32,USD_per_barrel
2013-08-07,DCOILWTICO,104.41,USD_per_barrel
2013-08-08,DCOILWTICO,103.45,USD_per_barrel
2013-08-09,DCOILWTICO,106.04,USD_per_barrel
2013-08-12,DCOILWTICO,106.19,USD_per_barrel
2013-08-13,DCOILWTICO,106.78,USD_per_barrel
2013-08-14,DCOILWTICO,106.89,USD_per_barrel
2013-08-15,DCOILWTICO,107.43,USD_per_barrel
2013-08-16,DCOILWTICO,107.58,USD_per_barrel
2013-08-19,DCOILWTICO,107.14,USD_per_barrel
2013-08-20,DCOILWTICO,104.9,USD_per_barrel
2013-08-21,DCOILWTICO,103.93,USD_per_barrel
2013-08-22,DCOILWTICO,104.93,USD_per_barrel
2013-08-23,DCOILWTICO,106.48,USD_per_barrel
2013-08-26,DCOILWTICO,105.88,USD_per_barrel
2013-08-27,DCOILWTICO,109.11,USD_per_barrel
2013-08-28,DCOILWTICO,110.17,USD_per_barrel
2013-08-29,DCOILWTICO,108.51,USD_per_barrel
2013-08-30,DCOILWTICO,107.98,USD_per_barrel
2013-09-03,DCOILWTICO,108.67,USD_per_barrel
2013-09-04,DCOILWTICO,107.29,USD_per_barrel
2013-09-05,DCOILWTICO,108.5,USD_per_barrel
2013-09-06,DCOILWTICO,110.62,USD_per_barrel
2013-09-09,DCOILWTICO,109.62,USD_per_barrel
2013-09-10,DCOILWTICO,107.48,USD_per_barrel
2013-09-11,DCOILWTICO,107.65,USD_per_barrel
2013-09-12,DCOILWTICO,108.72,USD_per_barrel
2013-09-13,DCOILWTICO,108.31,USD_per_barrel
2013-09-16,DCOILWTICO,106.54,USD_per_barrel
2013-09-17,DCOILWTICO,105.36,USD_per_barrel
2013-09-18,DCOILWTICO,108.23,USD_per_barrel
2013-09-19,DCOILWTICO,106.26,USD_per_barrel
2013-09-20,DCOILWTICO,104.7,USD_per_barrel
2013-09-23,DCOILWTICO,103.62,USD_per_barrel
2013-09-24,DCOILWTICO,103.22,USD_per_barrel
2013-09-25,DCOILWTICO,102.68,USD_per_barrel
2013-09-26,DCOILWTICO,103.1,USD_per_barrel
2013-09-27,DCOILWTICO,102.86,USD_per_barrel
2013-09-30,DCOILWTICO,102.36,USD_per_barrel
2013-10-01,DCOILWTICO,102.09,USD_per_barrel
2013-10-02,DCOILWTICO,104.15,USD_per_barrel
2013-10-03,DCOILWTICO,103.29,USD_per_barrel
2013-10-04,DCOILWTICO,103.83,USD_per_barrel
2013-10-07,DCOILWTICO,103.07,USD_per_barrel
2013-10-08,DCOILWTICO,103.54,USD_per_barrel
2013-10-09,DCOILWTICO,101.63,USD_per_barrel
2013-10-10,DCOILWTICO,103.08,USD_per_barrel
2013-10-11,DCOILWTICO,102.17,USD_per_barrel
2013-10-14,DCOILWTICO,102.46,USD_per_barrel
2013-10-15,DCOILWTICO,101.15,USD_per_barrel
2013-10-16,DCOILWTICO,102.34,USD_per_barrel
2013-10-17,DCOILWTICO,100.72,USD_per_barrel
2013-10-18,DCOILWTICO,100.87,USD_per_barrel
2013-10-21,DCOILWTICO,99.28,USD_per_barrel
2013-10-22,DCOILWTICO,97.63,USD_per_barrel
2013-10-23,DCOILWTICO,96.9,USD_per_barrel
2013-10-24,DCOILWTICO,96.65,USD_per_barrel
2013-10-25,DCOILWTICO,97.4,USD_per_barrel
2013-10-28,DCOILWTICO,98.74,USD_per_barrel
2013-10-29,DCOILWTICO,98.29,USD_per_barrel
2013-10-30,DCOILWTICO,96.81,USD_per_barrel
2013-10-31,DCOILWTICO,96.29,USD_per_barrel
2013-11-01,DCOILWTICO,94.56,USD_per_barrel
2013-11-04,DCOILWTICO,94.58,USD_per_barrel
2013-11-05,DCOILWTICO,93.4,USD_per_barrel
2013-11-06,DCOILWTICO,94.74,USD_per_barrel
2013-11-07,DCOILWTICO,94.25,USD_per_barrel
2013-11-08,DCOILWTICO,94.56,USD_per_barrel
2013-11-11,DCOILWTICO,95.13,USD_per_barrel
2013-11-12,DCOILWTICO,93.12,USD_per_barrel
2013-11-13,DCOILWTICO,93.91,USD_per_barrel
2013-11-14,DCOILWTICO,93.76,USD_per_barrel
2013-11-15,DCOILWTICO,93.8,USD_per_barrel
2013-11-18,DCOILWTICO,93.03,USD_per_barrel
2013-11-19,DCOILWTICO,93.35,USD_per_barrel
2013-11-20,DCOILWTICO,93.34,USD_per_barrel
2013-11-21,DCOILWTICO,95.35,USD_per_barrel
2013-11-22,DCOILWTICO,94.53,USD_per_barrel
2013-11-25,DCOILWTICO,93.86,USD_per_barrel
2013-11-26,DCOILWTICO,93.41,USD_per_barrel
2013-11-27,DCOILWTICO,92.05,USD_per_barrel
2013-11-29,DCOILWTICO,92.55,USD_per_barrel
2013-12-02,DCOILWTICO,93.61,USD_per_barrel
2013-12-03,DCOILWTICO,95.83,USD_per_barrel
2013-12-04,DCOILWTICO,96.97,USD_per_barrel
2013-12-05,DCOILWTICO,97.14,USD_per_barrel
2013-12-06,DCOILWTICO,97.48,USD_per_barrel
2013-12-09,DCOILWTICO,97.1,USD_per_barrel
2013-12-10,DCOILWTICO,98.32,USD_per_barrel
2013-12-11,DCOILWTICO,97.25,USD_per_barrel
2013-12-12,DCOILWTICO,97.21,USD_per_barrel
2013-12-13,DCOILWTICO,96.27,USD_per_barrel
2013-12-16,DCOILWTICO,97.18,USD_per_barrel
2013-12-17,DCOILWTICO,96.99,USD_per_barrel
2013-12-18,DCOILWTICO,97.59,USD_per_barrel
2013-12-19,DCOILWTICO,98.4,USD_per_barrel
2013-12-20,DCOILWTICO,99.11,USD_per_barrel
2013-12-23,DCOILWTICO,98.62,USD_per_barrel
2013-12-24,DCOILWTICO,98.87,USD_per_barrel
2013-12-26,DCOILWTICO,99.18,USD_per_barrel
2013-12-27,DCOILWTICO,99.94,USD_per_barrel
2013-12-30,DCOILWTICO,98.9,USD_per_barrel
2013-12-31,DCOILWTICO,98.17,USD_per_barrel
2014-01-02,DCOILWTICO,95.14,USD_per_barrel
2014-01-03,DCOILWTICO,93.66,USD_per_barrel
2014-01-06,DCOILWTICO,93.12,USD_per_barrel
2014-01-07,DCOILWTICO,93.31,USD_per_barrel
2014-01-08,DCOILWTICO,91.9,USD_per_barrel
2014-01-09,DCOILWTICO,91.36,USD_per_barrel
2014-01-10,DCOILWTICO,92.39,USD_per_barrel
2014-01-13,DCOILWTICO,91.45,USD_per_barrel
2014-01-14,DCOILWTICO,92.15,USD_per_barrel
2014-01-15,DCOILWTICO,93.78,USD_per_barrel
2014-01-16,DCOILWTICO,93.54,USD_per_barrel
2014-01-17,DCOILWTICO,93.96,USD_per_barrel
2014-01-21,DCOILWTICO,94.51,USD_per_barrel
2014-01-22,DCOILWTICO,96.35,USD_per_barrel
2014-01-23,DCOILWTICO,97.23,USD_per_barrel
2014-01-24,DCOILWTICO,96.66,USD_per_barrel
2014-01-27,DCOILWTICO,95.82,USD_per_barrel
2014-01-28,DCOILWTICO,97.49,USD_per_barrel
2014-01-29,DCOILWTICO,97.34,USD_per_barrel
2014-01-30,DCOILWTICO,98.25,USD_per_barrel
2014-01-31,DCOILWTICO,97.55,USD_per_barrel
2014-02-03,DCOILWTICO,96.44,USD_per_barrel
2014-02-04,DCOILWTICO,97.24,USD_per_barrel
2014-02-05,DCOILWTICO,97.4,USD_per_barrel
2014-02-06,DCOILWTICO,97.84,USD_per_barrel
2014-02-07,DCOILWTICO,99.98,USD_per_barrel
2014-02-10,DCOILWTICO,100.12,USD_per_barrel
2014-02-11,DCOILWTICO,99.96,USD_per_barrel
2014-02-12,DCOILWTICO,100.38,USD_per_barrel
2014-02-13,DCOILWTICO,100.27,USD_per_barrel
2014-02-14,DCOILWTICO,100.31,USD_per_barrel
2014-02-18,DCOILWTICO,102.54,USD_per_barrel
2014-02-19,DCOILWTICO,103.46,USD_per_barrel
2014-02-20,DCOILWTICO,103.2,USD_per_barrel
2014-02-21,DCOILWTICO,102.53,USD_per_barrel
2014-02-24,DCOILWTICO,103.17,USD_per_barrel
2014-02-25,DCOILWTICO,102.2,USD_per_barrel
2014-02-26,DCOILWTICO,102.93,USD_per_barrel
2014-02-27,DCOILWTICO,102.68,USD_per_barrel
2014-02-28,DCOILWTICO,102.88,USD_per_barrel
2014-03-03,DCOILWTICO,105.34,USD_per_barrel
2014-03-04,DCOILWTICO,103.64,USD_per_barrel
2014-03-05,DCOILWTICO,101.75,USD_per_barrel
2014-03-06,DCOILWTICO,101.82,USD_per_barrel
2014-03-07,DCOILWTICO,102.82,USD_per_barrel
2014-03-10,DCOILWTICO,101.39,USD_per_barrel
2014-03-11,DCOILWTICO,100.29,USD_per_barrel
2014-03-12,DCOILWTICO,98.29,USD_per_barrel
2014-03-13,DCOILWTICO,98.57,USD_per_barrel
2014-03-14,DCOILWTICO,99.23,USD_per_barrel
2014-03-17,DCOILWTICO,98.43,USD_per_barrel
2014-03-18,DCOILWTICO,100.08,USD_per_barrel
2014-03-19,DCOILWTICO,100.71,USD_per_barrel
2014-03-20,DCOILWTICO,99.68,USD_per_barrel
2014-03-21,DCOILWTICO,99.97,USD_per_barrel
2014-03-24,DCOILWTICO,100.05,USD_per_barrel
2014-03-25,DCOILWTICO,99.66,USD_per_barrel
2014-03-26,DCOILWTICO,100.61,USD_per_barrel
2014-03-27,DCOILWTICO,101.25,USD_per_barrel
2014-03-28,DCOILWTICO,101.73,USD_per_barrel
2014-03-31,DCOILWTICO,101.57,USD_per_barrel
2014-04-01,DCOILWTICO,99.69,USD_per_barrel
2014-04-02,DCOILWTICO,99.6,USD_per_barrel
2014-04-03,DCOILWTICO,100.29,USD_per_barrel
2014-04-04,DCOILWTICO,101.16,USD_per_barrel
2014-04-07,DCOILWTICO,100.43,USD_per_barrel
2014-04-08,DCOILWTICO,102.57,USD_per_barrel
2014-04-09,DCOILWTICO,103.55,USD_per_barrel
2014-04-10,DCOILWTICO,103.37,USD_per_barrel
2014-04-11,DCOILWTICO,103.68,USD_per_barrel
2014-04-14,DCOILWTICO,104.05,USD_per_barrel
2014-04-15,DCOILWTICO,103.7,USD_per_barrel
2014-04-16,DCOILWTICO,103.71,USD_per_barrel
2014-04-17,DCOILWTICO,104.33,USD_per_barrel
2014-04-21,DCOILWTICO,104.35,USD_per_barrel
2014-04-22,DCOILWTICO,101.69,USD_per_barrel
2014-04-23,DCOILWTICO,101.47,USD_per_barrel
2014-04-24,DCOILWTICO,102.2,USD_per_barrel
2014-04-25,DCOILWTICO,100.85,USD_per_barrel
2014-04-28,DCOILWTICO,101.13,USD_per_barrel
2014-04-29,DCOILWTICO,101.56,USD_per_barrel
2014-04-30,DCOILWTICO,100.07,USD_per_barrel
2014-05-01,DCOILWTICO,99.69,USD_per_barrel
2014-05-02,DCOILWTICO,100.09,USD_per_barrel
2014-05-05,DCOILWTICO,99.74,USD_per_barrel
2014-05-06,DCOILWTICO,99.81,USD_per_barrel
2014-05-07,DCOILWTICO,101.06,USD_per_barrel
2014-05-08,DCOILWTICO,100.52,USD_per_barrel
2014-05-09,DCOILWTICO,100.32,USD_per_barrel
2014-05-12,DCOILWTICO,100.89,USD_per_barrel
2014-05-13,DCOILWTICO,102.01,USD_per_barrel
2014-05-14,DCOILWTICO,102.63,USD_per_barrel
2014-05-15,DCOILWTICO,101.74,USD_per_barrel
2014-05-16,DCOILWTICO,102.31,USD_per_barrel
2014-05-19,DCOILWTICO,102.95,USD_per_barrel
2014-05-20,DCOILWTICO,102.8,USD_per_barrel
2014-05-21,DCOILWTICO,104.31,USD_per_barrel
2014-05-22,DCOILWTICO,104.03,USD_per_barrel
2014-05-23,DCOILWTICO,105.01,USD_per_barrel
2014-05-27,DCOILWTICO,104.78,USD_per_barrel
2014-05-28,DCOILWTICO,103.37,USD_per_barrel
2014-05-29,DCOILWTICO,104.26,USD_per_barrel
2014-05-30,DCOILWTICO,103.4,USD_per_barrel
2014-06-02,DCOILWTICO,103.07,USD_per_barrel
2014-06-03,DCOILWTICO,103.34,USD_per_barrel
2014-06-04,DCOILWTICO,103.27,USD_per_barrel
2014-06-05,DCOILWTICO,103.17,USD_per_barrel
2014-06-06,DCOILWTICO,103.32,USD_per_barrel
2014-06-09,DCOILWTICO,105.09,USD_per_barrel
2014-06-10,DCOILWTICO,105.02,USD_per_barrel
2014-06-11,DCOILWTICO,105.04,USD_per_barrel
2014-06-12,DCOILWTICO,107.2,USD_per_barrel
2014-06-13,DCOILWTICO,107.49,USD_per_barrel
2014-06-16,DCOILWTICO,107.52,USD_per_barrel
2014-06-17,DCOILWTICO,106.95,USD_per_barrel
2014-06-18,DCOILWTICO,106.64,USD_per_barrel
2014-06-19,DCOILWTICO,107.08,USD_per_barrel
2014-06-20,DCOILWTICO,107.95,USD_per_barrel
2014-06-23,DCOILWTICO,106.83,USD_per_barrel
2014-06-24,DCOILWTICO,106.64,USD_per_barrel
2014-06-25,DCOILWTICO,107.04,USD_per_barrel
2014-06-26,DCOILWTICO,106.49,USD_per_barrel
2014-06-27,DCOILWTICO,106.46,USD_per_barrel
2014-06-30,DCOILWTICO,106.07,USD_per_barrel
2014-07-01,DCOILWTICO,106.06,USD_per_barrel
2014-07-02,DCOILWTICO,105.18,USD_per_barrel
2014-07-03,DCOILWTICO,104.76,USD_per_barrel
2014-07-07,DCOILWTICO,104.19,USD_per_barrel
2014-07-08,DCOILWTICO,104.06,USD_per_barrel
2014-07-09,DCOILWTICO,102.93,USD_per_barrel
2014-07-10,DCOILWTICO,103.61,USD_per_barrel
2014-07-11,DCOILWTICO,101.48,USD_per_barrel
2014-07-14,DCOILWTICO,101.73,USD_per_barrel
2014-07-15,DCOILWTICO,100.56,USD_per_barrel
2014-07-16,DCOILWTICO,101.88,USD_per_barrel
2014-07-17,DCOILWTICO,103.84,USD_per_barrel
2014-07-18,DCOILWTICO,103.83,USD_per_barrel
2014-07-21,DCOILWTICO,105.34,USD_per_barrel
2014-07-22,DCOILWTICO,104.59,USD_per_barrel
2014-07-23,DCOILWTICO,103.81,USD_per_barrel
2014-07-24,DCOILWTICO,102.76,USD_per_barrel
2014-07-25,DCOILWTICO,105.23,USD_per_barrel
2014-07-28,DCOILWTICO,105.68,USD_per_barrel
2014-07-29,DCOILWTICO,104.91,USD_per_barrel
2014-07-30,DCOILWTICO,104.29,USD_per_barrel
2014-07-31,DCOILWTICO,98.23,USD_per_barrel
2014-08-01,DCOILWTICO,97.86,USD_per_barrel
2014-08-04,DCOILWTICO,98.26,USD_per_barrel
2014-08-05,DCOILWTICO,97.34,USD_per_barrel
2014-08-06,DCOILWTICO,96.93,USD_per_barrel
2014-08-07,DCOILWTICO,97.34,USD_per_barrel
2014-08-08,DCOILWTICO,97.61,USD_per_barrel
2014-08-11,DCOILWTICO,98.09,USD_per_barrel
2014-08-12,DCOILWTICO,97.36,USD_per_barrel
2014-08-13,DCOILWTICO,97.57,USD_per_barrel
2014-08-14,DCOILWTICO,95.54,USD_per_barrel
2014-08-15,DCOILWTICO,97.3,USD_per_barrel
2014-08-18,DCOILWTICO,96.44,USD_per_barrel
2014-08-19,DCOILWTICO,94.35,USD_per_barrel
2014-08-20,DCOILWTICO,96.4,USD_per_barrel
2014-08-21,DCOILWTICO,93.97,USD_per_barrel
2014-08-22,DCOILWTICO,93.61,USD_per_barrel
2014-08-25,DCOILWTICO,95.39,USD_per_barrel
2014-08-26,DCOILWTICO,95.78,USD_per_barrel
2014-08-27,DCOILWTICO,95.82,USD_per_barrel
2014-08-28,DCOILWTICO,96.44,USD_per_barrel
2014-08-29,DCOILWTICO,97.86,USD_per_barrel
2014-09-02,DCOILWTICO,92.92,USD_per_barrel
2014-09-03,DCOILWTICO,95.5,USD_per_barrel
2014-09-04,DCOILWTICO,94.51,USD_per_barrel
2014-09-05,DCOILWTICO,93.32,USD_per_barrel
2014-09-08,DCOILWTICO,92.64,USD_per_barrel
2014-09-09,DCOILWTICO,92.73,USD_per_barrel
2014-09-10,DCOILWTICO,91.71,USD_per_barrel
2014-09-11,DCOILWTICO,92.89,USD_per_barrel
2014-09-12,DCOILWTICO,92.18,USD_per_barrel
2014-09-15,DCOILWTICO,92.86,USD_per_barrel
2014-09-16,DCOILWTICO,94.91,USD_per_barrel
2014-09-17,DCOILWTICO,94.33,USD_per_barrel
2014-09-18,DCOILWTICO,93.07,USD_per_barrel
2014-09-19,DCOILWTICO,92.43,USD_per_barrel
2014-09-22,DCOILWTICO,91.46,USD_per_barrel
2014-09-23,DCOILWTICO,91.55,USD_per_barrel
2014-09-24,DCOILWTICO,93.6,USD_per_barrel
2014-09-25,DCOILWTICO,93.59,USD_per_barrel
2014-09-26,DCOILWTICO,95.55,USD_per_barrel
2014-09-29,DCOILWTICO,94.53,USD_per_barrel
2014-09-30,DCOILWTICO,91.17,USD_per_barrel
2014-10-01,DCOILWTICO,90.74,USD_per_barrel
2014-10-02,DCOILWTICO,91.02,USD_per_barrel
2014-10-03,DCOILWTICO,89.76,USD_per_barrel
2014-10-06,DCOILWTICO,90.33,USD_per_barrel
2014-10-07,DCOILWTICO,88.89,USD_per_barrel
2014-10-08,DCOILWTICO,87.29,USD_per_barrel
2014-10-09,DCOILWTICO,85.76,USD_per_barrel
2014-10-10,DCOILWTICO,85.87,USD_per_barrel
2014-10-13,DCOILWTICO,85.73,USD_per_barrel
2014-10-14,DCOILWTICO,81.72,USD_per_barrel
2014-10-15,DCOILWTICO,81.82,USD_per_barrel
2014-10-16,DCOILWTICO,82.33,USD_per_barrel
2014-10-17,DCOILWTICO,82.8,USD_per_barrel
2014-10-20,DCOILWTICO,82.76,USD_per_barrel
2014-10-21,DCOILWTICO,83.25,USD_per_barrel
2014-10-22,DCOILWTICO,80.52,USD_per_barrel
2014-10-23,DCOILWTICO,82.81,USD_per_barrel
2014-10-24,DCOILWTICO,81.27,USD_per_barrel
2014-10-27,DCOILWTICO,81.26,USD_per_barrel
2014-10-28,DCOILWTICO,81.36,USD_per_barrel
2014-10-29,DCOILWTICO,82.25,USD_per_barrel
2014-10-30,DCOILWTICO,81.06,USD_per_barrel
2014-10-31,DCOILWTICO,80.53,USD_per_barrel
2014-11-03,DCOILWTICO,78.77,USD_per_barrel
2014-11-04,DCOILWTICO,77.15,USD_per_barrel
2014-11-05,DCOILWTICO,78.71,USD_per_barrel
2014-11-06,DCOILWTICO,77.87,USD_per_barrel
2014-11-07,DCOILWTICO,78.71,USD_per_barrel
2014-11-10,DCOILWTICO,77.43,USD_per_barrel
2014-11-11,DCOILWTICO,77.85,USD_per_barrel
2014-11-12,DCOILWTICO,77.16,USD_per_barrel
2014-11-13,DCOILWTICO,74.13,USD_per_barrel
2014-11-14,DCOILWTICO,75.91,USD_per_barrel
2014-11-17,DCOILWTICO,75.64,USD_per_barrel
2014-11-18,DCOILWTICO,74.55,USD_per_barrel
2014-11-19,DCOILWTICO,74.55,USD_per_barrel
2014-11-20,DCOILWTICO,75.63,USD_per_barrel
2014-11-21,DCOILWTICO,76.52,USD_per_barrel
2014-11-24,DCOILWTICO,75.74,USD_per_barrel
2014-11-25,DCOILWTICO,74.04,USD_per_barrel
2014-11-26,DCOILWTICO,73.7,USD_per_barrel
2014-11-28,DCOILWTICO,65.94,USD_per_barrel
2014-12-01,DCOILWTICO,68.98,USD_per_barrel
2014-12-02,DCOILWTICO,66.99,USD_per_barrel
2014-12-03,DCOILWTICO,67.3,USD_per_barrel
2014-12-04,DCOILWTICO,66.73,USD_per_barrel
2014-12-05,DCOILWTICO,65.89,USD_per_barrel
2014-12-08,DCOILWTICO,63.13,USD_per_barrel
2014-12-09,DCOILWTICO,63.74,USD_per_barrel
2014-12-10,DCOILWTICO,60.99,USD_per_barrel
2014-12-11,DCOILWTICO,60.01,USD_per_barrel
2014-12-12,DCOILWTICO,57.81,USD_per_barrel
2014-12-15,DCOILWTICO,55.96,USD_per_barrel
2014-12-16,DCOILWTICO,55.97,USD_per_barrel
2014-12-17,DCOILWTICO,56.43,USD_per_barrel
2014-12-18,DCOILWTICO,54.18,USD_per_barrel
2014-12-19,DCOILWTICO,56.91,USD_per_barrel
2014-12-22,DCOILWTICO,55.25,USD_per_barrel
2014-12-23,DCOILWTICO,56.78,USD_per_barrel
2014-12-24,DCOILWTICO,55.7,USD_per_barrel
2014-12-26,DCOILWTICO,54.59,USD_per_barrel
2014-12-29,DCOILWTICO,53.46,USD_per_barrel
2014-12-30,DCOILWTICO,54.14,USD_per_barrel
2014-12-31,DCOILWTICO,53.45,USD_per_barrel
2015-01-02,DCOILWTICO,52.72,USD_per_barrel
2015-01-05,DCOILWTICO,50.05,USD_per_barrel
2015-01-06,DCOILWTICO,47.98,USD_per_barrel
2015-01-07,DCOILWTICO,48.69,USD_per_barrel
2015-01-08,DCOILWTICO,48.8,USD_per_barrel
2015-01-09,DCOILWTICO,48.35,USD_per_barrel
2015-01-12,DCOILWTICO,46.06,USD_per_barrel
2015-01-13,DCOILWTICO,45.92,USD_per_barrel
2015-01-14,DCOILWTICO,48.49,USD_per_barrel
2015-01-15,DCOILWTICO,46.37,USD_per_barrel
2015-01-16,DCOILWTICO,48.49,USD_per_barrel
2015-01-20,DCOILWTICO,46.79,USD_per_barrel
2015-01-21,DCOILWTICO,47.85,USD_per_barrel
2015-01-22,DCOILWTICO,45.93,USD_per_barrel
2015-01-23,DCOILWTICO,45.26,USD_per_barrel
2015-01-26,DCOILWTICO,44.8,USD_per_barrel
2015-01-27,DCOILWTICO,45.84,USD_per_barrel
2015-01-28,DCOILWTICO,44.08,USD_per_barrel
2015-01-29,DCOILWTICO,44.12,USD_per_barrel
2015-01-30,DCOILWTICO,47.79,USD_per_barrel
2015-02-02,DCOILWTICO,49.25,USD_per_barrel
2015-02-03,DCOILWTICO,53.04,USD_per_barrel
2015-02-04,DCOILWTICO,48.45,USD_per_barrel
2015-02-05,DCOILWTICO,50.48,USD_per_barrel
2015-02-06,DCOILWTICO,51.66,USD_per_barrel
2015-02-09,DCOILWTICO,52.99,USD_per_barrel
2015-02-10,DCOILWTICO,50.06,USD_per_barrel
2015-02-11,DCOILWTICO,48.8,USD_per_barrel
2015-02-12,DCOILWTICO,51.17,USD_per_barrel
2015-02-13,DCOILWTICO,52.66,USD_per_barrel
2015-02-17,DCOILWTICO,53.56,USD_per_barrel
2015-02-18,DCOILWTICO,52.13,USD_per_barrel
2015-02-19,DCOILWTICO,51.12,USD_per_barrel
2015-02-20,DCOILWTICO,49.95,USD_per_barrel
2015-02-23,DCOILWTICO,49.56,USD_per_barrel
2015-02-24,DCOILWTICO,48.48,USD_per_barrel
2015-02-25,DCOILWTICO,50.25,USD_per_barrel
2015-02-26,DCOILWTICO,47.65,USD_per_barrel
2015-02-27,DCOILWTICO,49.84,USD_per_barrel
2015-03-02,DCOILWTICO,49.59,USD_per_barrel
2015-03-03,DCOILWTICO,50.43,USD_per_barrel
2015-03-04,DCOILWTICO,51.53,USD_per_barrel
2015-03-05,DCOILWTICO,50.76,USD_per_barrel
2015-03-06,DCOILWTICO,49.61,USD_per_barrel
2015-03-09,DCOILWTICO,49.95,USD_per_barrel
2015-03-10,DCOILWTICO,48.42,USD_per_barrel
2015-03-11,DCOILWTICO,48.06,USD_per_barrel
2015-03-12,DCOILWTICO,47.12,USD_per_barrel
2015-03-13,DCOILWTICO,44.88,USD_per_barrel
2015-03-16,DCOILWTICO,43.93,USD_per_barrel
2015-03-17,DCOILWTICO,43.39,USD_per_barrel
2015-03-18,DCOILWTICO,44.63,USD_per_barrel
2015-03-19,DCOILWTICO,44.02,USD_per_barrel
2015-03-20,DCOILWTICO,46.0,USD_per_barrel
2015-03-23,DCOILWTICO,47.4,USD_per_barrel
2015-03-24,DCOILWTICO,47.03,USD_per_barrel
2015-03-25,DCOILWTICO,48.75,USD_per_barrel
2015-03-26,DCOILWTICO,51.41,USD_per_barrel
2015-03-27,DCOILWTICO,48.83,USD_per_barrel
2015-03-30,DCOILWTICO,48.66,USD_per_barrel
2015-03-31,DCOILWTICO,47.72,USD_per_barrel
2015-04-01,DCOILWTICO,50.12,USD_per_barrel
2015-04-02,DCOILWTICO,49.13,USD_per_barrel
2015-04-06,DCOILWTICO,52.08,USD_per_barrel
2015-04-07,DCOILWTICO,53.95,USD_per_barrel
2015-04-08,DCOILWTICO,50.44,USD_per_barrel
2015-04-09,DCOILWTICO,50.79,USD_per_barrel
2015-04-10,DCOILWTICO,51.63,USD_per_barrel
2015-04-13,DCOILWTICO,51.95,USD_per_barrel
2015-04-14,DCOILWTICO,53.3,USD_per_barrel
2015-04-15,DCOILWTICO,56.25,USD_per_barrel
2015-04-16,DCOILWTICO,56.69,USD_per_barrel
2015-04-17,DCOILWTICO,55.71,USD_per_barrel
2015-04-20,DCOILWTICO,56.37,USD_per_barrel
2015-04-21,DCOILWTICO,55.58,USD_per_barrel
2015-04-22,DCOILWTICO,56.17,USD_per_barrel
2015-04-23,DCOILWTICO,56.59,USD_per_barrel
2015-04-24,DCOILWTICO,55.98,USD_per_barrel
2015-04-27,DCOILWTICO,55.56,USD_per_barrel
2015-04-28,DCOILWTICO,57.05,USD_per_barrel
2015-04-29,DCOILWTICO,58.55,USD_per_barrel
2015-04-30,DCOILWTICO,59.62,USD_per_barrel
2015-05-01,DCOILWTICO,59.1,USD_per_barrel
2015-05-04,DCOILWTICO,58.92,USD_per_barrel
2015-05-05,DCOILWTICO,60.38,USD_per_barrel
2015-05-06,DCOILWTICO,60.93,USD_per_barrel
2015-05-07,DCOILWTICO,58.99,USD_per_barrel
2015-05-08,DCOILWTICO,59.41,USD_per_barrel
2015-05-11,DCOILWTICO,59.23,USD_per_barrel
2015-05-12,DCOILWTICO,60.72,USD_per_barrel
2015-05-13,DCOILWTICO,60.5,USD_per_barrel
2015-05-14,DCOILWTICO,59.89,USD_per_barrel
2015-05-15,DCOILWTICO,59.73,USD_per_barrel
2015-05-18,DCOILWTICO,59.44,USD_per_barrel
2015-05-19,DCOILWTICO,57.3,USD_per_barrel
2015-05-20,DCOILWTICO,58.96,USD_per_barrel
2015-05-21,DCOILWTICO,60.18,USD_per_barrel
2015-05-22,DCOILWTICO,58.88,USD_per_barrel
2015-05-26,DCOILWTICO,57.29,USD_per_barrel
2015-05-27,DCOILWTICO,57.51,USD_per_barrel
2015-05-28,DCOILWTICO,57.69,USD_per_barrel
2015-05-29,DCOILWTICO,60.25,USD_per_barrel
2015-06-01,DCOILWTICO,60.24,USD_per_barrel
2015-06-02,DCOILWTICO,61.3,USD_per_barrel
2015-06-03,DCOILWTICO,59.67,USD_per_barrel
2015-06-04,DCOILWTICO,58.0,USD_per_barrel
2015-06-05,DCOILWTICO,59.11,USD_per_barrel
2015-06-08,DCOILWTICO,58.15,USD_per_barrel
2015-06-09,DCOILWTICO,60.15,USD_per_barrel
2015-06-10,DCOILWTICO,61.36,USD_per_barrel
2015-06-11,DCOILWTICO,60.74,USD_per_barrel
2015-06-12,DCOILWTICO,59.96,USD_per_barrel
2015-06-15,DCOILWTICO,59.53,USD_per_barrel
2015-06-16,DCOILWTICO,60.01,USD_per_barrel
2015-06-17,DCOILWTICO,59.89,USD_per_barrel
2015-06-18,DCOILWTICO,60.41,USD_per_barrel
2015-06-19,DCOILWTICO,59.62,USD_per_barrel
2015-06-22,DCOILWTICO,60.01,USD_per_barrel
2015-06-23,DCOILWTICO,61.05,USD_per_barrel
2015-06-24,DCOILWTICO,60.01,USD_per_barrel
2015-06-25,DCOILWTICO,59.59,USD_per_barrel
2015-06-26,DCOILWTICO,59.41,USD_per_barrel
2015-06-29,DCOILWTICO,58.34,USD_per_barrel
2015-06-30,DCOILWTICO,59.48,USD_per_barrel
2015-07-01,DCOILWTICO,56.94,USD_per_barrel
2015-07-02,DCOILWTICO,56.93,USD_per_barrel
2015-07-06,DCOILWTICO,52.48,USD_per_barrel
2015-07-07,DCOILWTICO,52.33,USD_per_barrel
2015-07-08,DCOILWTICO,51.61,USD_per_barrel
2015-07-09,DCOILWTICO,52.76,USD_per_barrel
2015-07-10,DCOILWTICO,52.74,USD_per_barrel
2015-07-13,DCOILWTICO,52.19,USD_per_barrel
2015-07-14,DCOILWTICO,53.05,USD_per_barrel
2015-07-15,DCOILWTICO,51.4,USD_per_barrel
2015-07-16,DCOILWTICO,50.9,USD_per_barrel
2015-07-17,DCOILWTICO,50.88,USD_per_barrel
2015-07-20,DCOILWTICO,50.11,USD_per_barrel
2015-07-21,DCOILWTICO,50.59,USD_per_barrel
2015-07-22,DCOILWTICO,49.27,USD_per_barrel
2015-07-23,DCOILWTICO,48.11,USD_per_barrel
2015-07-24,DCOILWTICO,47.98,USD_per_barrel
2015-07-27,DCOILWTICO,47.17,USD_per_barrel
2015-07-28,DCOILWTICO,47.97,USD_per_barrel
2015-07-29,DCOILWTICO,48.77,USD_per_barrel
2015-07-30,DCOILWTICO,48.53,USD_per_barrel
2015-07-31,DCOILWTICO,47.11,USD_per_barrel
2015-08-03,DCOILWTICO,45.25,USD_per_barrel
2015-08-04,DCOILWTICO,45.75,USD_per_barrel
2015-08-05,DCOILWTICO,45.13,USD_per_barrel
2015-08-06,DCOILWTICO,44.69,USD_per_barrel
2015-08-07,DCOILWTICO,43.87,USD_per_barrel
2015-08-10,DCOILWTICO,44.94,USD_per_barrel
2015-08-11,DCOILWTICO,43.11,USD_per_barrel
2015-08-12,DCOILWTICO,43.22,USD_per_barrel
2015-08-13,DCOILWTICO,42.27,USD_per_barrel
2015-08-14,DCOILWTICO,42.45,USD_per_barrel
2015-08-17,DCOILWTICO,41.93,USD_per_barrel
2015-08-18,DCOILWTICO,42.58,USD_per_barrel
2015-08-19,DCOILWTICO,40.75,USD_per_barrel
2015-08-20,DCOILWTICO,41.0,USD_per_barrel
2015-08-21,DCOILWTICO,40.45,USD_per_barrel
2015-08-24,DCOILWTICO,38.22,USD_per_barrel
2015-08-25,DCOILWTICO,39.15,USD_per_barrel
2015-08-26,DCOILWTICO,38.5,USD_per_barrel
2015-08-27,DCOILWTICO,42.47,USD_per_barrel
2015-08-28,DCOILWTICO,45.29,USD_per_barrel
2015-08-31,DCOILWTICO,49.2,USD_per_barrel
2015-09-01,DCOILWTICO,45.38,USD_per_barrel
2015-09-02,DCOILWTICO,46.3,USD_per_barrel
2015-09-03,DCOILWTICO,46.75,USD_per_barrel
2015-09-04,DCOILWTICO,46.02,USD_per_barrel
2015-09-08,DCOILWTICO,45.92,USD_per_barrel
2015-09-09,DCOILWTICO,44.13,USD_per_barrel
2015-09-10,DCOILWTICO,45.85,USD_per_barrel
2015-09-11,DCOILWTICO,44.75,USD_per_barrel
2015-09-14,DCOILWTICO,44.07,USD_per_barrel
2015-09-15,DCOILWTICO,44.58,USD_per_barrel
2015-09-16,DCOILWTICO,47.12,USD_per_barrel
2015-09-17,DCOILWTICO,46.93,USD_per_barrel
2015-09-18,DCOILWTICO,44.71,USD_per_barrel
2015-09-21,DCOILWTICO,46.67,USD_per_barrel
2015-09-22,DCOILWTICO,46.17,USD_per_barrel
2015-09-23,DCOILWTICO,44.53,USD_per_barrel
2015-09-24,DCOILWTICO,44.94,USD_per_barrel
2015-09-25,DCOILWTICO,45.55,USD_per_barrel
2015-09-28,DCOILWTICO,44.4,USD_per_barrel
2015-09-29,DCOILWTICO,45.24,USD_per_barrel
2015-09-30,DCOILWTICO,45.06,USD_per_barrel
2015-10-01,DCOILWTICO,44.75,USD_per_barrel
2015-10-02,DCOILWTICO,45.54,USD_per_barrel
2015-10-05,DCOILWTICO,46.28,USD_per_barrel
2015-10-06,DCOILWTICO,48.53,USD_per_barrel
2015-10-07,DCOILWTICO,47.86,USD_per_barrel
2015-10-08,DCOILWTICO,49.46,USD_per_barrel
2015-10-09,DCOILWTICO,49.67,USD_per_barrel
2015-10-12,DCOILWTICO,47.09,USD_per_barrel
2015-10-13,DCOILWTICO,46.7,USD_per_barrel
2015-10-14,DCOILWTICO,46.63,USD_per_barrel
2015-10-15,DCOILWTICO,46.38,USD_per_barrel
2015-10-16,DCOILWTICO,47.3,USD_per_barrel
2015-10-19,DCOILWTICO,45.91,USD_per_barrel
2015-10-20,DCOILWTICO,45.84,USD_per_barrel
2015-10-21,DCOILWTICO,45.22,USD_per_barrel
2015-10-22,DCOILWTICO,44.9,USD_per_barrel
2015-10-23,DCOILWTICO,43.91,USD_per_barrel
2015-10-26,DCOILWTICO,43.19,USD_per_barrel
2015-10-27,DCOILWTICO,43.21,USD_per_barrel
2015-10-28,DCOILWTICO,45.93,USD_per_barrel
2015-10-29,DCOILWTICO,46.02,USD_per_barrel
2015-10-30,DCOILWTICO,46.6,USD_per_barrel
2015-11-02,DCOILWTICO,46.12,USD_per_barrel
2015-11-03,DCOILWTICO,47.88,USD_per_barrel
2015-11-04,DCOILWTICO,46.32,USD_per_barrel
2015-11-05,DCOILWTICO,45.27,USD_per_barrel
2015-11-06,DCOILWTICO,44.32,USD_per_barrel
2015-11-09,DCOILWTICO,43.87,USD_per_barrel
2015-11-10,DCOILWTICO,44.23,USD_per_barrel
2015-11-11,DCOILWTICO,42.95,USD_per_barrel
2015-11-12,DCOILWTICO,41.74,USD_per_barrel
2015-11-13,DCOILWTICO,40.69,USD_per_barrel
2015-11-16,DCOILWTICO,41.68,USD_per_barrel
2015-11-17,DCOILWTICO,40.73,USD_per_barrel
2015-11-18,DCOILWTICO,40.75,USD_per_barrel
2015-11-19,DCOILWTICO,40.55,USD_per_barrel
2015-11-20,DCOILWTICO,39.39,USD_per_barrel
2015-11-23,DCOILWTICO,39.27,USD_per_barrel
2015-11-24,DCOILWTICO,40.89,USD_per_barrel
2015-11-25,DCOILWTICO,41.22,USD_per_barrel
2015-11-27,DCOILWTICO,40.57,USD_per_barrel
2015-11-30,DCOILWTICO,40.43,USD_per_barrel
2015-12-01,DCOILWTICO,40.58,USD_per_barrel
2015-12-02,DCOILWTICO,39.93,USD_per_barrel
2015-12-03,DCOILWTICO,41.08,USD_per_barrel
2015-12-04,DCOILWTICO,40.0,USD_per_barrel
2015-12-07,DCOILWTICO,37.64,USD_per_barrel
2015-12-08,DCOILWTICO,37.46,USD_per_barrel
2015-12-09,DCOILWTICO,37.16,USD_per_barrel
2015-12-10,DCOILWTICO,36.76,USD_per_barrel
2015-12-11,DCOILWTICO,35.65,USD_per_barrel
2015-12-14,DCOILWTICO,36.31,USD_per_barrel
2015-12-15,DCOILWTICO,37.32,USD_per_barrel
2015-12-16,DCOILWTICO,35.55,USD_per_barrel
2015-12-17,DCOILWTICO,34.98,USD_per_barrel
2015-12-18,DCOILWTICO,34.72,USD_per_barrel
2015-12-21,DCOILWTICO,34.55,USD_per_barrel
2015-12-22,DCOILWTICO,36.12,USD_per_barrel
2015-12-23,DCOILWTICO,36.76,USD_per_barrel
2015-12-24,DCOILWTICO,37.62,USD_per_barrel
2015-12-28,DCOILWTICO,36.36,USD_per_barrel
2015-12-29,DCOILWTICO,37.88,USD_per_barrel
2015-12-30,DCOILWTICO,36.59,USD_per_barrel
2015-12-31,DCOILWTICO,37.13,USD_per_barrel
2016-01-04,DCOILWTICO,36.81,USD_per_barrel
2016-01-05,DCOILWTICO,35.97,USD_per_barrel
2016-01-06,DCOILWTICO,33.97,USD_per_barrel
2016-01-07,DCOILWTICO,33.29,USD_per_barrel
2016-01-08,DCOILWTICO,33.2,USD_per_barrel
2016-01-11,DCOILWTICO,31.42,USD_per_barrel
2016-01-12,DCOILWTICO,30.42,USD_per_barrel
2016-01-13,DCOILWTICO,30.42,USD_per_barrel
2016-01-14,DCOILWTICO,31.22,USD_per_barrel
2016-01-15,DCOILWTICO,29.45,USD_per_barrel
2016-01-19,DCOILWTICO,28.47,USD_per_barrel
2016-01-20,DCOILWTICO,26.68,USD_per_barrel
2016-01-21,DCOILWTICO,29.55,USD_per_barrel
2016-01-22,DCOILWTICO,32.07,USD_per_barrel
2016-01-25,DCOILWTICO,30.31,USD_per_barrel
2016-01-26,DCOILWTICO,29.54,USD_per_barrel
2016-01-27,DCOILWTICO,32.32,USD_per_barrel
2016-01-28,DCOILWTICO,33.21,USD_per_barrel
2016-01-29,DCOILWTICO,33.66,USD_per_barrel
2016-02-01,DCOILWTICO,31.62,USD_per_barrel
2016-02-02,DCOILWTICO,29.9,USD_per_barrel
2016-02-03,DCOILWTICO,32.29,USD_per_barrel
2016-02-04,DCOILWTICO,31.63,USD_per_barrel
2016-02-05,DCOILWTICO,30.86,USD_per_barrel
2016-02-08,DCOILWTICO,29.71,USD_per_barrel
2016-02-09,DCOILWTICO,27.96,USD_per_barrel
2016-02-10,DCOILWTICO,27.54,USD_per_barrel
2016-02-11,DCOILWTICO,26.19,USD_per_barrel
2016-02-12,DCOILWTICO,29.32,USD_per_barrel
2016-02-16,DCOILWTICO,29.05,USD_per_barrel
2016-02-17,DCOILWTICO,30.68,USD_per_barrel
2016-02-18,DCOILWTICO,30.77,USD_per_barrel
2016-02-19,DCOILWTICO,29.59,USD_per_barrel
2016-02-22,DCOILWTICO,31.37,USD_per_barrel
2016-02-23,DCOILWTICO,31.84,USD_per_barrel
2016-02-24,DCOILWTICO,30.35,USD_per_barrel
2016-02-25,DCOILWTICO,31.4,USD_per_barrel
2016-02-26,DCOILWTICO,31.65,USD_per_barrel
2016-02-29,DCOILWTICO,32.74,USD_per_barrel
2016-03-01,DCOILWTICO,34.39,USD_per_barrel
2016-03-02,DCOILWTICO,34.57,USD_per_barrel
2016-03-03,DCOILWTICO,34.56,USD_per_barrel
2016-03-04,DCOILWTICO,35.91,USD_per_barrel
2016-03-07,DCOILWTICO,37.9,USD_per_barrel
2016-03-08,DCOILWTICO,36.67,USD_per_barrel
2016-03-09,DCOILWTICO,37.62,USD_per_barrel
2016-03-10,DCOILWTICO,37.77,USD_per_barrel
2016-03-11,DCOILWTICO,38.51,USD_per_barrel
2016-03-14,DCOILWTICO,37.2,USD_per_barrel
2016-03-15,DCOILWTICO,36.32,USD_per_barrel
2016-03-16,DCOILWTICO,38.43,USD_per_barrel
2016-03-17,DCOILWTICO,40.17,USD_per_barrel
2016-03-18,DCOILWTICO,39.47,USD_per_barrel
2016-03-21,DCOILWTICO,39.91,USD_per_barrel
2016-03-22,DCOILWTICO,41.45,USD_per_barrel
2016-03-23,DCOILWTICO,38.28,USD_per_barrel
2016-03-24,DCOILWTICO,38.14,USD_per_barrel
2016-03-28,DCOILWTICO,37.99,USD_per_barrel
2016-03-29,DCOILWTICO,36.91,USD_per_barrel
2016-03-30,DCOILWTICO,36.91,USD_per_barrel
2016-03-31,DCOILWTICO,36.94,USD_per_barrel
2016-04-01,DCOILWTICO,35.36,USD_per_barrel
2016-04-04,DCOILWTICO,34.3,USD_per_barrel
2016-04-05,DCOILWTICO,34.52,USD_per_barrel
2016-04-06,DCOILWTICO,37.74,USD_per_barrel
2016-04-07,DCOILWTICO,37.3,USD_per_barrel
2016-04-08,DCOILWTICO,39.74,USD_per_barrel
2016-04-11,DCOILWTICO,40.46,USD_per_barrel
2016-04-12,DCOILWTICO,42.12,USD_per_barrel
2016-04-13,DCOILWTICO,41.7,USD_per_barrel
2016-04-14,DCOILWTICO,41.45,USD_per_barrel
2016-04-15,DCOILWTICO,40.4,USD_per_barrel
2016-04-18,DCOILWTICO,39.74,USD_per_barrel
2016-04-19,DCOILWTICO,40.88,USD_per_barrel
2016-04-20,DCOILWTICO,42.72,USD_per_barrel
2016-04-21,DCOILWTICO,43.18,USD_per_barrel
2016-04-22,DCOILWTICO,42.76,USD_per_barrel
2016-04-25,DCOILWTICO,41.67,USD_per_barrel
2016-04-26,DCOILWTICO,42.52,USD_per_barrel
2016-04-27,DCOILWTICO,45.29,USD_per_barrel
2016-04-28,DCOILWTICO,46.03,USD_per_barrel
2016-04-29,DCOILWTICO,45.98,USD_per_barrel
2016-05-02,DCOILWTICO,44.75,USD_per_barrel
2016-05-03,DCOILWTICO,43.65,USD_per_barrel
2016-05-04,DCOILWTICO,43.77,USD_per_barrel
2016-05-05,DCOILWTICO,44.33,USD_per_barrel
2016-05-06,DCOILWTICO,44.58,USD_per_barrel
2016-05-09,DCOILWTICO,43.45,USD_per_barrel
2016-05-10,DCOILWTICO,44.68,USD_per_barrel
2016-05-11,DCOILWTICO,46.21,USD_per_barrel
2016-05-12,DCOILWTICO,46.64,USD_per_barrel
2016-05-13,DCOILWTICO,46.22,USD_per_barrel
2016-05-16,DCOILWTICO,47.72,USD_per_barrel
2016-05-17,DCOILWTICO,48.29,USD_per_barrel
2016-05-18,DCOILWTICO,48.12,USD_per_barrel
2016-05-19,DCOILWTICO,48.16,USD_per_barrel
2016-05-20,DCOILWTICO,47.67,USD_per_barrel
2016-05-23,DCOILWTICO,48.12,USD_per_barrel
2016-05-24,DCOILWTICO,48.04,USD_per_barrel
2016-05-25,DCOILWTICO,49.1,USD_per_barrel
2016-05-26,DCOILWTICO,49.0,USD_per_barrel
2016-05-27,DCOILWTICO,49.36,USD_per_barrel
2016-05-31,DCOILWTICO,49.1,USD_per_barrel
2016-06-01,DCOILWTICO,49.07,USD_per_barrel
2016-06-02,DCOILWTICO,49.14,USD_per_barrel
2016-06-03,DCOILWTICO,48.69,USD_per_barrel
2016-06-06,DCOILWTICO,49.71,USD_per_barrel
2016-06-07,DCOILWTICO,50.37,USD_per_barrel
2016-06-08,DCOILWTICO,51.23,USD_per_barrel
2016-06-09,DCOILWTICO,50.52,USD_per_barrel
2016-06-10,DCOILWTICO,49.09,USD_per_barrel
2016-06-13,DCOILWTICO,48.89,USD_per_barrel
2016-06-14,DCOILWTICO,48.49,USD_per_barrel
2016-06-15,DCOILWTICO,47.92,USD_per_barrel
2016-06-16,DCOILWTICO,46.14,USD_per_barrel
2016-06-17,DCOILWTICO,48.0,USD_per_barrel
2016-06-20,DCOILWTICO,49.4,USD_per_barrel
2016-06-21,DCOILWTICO,48.95,USD_per_barrel
2016-06-22,DCOILWTICO,49.16,USD_per_barrel
2016-06-23,DCOILWTICO,49.34,USD_per_barrel
2016-06-24,DCOILWTICO,46.7,USD_per_barrel
2016-06-27,DCOILWTICO,45.8,USD_per_barrel
2016-06-28,DCOILWTICO,47.93,USD_per_barrel
2016-06-29,DCOILWTICO,49.85,USD_per_barrel
2016-06-30,DCOILWTICO,48.27,USD_per_barrel
2016-07-01,DCOILWTICO,49.02,USD_per_barrel
2016-07-05,DCOILWTICO,46.73,USD_per_barrel
2016-07-06,DCOILWTICO,47.37,USD_per_barrel
2016-07-07,DCOILWTICO,45.22,USD_per_barrel
2016-07-08,DCOILWTICO,45.37,USD_per_barrel
2016-07-11,DCOILWTICO,44.73,USD_per_barrel
2016-07-12,DCOILWTICO,46.82,USD_per_barrel
2016-07-13,DCOILWTICO,44.87,USD_per_barrel
2016-07-14,DCOILWTICO,45.64,USD_per_barrel
2016-07-15,DCOILWTICO,45.93,USD_per_barrel
2016-07-18,DCOILWTICO,45.23,USD_per_barrel
2016-07-19,DCOILWTICO,44.64,USD_per_barrel
2016-07-20,DCOILWTICO,44.96,USD_per_barrel
2016-07-21,DCOILWTICO,43.96,USD_per_barrel
2016-07-22,DCOILWTICO,43.41,USD_per_barrel
2016-07-25,DCOILWTICO,42.4,USD_per_barrel
2016-07-26,DCOILWTICO,42.16,USD_per_barrel
2016-07-27,DCOILWTICO,41.9,USD_per_barrel
2016-07-28,DCOILWTICO,41.13,USD_per_barrel
2016-07-29,DCOILWTICO,41.54,USD_per_barrel
2016-08-01,DCOILWTICO,40.05,USD_per_barrel
2016-08-02,DCOILWTICO,39.5,USD_per_barrel
2016-08-03,DCOILWTICO,40.8,USD_per_barrel
2016-08-04,DCOILWTICO,41.92,USD_per_barrel
2016-08-05,DCOILWTICO,41.83,USD_per_barrel
2016-08-08,DCOILWTICO,43.06,USD_per_barrel
2016-08-09,DCOILWTICO,42.78,USD_per_barrel
2016-08-10,DCOILWTICO,41.75,USD_per_barrel
2016-08-11,DCOILWTICO,43.51,USD_per_barrel
2016-08-12,DCOILWTICO,44.47,USD_per_barrel
2016-08-15,DCOILWTICO,45.72,USD_per_barrel
2016-08-16,DCOILWTICO,46.57,USD_per_barrel
2016-08-17,DCOILWTICO,46.81,USD_per_barrel
2016-08-18,DCOILWTICO,48.2,USD_per_barrel
2016-08-19,DCOILWTICO,48.48,USD_per_barrel
2016-08-22,DCOILWTICO,46.8,USD_per_barrel
2016-08-23,DCOILWTICO,47.54,USD_per_barrel
2016-08-24,DCOILWTICO,46.29,USD_per_barrel
2016-08-25,DCOILWTICO,46.97,USD_per_barrel
2016-08-26,DCOILWTICO,47.64,USD_per_barrel
2016-08-29,DCOILWTICO,46.97,USD_per_barrel
2016-08-30,DCOILWTICO,46.32,USD_per_barrel
2016-08-31,DCOILWTICO,44.68,USD_per_barrel
2016-09-01,DCOILWTICO,43.17,USD_per_barrel
2016-09-02,DCOILWTICO,44.39,USD_per_barrel
2016-09-06,DCOILWTICO,44.85,USD_per_barrel
2016-09-07,DCOILWTICO,45.47,USD_per_barrel
2016-09-08,DCOILWTICO,47.63,USD_per_barrel
2016-09-09,DCOILWTICO,45.88,USD_per_barrel
2016-09-12,DCOILWTICO,46.28,USD_per_barrel
2016-09-13,DCOILWTICO,44.91,USD_per_barrel
2016-09-14,DCOILWTICO,43.62,USD_per_barrel
2016-09-15,DCOILWTICO,43.85,USD_per_barrel
2016-09-16,DCOILWTICO,43.04,USD_per_barrel
2016-09-19,DCOILWTICO,43.34,USD_per_barrel
2016-09-20,DCOILWTICO,43.85,USD_per_barrel
2016-09-21,DCOILWTICO,45.33,USD_per_barrel
2016-09-22,DCOILWTICO,46.1,USD_per_barrel
2016-09-23,DCOILWTICO,44.36,USD_per_barrel
2016-09-26,DCOILWTICO,45.6,USD_per_barrel
2016-09-27,DCOILWTICO,44.65,USD_per_barrel
2016-09-28,DCOILWTICO,47.07,USD_per_barrel
2016-09-29,DCOILWTICO,47.72,USD_per_barrel
2016-09-30,DCOILWTICO,47.72,USD_per_barrel
2016-10-03,DCOILWTICO,48.8,USD_per_barrel
2016-10-04,DCOILWTICO,48.67,USD_per_barrel
2016-10-05,DCOILWTICO,49.75,USD_per_barrel
2016-10-06,DCOILWTICO,50.44,USD_per_barrel
2016-10-07,DCOILWTICO,49.76,USD_per_barrel
2016-10-10,DCOILWTICO,49.76,USD_per_barrel
2016-10-11,DCOILWTICO,50.72,USD_per_barrel
2016-10-12,DCOILWTICO,50.14,USD_per_barrel
2016-10-13,DCOILWTICO,50.47,USD_per_barrel
2016-10-14,DCOILWTICO,50.35,USD_per_barrel
2016-10-17,DCOILWTICO,49.97,USD_per_barrel
2016-10-18,DCOILWTICO,50.3,USD_per_barrel
2016-10-19,DCOILWTICO,51.59,USD_per_barrel
2016-10-20,DCOILWTICO,50.31,USD_per_barrel
2016-10-21,DCOILWTICO,50.61,USD_per_barrel
2016-10-24,DCOILWTICO,50.18,USD_per_barrel
2016-10-25,DCOILWTICO,49.45,USD_per_barrel
2016-10-26,DCOILWTICO,48.75,USD_per_barrel
2016-10-27,DCOILWTICO,49.71,USD_per_barrel
2016-10-28,DCOILWTICO,48.72,USD_per_barrel
2016-10-31,DCOILWTICO,46.83,USD_per_barrel
2016-11-01,DCOILWTICO,46.66,USD_per_barrel
2016-11-02,DCOILWTICO,45.32,USD_per_barrel
2016-11-03,DCOILWTICO,44.66,USD_per_barrel
2016-11-04,DCOILWTICO,44.07,USD_per_barrel
2016-11-07,DCOILWTICO,44.88,USD_per_barrel
2016-11-08,DCOILWTICO,44.96,USD_per_barrel
2016-11-09,DCOILWTICO,45.2,USD_per_barrel
2016-11-10,DCOILWTICO,44.62,USD_per_barrel
2016-11-11,DCOILWTICO,43.39,USD_per_barrel
2016-11-14,DCOILWTICO,43.29,USD_per_barrel
2016-11-15,DCOILWTICO,45.86,USD_per_barrel
2016-11-16,DCOILWTICO,45.56,USD_per_barrel
2016-11-17,DCOILWTICO,45.37,USD_per_barrel
2016-11-18,DCOILWTICO,45.69,USD_per_barrel
2016-11-21,DCOILWTICO,47.48,USD_per_barrel
2016-11-22,DCOILWTICO,48.07,USD_per_barrel
2016-11-23,DCOILWTICO,46.72,USD_per_barrel
2016-11-25,DCOILWTICO,46.72,USD_per_barrel
2016-11-28,DCOILWTICO,45.66,USD_per_barrel
2016-11-29,DCOILWTICO,45.29,USD_per_barrel
2016-11-30,DCOILWTICO,49.41,USD_per_barrel
2016-12-01,DCOILWTICO,51.08,USD_per_barrel
2016-12-02,DCOILWTICO,51.7,USD_per_barrel
2016-12-05,DCOILWTICO,51.72,USD_per_barrel
2016-12-06,DCOILWTICO,50.95,USD_per_barrel
2016-12-07,DCOILWTICO,49.85,USD_per_barrel
2016-12-08,DCOILWTICO,50.84,USD_per_barrel
2016-12-09,DCOILWTICO,51.51,USD_per_barrel
2016-12-12,DCOILWTICO,52.74,USD_per_barrel
2016-12-13,DCOILWTICO,52.99,USD_per_barrel
2016-12-14,DCOILWTICO,51.01,USD_per_barrel
2016-12-15,DCOILWTICO,50.9,USD_per_barrel
2016-12-16,DCOILWTICO,51.93,USD_per_barrel
2016-12-19,DCOILWTICO,52.13,USD_per_barrel
2016-12-20,DCOILWTICO,52.22,USD_per_barrel
2016-12-21,DCOILWTICO,51.44,USD_per_barrel
2016-12-22,DCOILWTICO,51.98,USD_per_barrel
2016-12-23,DCOILWTICO,52.01,USD_per_barrel
2016-12-27,DCOILWTICO,52.82,USD_per_barrel
2016-12-28,DCOILWTICO,54.01,USD_per_barrel
2016-12-29,DCOILWTICO,53.8,USD_per_barrel
2016-12-30,DCOILWTICO,53.75,USD_per_barrel
2017-01-03,DCOILWTICO,52.36,USD_per_barrel
2017-01-04,DCOILWTICO,53.26,USD_per_barrel
2017-01-05,DCOILWTICO,53.77,USD_per_barrel
2017-01-06,DCOILWTICO,53.98,USD_per_barrel
2017-01-09,DCOILWTICO,51.95,USD_per_barrel
2017-01-10,DCOILWTICO,50.82,USD_per_barrel
2017-01-11,DCOILWTICO,52.19,USD_per_barrel
2017-01-12,DCOILWTICO,53.01,USD_per_barrel
2017-01-13,DCOILWTICO,52.36,USD_per_barrel
2017-01-17,DCOILWTICO,52.45,USD_per_barrel
2017-01-18,DCOILWTICO,51.12,USD_per_barrel
2017-01-19,DCOILWTICO,51.39,USD_per_barrel
2017-01-20,DCOILWTICO,52.33,USD_per_barrel
2017-01-23,DCOILWTICO,52.77,USD_per_barrel
2017-01-24,DCOILWTICO,52.38,USD_per_barrel
2017-01-25,DCOILWTICO,52.14,USD_per_barrel
2017-01-26,DCOILWTICO,53.24,USD_per_barrel
2017-01-27,DCOILWTICO,53.18,USD_per_barrel
2017-01-30,DCOILWTICO,52.63,USD_per_barrel
2017-01-31,DCOILWTICO,52.75,USD_per_barrel
2017-02-01,DCOILWTICO,53.9,USD_per_barrel
2017-02-02,DCOILWTICO,53.55,USD_per_barrel
2017-02-03,DCOILWTICO,53.81,USD_per_barrel
2017-02-06,DCOILWTICO,53.01,USD_per_barrel
2017-02-07,DCOILWTICO,52.19,USD_per_barrel
2017-02-08,DCOILWTICO,52.37,USD_per_barrel
2017-02-09,DCOILWTICO,52.99,USD_per_barrel
2017-02-10,DCOILWTICO,53.84,USD_per_barrel
2017-02-13,DCOILWTICO,52.96,USD_per_barrel
2017-02-14,DCOILWTICO,53.21,USD_per_barrel
2017-02-15,DCOILWTICO,53.11,USD_per_barrel
2017-02-16,DCOILWTICO,53.41,USD_per_barrel
2017-02-17,DCOILWTICO,53.41,USD_per_barrel
2017-02-21,DCOILWTICO,54.02,USD_per_barrel
2017-02-22,DCOILWTICO,53.61,USD_per_barrel
2017-02-23,DCOILWTICO,54.48,USD_per_barrel
2017-02-24,DCOILWTICO,53.99,USD_per_barrel
2017-02-27,DCOILWTICO,54.04,USD_per_barrel
2017-02-28,DCOILWTICO,54.0,USD_per_barrel
2017-03-01,DCOILWTICO,53.82,USD_per_barrel
2017-03-02,DCOILWTICO,52.63,USD_per_barrel
2017-03-03,DCOILWTICO,53.33,USD_per_barrel
2017-03-06,DCOILWTICO,53.19,USD_per_barrel
2017-03-07,DCOILWTICO,52.68,USD_per_barrel
2017-03-08,DCOILWTICO,49.83,USD_per_barrel
2017-03-09,DCOILWTICO,48.75,USD_per_barrel
2017-03-10,DCOILWTICO,48.05,USD_per_barrel
2017-03-13,DCOILWTICO,47.95,USD_per_barrel
2017-03-14,DCOILWTICO,47.24,USD_per_barrel
2017-03-15,DCOILWTICO,48.34,USD_per_barrel
2017-03-16,DCOILWTICO,48.3,USD_per_barrel
2017-03-17,DCOILWTICO,48.34,USD_per_barrel
2017-03-20,DCOILWTICO,47.79,USD_per_barrel
2017-03-21,DCOILWTICO,47.02,USD_per_barrel
2017-03-22,DCOILWTICO,47.29,USD_per_barrel
2017-03-23,DCOILWTICO,47.0,USD_per_barrel
2017-03-24,DCOILWTICO,47.3,USD_per_barrel
2017-03-27,DCOILWTICO,47.02,USD_per_barrel
2017-03-28,DCOILWTICO,48.36,USD_per_barrel
2017-03-29,DCOILWTICO,49.47,USD_per_barrel
2017-03-30,DCOILWTICO,50.3,USD_per_barrel
2017-03-31,DCOILWTICO,50.54,USD_per_barrel
2017-04-03,DCOILWTICO,50.25,USD_per_barrel
2017-04-04,DCOILWTICO,50.99,USD_per_barrel
2017-04-05,DCOILWTICO,51.14,USD_per_barrel
2017-04-06,DCOILWTICO,51.69,USD_per_barrel
2017-04-07,DCOILWTICO,52.25,USD_per_barrel
2017-04-10,DCOILWTICO,53.06,USD_per_barrel
2017-04-11,DCOILWTICO,53.38,USD_per_barrel
2017-04-12,DCOILWTICO,53.12,USD_per_barrel
2017-04-13,DCOILWTICO,53.19,USD_per_barrel
2017-04-17,DCOILWTICO,52.62,USD_per_barrel
2017-04-18,DCOILWTICO,52.46,USD_per_barrel
2017-04-19,DCOILWTICO,50.49,USD_per_barrel
2017-04-20,DCOILWTICO,50.26,USD_per_barrel
2017-04-21,DCOILWTICO,49.64,USD_per_barrel
2017-04-24,DCOILWTICO,48.9,USD_per_barrel
2017-04-25,DCOILWTICO,49.22,USD_per_barrel
2017-04-26,DCOILWTICO,49.22,USD_per_barrel
2017-04-27,DCOILWTICO,48.96,USD_per_barrel
2017-04-28,DCOILWTICO,49.31,USD_per_barrel
2017-05-01,DCOILWTICO,48.83,USD_per_barrel
2017-05-02,DCOILWTICO,47.65,USD_per_barrel
2017-05-03,DCOILWTICO,47.79,USD_per_barrel
2017-05-04,DCOILWTICO,45.55,USD_per_barrel
2017-05-05,DCOILWTICO,46.23,USD_per_barrel
2017-05-08,DCOILWTICO,46.46,USD_per_barrel
2017-05-09,DCOILWTICO,45.84,USD_per_barrel
2017-05-10,DCOILWTICO,47.28,USD_per_barrel
2017-05-11,DCOILWTICO,47.81,USD_per_barrel
2017-05-12,DCOILWTICO,47.83,USD_per_barrel
2017-05-15,DCOILWTICO,48.86,USD_per_barrel
2017-05-16,DCOILWTICO,48.64,USD_per_barrel
2017-05-17,DCOILWTICO,49.04,USD_per_barrel
2017-05-18,DCOILWTICO,49.36,USD_per_barrel
2017-05-19,DCOILWTICO,50.32,USD_per_barrel
2017-05-22,DCOILWTICO,50.81,USD_per_barrel
2017-05-23,DCOILWTICO,51.12,USD_per_barrel
2017-05-24,DCOILWTICO,50.99,USD_per_barrel
2017-05-25,DCOILWTICO,48.57,USD_per_barrel
2017-05-26,DCOILWTICO,49.58,USD_per_barrel
2017-05-30,DCOILWTICO,49.63,USD_per_barrel
2017-05-31,DCOILWTICO,48.29,USD_per_barrel
2017-06-01,DCOILWTICO,48.32,USD_per_barrel
2017-06-02,DCOILWTICO,47.68,USD_per_barrel
2017-06-05,DCOILWTICO,47.4,USD_per_barrel
2017-06-06,DCOILWTICO,48.13,USD_per_barrel
2017-06-07,DCOILWTICO,45.8,USD_per_barrel
2017-06-08,DCOILWTICO,45.68,USD_per_barrel
2017-06-09,DCOILWTICO,45.82,USD_per_barrel
2017-06-12,DCOILWTICO,46.1,USD_per_barrel
2017-06-13,DCOILWTICO,46.41,USD_per_barrel
2017-06-14,DCOILWTICO,44.79,USD_per_barrel
2017-06-15,DCOILWTICO,44.47,USD_per_barrel
2017-06-16,DCOILWTICO,44.73,USD_per_barrel
2017-06-19,DCOILWTICO,44.24,USD_per_barrel
2017-06-20,DCOILWTICO,43.34,USD_per_barrel
2017-06-21,DCOILWTICO,42.48,USD_per_barrel
2017-06-22,DCOILWTICO,42.53,USD_per_barrel
2017-06-23,DCOILWTICO,42.86,USD_per_barrel
2017-06-26,DCOILWTICO,43.24,USD_per_barrel
2017-06-27,DCOILWTICO,44.25,USD_per_barrel
2017-06-28,DCOILWTICO,44.74,USD_per_barrel
2017-06-29,DCOILWTICO,44.88,USD_per_barrel
2017-06-30,DCOILWTICO,46.02,USD_per_barrel
2017-07-05,DCOILWTICO,45.11,USD_per_barrel
2017-07-06,DCOILWTICO,45.52,USD_per_barrel
2017-07-07,DCOILWTICO,44.25,USD_per_barrel
2017-07-10,DCOILWTICO,44.4,USD_per_barrel
2017-07-11,DCOILWTICO,45.06,USD_per_barrel
2017-07-12,DCOILWTICO,45.48,USD_per_barrel
2017-07-13,DCOILWTICO,46.06,USD_per_barrel
2017-07-14,DCOILWTICO,46.53,USD_per_barrel
2017-07-17,DCOILWTICO,46.02,USD_per_barrel
2017-07-18,DCOILWTICO,46.4,USD_per_barrel
2017-07-19,DCOILWTICO,47.1,USD_per_barrel
2017-07-20,DCOILWTICO,46.73,USD_per_barrel
2017-07-21,DCOILWTICO,45.78,USD_per_barrel
2017-07-24,DCOILWTICO,46.21,USD_per_barrel
2017-07-25,DCOILWTICO,47.77,USD_per_barrel
2017-07-26,DCOILWTICO,48.58,USD_per_barrel
2017-07-27,DCOILWTICO,49.05,USD_per_barrel
2017-07-28,DCOILWTICO,49.72,USD_per_barrel
2017-07-31,DCOILWTICO,50.21,USD_per_barrel
2017-08-01,DCOILWTICO,49.19,USD_per_barrel
2017-08-02,DCOILWTICO,49.6,USD_per_barrel
2017-08-03,DCOILWTICO,49.03,USD_per_barrel
2017-08-04,DCOILWTICO,49.57,USD_per_barrel
2017-08-07,DCOILWTICO,49.37,USD_per_barrel
2017-08-08,DCOILWTICO,49.07,USD_per_barrel
2017-08-09,DCOILWTICO,49.59,USD_per_barrel
2017-08-10,DCOILWTICO,48.54,USD_per_barrel
2017-08-11,DCOILWTICO,48.81,USD_per_barrel
2017-08-14,DCOILWTICO,47.59,USD_per_barrel
2017-08-15,DCOILWTICO,47.57,USD_per_barrel
2017-08-16,DCOILWTICO,46.8,USD_per_barrel
2017-08-17,DCOILWTICO,47.07,USD_per_barrel
2017-08-18,DCOILWTICO,48.59,USD_per_barrel
2017-08-21,DCOILWTICO,47.39,USD_per_barrel
2017-08-22,DCOILWTICO,47.65,USD_per_barrel
2017-08-23,DCOILWTICO,48.45,USD_per_barrel
2017-08-24,DCOILWTICO,47.24,USD_per_barrel
2017-08-25,DCOILWTICO,47.65,USD_per_barrel
2017-08-28,DCOILWTICO,46.4,USD_per_barrel
2017-08-29,DCOILWTICO,46.46,USD_per_barrel
2017-08-30,DCOILWTICO,45.96,USD_per_barrel
2017-08-31,DCOILWTICO,47.26,USD_per_barrel
2017-09-01,DCOILWTICO,47.32,USD_per_barrel
2017-09-05,DCOILWTICO,48.63,USD_per_barrel
2017-09-06,DCOILWTICO,49.13,USD_per_barrel
2017-09-07,DCOILWTICO,49.1,USD_per_barrel
2017-09-08,DCOILWTICO,47.44,USD_per_barrel
2017-09-11,DCOILWTICO,48.06,USD_per_barrel
2017-09-12,DCOILWTICO,48.21,USD_per_barrel
2017-09-13,DCOILWTICO,49.3,USD_per_barrel
2017-09-14,DCOILWTICO,49.86,USD_per_barrel
2017-09-15,DCOILWTICO,49.9,USD_per_barrel
2017-09-18,DCOILWTICO,49.88,USD_per_barrel
2017-09-19,DCOILWTICO,49.54,USD_per_barrel
2017-09-20,DCOILWTICO,50.29,USD_per_barrel
2017-09-21,DCOILWTICO,50.58,USD_per_barrel
2017-09-22,DCOILWTICO,50.33,USD_per_barrel
2017-09-25,DCOILWTICO,51.85,USD_per_barrel
2017-09-26,DCOILWTICO,51.59,USD_per_barrel
2017-09-27,DCOILWTICO,52.14,USD_per_barrel
2017-09-28,DCOILWTICO,51.62,USD_per_barrel
2017-09-29,DCOILWTICO,51.67,USD_per_barrel
2017-10-02,DCOILWTICO,50.59,USD_per_barrel
2017-10-03,DCOILWTICO,50.44,USD_per_barrel
2017-10-04,DCOILWTICO,50.0,USD_per_barrel
2017-10-05,DCOILWTICO,50.79,USD_per_barrel
2017-10-06,DCOILWTICO,49.34,USD_per_barrel
2017-10-09,DCOILWTICO,49.58,USD_per_barrel
2017-10-10,DCOILWTICO,50.93,USD_per_barrel
2017-10-11,DCOILWTICO,51.3,USD_per_barrel
2017-10-12,DCOILWTICO,50.61,USD_per_barrel
2017-10-13,DCOILWTICO,51.43,USD_per_barrel
2017-10-16,DCOILWTICO,51.86,USD_per_barrel
2017-10-17,DCOILWTICO,51.87,USD_per_barrel
2017-10-18,DCOILWTICO,52.05,USD_per_barrel
2017-10-19,DCOILWTICO,51.29,USD_per_barrel
2017-10-20,DCOILWTICO,51.63,USD_per_barrel
2017-10-23,DCOILWTICO,51.91,USD_per_barrel
2017-10-24,DCOILWTICO,52.32,USD_per_barrel
2017-10-25,DCOILWTICO,51.97,USD_per_barrel
2017-10-26,DCOILWTICO,52.41,USD_per_barrel
2017-10-27,DCOILWTICO,53.92,USD_per_barrel
2017-10-30,DCOILWTICO,54.11,USD_per_barrel
2017-10-31,DCOILWTICO,54.36,USD_per_barrel
2017-11-01,DCOILWTICO,54.32,USD_per_barrel
2017-11-02,DCOILWTICO,54.55,USD_per_barrel
2017-11-03,DCOILWTICO,55.63,USD_per_barrel
2017-11-06,DCOILWTICO,57.34,USD_per_barrel
2017-11-07,DCOILWTICO,57.19,USD_per_barrel
2017-11-08,DCOILWTICO,56.82,USD_per_barrel
2017-11-09,DCOILWTICO,57.16,USD_per_barrel
2017-11-10,DCOILWTICO,56.75,USD_per_barrel
2017-11-13,DCOILWTICO,56.77,USD_per_barrel
2017-11-14,DCOILWTICO,55.67,USD_per_barrel
2017-11-15,DCOILWTICO,55.28,USD_per_barrel
2017-11-16,DCOILWTICO,55.14,USD_per_barrel
2017-11-17,DCOILWTICO,56.21,USD_per_barrel
2017-11-20,DCOILWTICO,56.21,USD_per_barrel
2017-11-21,DCOILWTICO,56.84,USD_per_barrel
2017-11-22,DCOILWTICO,57.88,USD_per_barrel
2017-11-24,DCOILWTICO,58.94,USD_per_barrel
2017-11-27,DCOILWTICO,58.1,USD_per_barrel
2017-11-28,DCOILWTICO,57.96,USD_per_barrel
2017-11-29,DCOILWTICO,57.25,USD_per_barrel
2017-11-30,DCOILWTICO,57.4,USD_per_barrel
2017-12-01,DCOILWTICO,58.35,USD_per_barrel
2017-12-04,DCOILWTICO,57.48,USD_per_barrel
2017-12-05,DCOILWTICO,57.66,USD_per_barrel
2017-12-06,DCOILWTICO,55.79,USD_per_barrel
2017-12-07,DCOILWTICO,56.5,USD_per_barrel
2017-12-08,DCOILWTICO,57.15,USD_per_barrel
2017-12-11,DCOILWTICO,57.84,USD_per_barrel
2017-12-12,DCOILWTICO,57.12,USD_per_barrel
2017-12-13,DCOILWTICO,56.59,USD_per_barrel
2017-12-14,DCOILWTICO,57.0,USD_per_barrel
2017-12-15,DCOILWTICO,57.29,USD_per_barrel
2017-12-18,DCOILWTICO,57.17,USD_per_barrel
2017-12-19,DCOILWTICO,57.49,USD_per_barrel
2017-12-20,DCOILWTICO,58.09,USD_per_barrel
2017-12-21,DCOILWTICO,58.34,USD_per_barrel
2017-12-22,DCOILWTICO,58.25,USD_per_barrel
2017-12-26,DCOILWTICO,59.55,USD_per_barrel
2017-12-27,DCOILWTICO,59.67,USD_per_barrel
2017-12-28,DCOILWTICO,59.84,USD_per_barrel
2017-12-29,DCOILWTICO,60.46,USD_per_barrel
2018-01-02,DCOILWTICO,60.37,USD_per_barrel
2018-01-03,DCOILWTICO,61.61,USD_per_barrel
2018-01-04,DCOILWTICO,61.98,USD_per_barrel
2018-01-05,DCOILWTICO,61.49,USD_per_barrel
2018-01-08,DCOILWTICO,61.73,USD_per_barrel
2018-01-09,DCOILWTICO,62.92,USD_per_barrel
2018-01-10,DCOILWTICO,63.6,USD_per_barrel
2018-01-11,DCOILWTICO,63.81,USD_per_barrel
2018-01-12,DCOILWTICO,64.22,USD_per_barrel
2018-01-16,DCOILWTICO,63.82,USD_per_barrel
2018-01-17,DCOILWTICO,63.92,USD_per_barrel
2018-01-18,DCOILWTICO,63.96,USD_per_barrel
2018-01-19,DCOILWTICO,63.38,USD_per_barrel
2018-01-22,DCOILWTICO,63.66,USD_per_barrel
2018-01-23,DCOILWTICO,64.45,USD_per_barrel
2018-01-24,DCOILWTICO,65.69,USD_per_barrel
2018-01-25,DCOILWTICO,65.62,USD_per_barrel
2018-01-26,DCOILWTICO,66.27,USD_per_barrel
2018-01-29,DCOILWTICO,65.71,USD_per_barrel
2018-01-30,DCOILWTICO,64.64,USD_per_barrel
2018-01-31,DCOILWTICO,64.82,USD_per_barrel
2018-02-01,DCOILWTICO,65.92,USD_per_barrel
2018-02-02,DCOILWTICO,65.5,USD_per_barrel
2018-02-05,DCOILWTICO,64.18,USD_per_barrel
2018-02-06,DCOILWTICO,63.48,USD_per_barrel
2018-02-07,DCOILWTICO,61.91,USD_per_barrel
2018-02-08,DCOILWTICO,61.3,USD_per_barrel
2018-02-09,DCOILWTICO,59.2,USD_per_barrel
2018-02-12,DCOILWTICO,59.41,USD_per_barrel
2018-02-13,DCOILWTICO,59.33,USD_per_barrel
2018-02-14,DCOILWTICO,60.7,USD_per_barrel
2018-02-15,DCOILWTICO,61.48,USD_per_barrel
2018-02-16,DCOILWTICO,61.89,USD_per_barrel
2018-02-20,DCOILWTICO,61.91,USD_per_barrel
2018-02-21,DCOILWTICO,61.73,USD_per_barrel
2018-02-22,DCOILWTICO,62.72,USD_per_barrel
2018-02-23,DCOILWTICO,63.52,USD_per_barrel
2018-02-26,DCOILWTICO,63.81,USD_per_barrel
2018-02-27,DCOILWTICO,62.94,USD_per_barrel
2018-02-28,DCOILWTICO,61.43,USD_per_barrel
2018-03-01,DCOILWTICO,60.98,USD_per_barrel
2018-03-02,DCOILWTICO,61.19,USD_per_barrel
2018-03-05,DCOILWTICO,62.49,USD_per_barrel
2018-03-06,DCOILWTICO,62.54,USD_per_barrel
2018-03-07,DCOILWTICO,61.09,USD_per_barrel
2018-03-08,DCOILWTICO,60.13,USD_per_barrel
2018-03-09,DCOILWTICO,62.02,USD_per_barrel
2018-03-12,DCOILWTICO,61.35,USD_per_barrel
2018-03-13,DCOILWTICO,60.69,USD_per_barrel
2018-03-14,DCOILWTICO,60.89,USD_per_barrel
2018-03-15,DCOILWTICO,61.16,USD_per_barrel
2018-03-16,DCOILWTICO,62.29,USD_per_barrel
2018-03-19,DCOILWTICO,62.01,USD_per_barrel
2018-03-20,DCOILWTICO,63.37,USD_per_barrel
2018-03-21,DCOILWTICO,65.1,USD_per_barrel
2018-03-22,DCOILWTICO,64.25,USD_per_barrel
2018-03-23,DCOILWTICO,65.8,USD_per_barrel
2018-03-26,DCOILWTICO,65.49,USD_per_barrel
2018-03-27,DCOILWTICO,65.21,USD_per_barrel
2018-03-28,DCOILWTICO,64.3,USD_per_barrel
2018-03-29,DCOILWTICO,64.87,USD_per_barrel
2018-04-02,DCOILWTICO,63.05,USD_per_barrel
2018-04-03,DCOILWTICO,63.41,USD_per_barrel
2018-04-04,DCOILWTICO,63.35,USD_per_barrel
2018-04-05,DCOILWTICO,63.53,USD_per_barrel
2018-04-06,DCOILWTICO,62.03,USD_per_barrel
2018-04-09,DCOILWTICO,63.4,USD_per_barrel
2018-04-10,DCOILWTICO,65.48,USD_per_barrel
2018-04-11,DCOILWTICO,66.81,USD_per_barrel
2018-04-12,DCOILWTICO,67.07,USD_per_barrel
2018-04-13,DCOILWTICO,67.35,USD_per_barrel
2018-04-16,DCOILWTICO,66.23,USD_per_barrel
2018-04-17,DCOILWTICO,66.5,USD_per_barrel
2018-04-18,DCOILWTICO,68.44,USD_per_barrel
2018-04-19,DCOILWTICO,68.3,USD_per_barrel
2018-04-20,DCOILWTICO,68.26,USD_per_barrel
2018-04-23,DCOILWTICO,67.61,USD_per_barrel
2018-04-24,DCOILWTICO,67.66,USD_per_barrel
2018-04-25,DCOILWTICO,68.0,USD_per_barrel
2018-04-26,DCOILWTICO,68.18,USD_per_barrel
2018-04-27,DCOILWTICO,68.11,USD_per_barrel
2018-04-30,DCOILWTICO,68.56,USD_per_barrel
2018-05-01,DCOILWTICO,67.28,USD_per_barrel
2018-05-02,DCOILWTICO,67.91,USD_per_barrel
2018-05-03,DCOILWTICO,68.45,USD_per_barrel
2018-05-04,DCOILWTICO,69.71,USD_per_barrel
2018-05-07,DCOILWTICO,70.74,USD_per_barrel
2018-05-08,DCOILWTICO,68.83,USD_per_barrel
2018-05-09,DCOILWTICO,71.16,USD_per_barrel
2018-05-10,DCOILWTICO,71.36,USD_per_barrel
2018-05-11,DCOILWTICO,70.69,USD_per_barrel
2018-05-14,DCOILWTICO,71.01,USD_per_barrel
2018-05-15,DCOILWTICO,71.34,USD_per_barrel
2018-05-16,DCOILWTICO,71.43,USD_per_barrel
2018-05-17,DCOILWTICO,71.47,USD_per_barrel
2018-05-18,DCOILWTICO,71.23,USD_per_barrel
2018-05-21,DCOILWTICO,72.26,USD_per_barrel
2018-05-22,DCOILWTICO,72.09,USD_per_barrel
2018-05-23,DCOILWTICO,71.85,USD_per_barrel
2018-05-24,DCOILWTICO,70.77,USD_per_barrel
2018-05-25,DCOILWTICO,67.92,USD_per_barrel
2018-05-29,DCOILWTICO,66.8,USD_per_barrel
2018-05-30,DCOILWTICO,68.24,USD_per_barrel
2018-05-31,DCOILWTICO,66.98,USD_per_barrel
2018-06-01,DCOILWTICO,65.81,USD_per_barrel
2018-06-04,DCOILWTICO,64.76,USD_per_barrel
2018-06-05,DCOILWTICO,65.51,USD_per_barrel
2018-06-06,DCOILWTICO,64.75,USD_per_barrel
2018-06-07,DCOILWTICO,65.96,USD_per_barrel
2018-06-08,DCOILWTICO,65.77,USD_per_barrel
2018-06-11,DCOILWTICO,66.1,USD_per_barrel
2018-06-12,DCOILWTICO,66.38,USD_per_barrel
2018-06-13,DCOILWTICO,66.63,USD_per_barrel
2018-06-14,DCOILWTICO,66.91,USD_per_barrel
2018-06-15,DCOILWTICO,65.01,USD_per_barrel
2018-06-18,DCOILWTICO,65.91,USD_per_barrel
2018-06-19,DCOILWTICO,65.09,USD_per_barrel
2018-06-20,DCOILWTICO,65.92,USD_per_barrel
2018-06-21,DCOILWTICO,65.68,USD_per_barrel
2018-06-22,DCOILWTICO,69.02,USD_per_barrel
2018-06-25,DCOILWTICO,69.91,USD_per_barrel
2018-06-26,DCOILWTICO,75.23,USD_per_barrel
2018-06-27,DCOILWTICO,77.41,USD_per_barrel
2018-06-28,DCOILWTICO,73.45,USD_per_barrel
2018-06-29,DCOILWTICO,74.13,USD_per_barrel
2018-07-02,DCOILWTICO,73.89,USD_per_barrel
2018-07-03,DCOILWTICO,74.19,USD_per_barrel
2018-07-05,DCOILWTICO,73.05,USD_per_barrel
2018-07-06,DCOILWTICO,73.78,USD_per_barrel
2018-07-09,DCOILWTICO,73.93,USD_per_barrel
2018-07-10,DCOILWTICO,74.11,USD_per_barrel
2018-07-11,DCOILWTICO,70.47,USD_per_barrel
2018-07-12,DCOILWTICO,70.28,USD_per_barrel
2018-07-13,DCOILWTICO,71.03,USD_per_barrel
2018-07-16,DCOILWTICO,68.22,USD_per_barrel
2018-07-17,DCOILWTICO,68.03,USD_per_barrel
2018-07-18,DCOILWTICO,68.78,USD_per_barrel
2018-07-19,DCOILWTICO,69.42,USD_per_barrel
2018-07-20,DCOILWTICO,70.31,USD_per_barrel
2018-07-23,DCOILWTICO,67.9,USD_per_barrel
2018-07-24,DCOILWTICO,70.77,USD_per_barrel
2018-07-25,DCOILWTICO,71.13,USD_per_barrel
2018-07-26,DCOILWTICO,71.59,USD_per_barrel
2018-07-27,DCOILWTICO,68.66,USD_per_barrel
2018-07-30,DCOILWTICO,71.19,USD_per_barrel
2018-07-31,DCOILWTICO,69.88,USD_per_barrel
2018-08-01,DCOILWTICO,68.8,USD_per_barrel
2018-08-02,DCOILWTICO,68.95,USD_per_barrel
2018-08-03,DCOILWTICO,68.49,USD_per_barrel
2018-08-06,DCOILWTICO,69.01,USD_per_barrel
2018-08-07,DCOILWTICO,69.17,USD_per_barrel
2018-08-08,DCOILWTICO,66.92,USD_per_barrel
2018-08-09,DCOILWTICO,66.81,USD_per_barrel
2018-08-10,DCOILWTICO,67.61,USD_per_barrel
2018-08-13,DCOILWTICO,67.25,USD_per_barrel
2018-08-14,DCOILWTICO,67.04,USD_per_barrel
2018-08-15,DCOILWTICO,65.07,USD_per_barrel
2018-08-16,DCOILWTICO,65.44,USD_per_barrel
2018-08-17,DCOILWTICO,65.93,USD_per_barrel
2018-08-20,DCOILWTICO,66.5,USD_per_barrel
2018-08-21,DCOILWTICO,67.32,USD_per_barrel
2018-08-22,DCOILWTICO,67.85,USD_per_barrel
2018-08-23,DCOILWTICO,69.13,USD_per_barrel
2018-08-24,DCOILWTICO,69.71,USD_per_barrel
2018-08-27,DCOILWTICO,69.97,USD_per_barrel
2018-08-28,DCOILWTICO,68.54,USD_per_barrel
2018-08-29,DCOILWTICO,69.68,USD_per_barrel
2018-08-30,DCOILWTICO,70.25,USD_per_barrel
2018-08-31,DCOILWTICO,69.84,USD_per_barrel
2018-09-04,DCOILWTICO,69.82,USD_per_barrel
2018-09-05,DCOILWTICO,68.69,USD_per_barrel
2018-09-06,DCOILWTICO,67.81,USD_per_barrel
2018-09-07,DCOILWTICO,67.73,USD_per_barrel
2018-09-10,DCOILWTICO,67.55,USD_per_barrel
2018-09-11,DCOILWTICO,69.29,USD_per_barrel
2018-09-12,DCOILWTICO,70.37,USD_per_barrel
2018-09-13,DCOILWTICO,68.6,USD_per_barrel
2018-09-14,DCOILWTICO,68.98,USD_per_barrel
2018-09-17,DCOILWTICO,68.86,USD_per_barrel
2018-09-18,DCOILWTICO,69.87,USD_per_barrel
2018-09-19,DCOILWTICO,71.08,USD_per_barrel
2018-09-20,DCOILWTICO,70.77,USD_per_barrel
2018-09-21,DCOILWTICO,70.8,USD_per_barrel
2018-09-24,DCOILWTICO,73.23,USD_per_barrel
2018-09-25,DCOILWTICO,73.4,USD_per_barrel
2018-09-26,DCOILWTICO,72.22,USD_per_barrel
2018-09-27,DCOILWTICO,72.18,USD_per_barrel
2018-09-28,DCOILWTICO,73.16,USD_per_barrel
2018-10-01,DCOILWTICO,75.37,USD_per_barrel
2018-10-02,DCOILWTICO,75.16,USD_per_barrel
2018-10-03,DCOILWTICO,76.4,USD_per_barrel
2018-10-04,DCOILWTICO,74.44,USD_per_barrel
2018-10-05,DCOILWTICO,74.26,USD_per_barrel
2018-10-08,DCOILWTICO,74.27,USD_per_barrel
2018-10-09,DCOILWTICO,74.95,USD_per_barrel
2018-10-10,DCOILWTICO,73.18,USD_per_barrel
2018-10-11,DCOILWTICO,70.97,USD_per_barrel
2018-10-12,DCOILWTICO,71.41,USD_per_barrel
2018-10-15,DCOILWTICO,71.84,USD_per_barrel
2018-10-16,DCOILWTICO,71.93,USD_per_barrel
2018-10-17,DCOILWTICO,69.63,USD_per_barrel
2018-10-18,DCOILWTICO,68.63,USD_per_barrel
2018-10-19,DCOILWTICO,69.16,USD_per_barrel
2018-10-22,DCOILWTICO,69.25,USD_per_barrel
2018-10-23,DCOILWTICO,66.49,USD_per_barrel
2018-10-24,DCOILWTICO,66.56,USD_per_barrel
2018-10-25,DCOILWTICO,67.25,USD_per_barrel
2018-10-26,DCOILWTICO,67.58,USD_per_barrel
2018-10-29,DCOILWTICO,67.0,USD_per_barrel
2018-10-30,DCOILWTICO,66.18,USD_per_barrel
2018-10-31,DCOILWTICO,65.31,USD_per_barrel
2018-11-01,DCOILWTICO,63.67,USD_per_barrel
2018-11-02,DCOILWTICO,63.12,USD_per_barrel
2018-11-05,DCOILWTICO,63.12,USD_per_barrel
2018-11-06,DCOILWTICO,62.16,USD_per_barrel
2018-11-07,DCOILWTICO,61.69,USD_per_barrel
2018-11-08,DCOILWTICO,60.71,USD_per_barrel
2018-11-09,DCOILWTICO,60.19,USD_per_barrel
2018-11-12,DCOILWTICO,59.85,USD_per_barrel
2018-11-13,DCOILWTICO,55.63,USD_per_barrel
2018-11-14,DCOILWTICO,56.16,USD_per_barrel
2018-11-15,DCOILWTICO,56.45,USD_per_barrel
2018-11-16,DCOILWTICO,56.49,USD_per_barrel
2018-11-19,DCOILWTICO,57.16,USD_per_barrel
2018-11-20,DCOILWTICO,53.39,USD_per_barrel
2018-11-21,DCOILWTICO,54.41,USD_per_barrel
2018-11-26,DCOILWTICO,51.46,USD_per_barrel
2018-11-27,DCOILWTICO,51.31,USD_per_barrel
2018-11-28,DCOILWTICO,50.06,USD_per_barrel
2018-11-29,DCOILWTICO,51.46,USD_per_barrel
2018-11-30,DCOILWTICO,50.78,USD_per_barrel
2018-12-03,DCOILWTICO,52.98,USD_per_barrel
2018-12-04,DCOILWTICO,53.21,USD_per_barrel
2018-12-05,DCOILWTICO,52.64,USD_per_barrel
2018-12-06,DCOILWTICO,51.54,USD_per_barrel
2018-12-07,DCOILWTICO,52.76,USD_per_barrel
2018-12-10,DCOILWTICO,51.07,USD_per_barrel
2018-12-11,DCOILWTICO,51.65,USD_per_barrel
2018-12-12,DCOILWTICO,51.04,USD_per_barrel
2018-12-13,DCOILWTICO,52.69,USD_per_barrel
2018-12-14,DCOILWTICO,51.26,USD_per_barrel
2018-12-17,DCOILWTICO,49.8,USD_per_barrel
2018-12-18,DCOILWTICO,46.12,USD_per_barrel
2018-12-19,DCOILWTICO,47.96,USD_per_barrel
2018-12-20,DCOILWTICO,45.64,USD_per_barrel
2018-12-21,DCOILWTICO,45.38,USD_per_barrel
2018-12-26,DCOILWTICO,46.04,USD_per_barrel
2018-12-27,DCOILWTICO,44.48,USD_per_barrel
2018-12-28,DCOILWTICO,45.15,USD_per_barrel
2019-01-02,DCOILWTICO,46.31,USD_per_barrel
2019-01-03,DCOILWTICO,46.92,USD_per_barrel
2019-01-04,DCOILWTICO,47.76,USD_per_barrel
2019-01-07,DCOILWTICO,48.27,USD_per_barrel
2019-01-08,DCOILWTICO,49.58,USD_per_barrel
2019-01-09,DCOILWTICO,52.19,USD_per_barrel
2019-01-10,DCOILWTICO,52.42,USD_per_barrel
2019-01-11,DCOILWTICO,51.44,USD_per_barrel
2019-01-14,DCOILWTICO,50.31,USD_per_barrel
2019-01-15,DCOILWTICO,51.8,USD_per_barrel
2019-01-16,DCOILWTICO,52.08,USD_per_barrel
2019-01-17,DCOILWTICO,51.83,USD_per_barrel
2019-01-18,DCOILWTICO,53.6,USD_per_barrel
2019-01-22,DCOILWTICO,52.59,USD_per_barrel
2019-01-23,DCOILWTICO,52.44,USD_per_barrel
2019-01-24,DCOILWTICO,52.94,USD_per_barrel
2019-01-25,DCOILWTICO,53.53,USD_per_barrel
2019-01-28,DCOILWTICO,51.79,USD_per_barrel
2019-01-29,DCOILWTICO,53.07,USD_per_barrel
2019-01-30,DCOILWTICO,54.18,USD_per_barrel
2019-01-31,DCOILWTICO,53.84,USD_per_barrel
2019-02-01,DCOILWTICO,55.29,USD_per_barrel
2019-02-04,DCOILWTICO,54.57,USD_per_barrel
2019-02-05,DCOILWTICO,53.69,USD_per_barrel
2019-02-06,DCOILWTICO,53.94,USD_per_barrel
2019-02-07,DCOILWTICO,52.68,USD_per_barrel
2019-02-08,DCOILWTICO,52.75,USD_per_barrel
2019-02-11,DCOILWTICO,52.43,USD_per_barrel
2019-02-12,DCOILWTICO,53.14,USD_per_barrel
2019-02-13,DCOILWTICO,53.84,USD_per_barrel
2019-02-14,DCOILWTICO,54.4,USD_per_barrel
2019-02-15,DCOILWTICO,55.58,USD_per_barrel
2019-02-19,DCOILWTICO,56.12,USD_per_barrel
2019-02-20,DCOILWTICO,56.9,USD_per_barrel
2019-02-21,DCOILWTICO,56.95,USD_per_barrel
2019-02-22,DCOILWTICO,57.01,USD_per_barrel
2019-02-25,DCOILWTICO,55.32,USD_per_barrel
2019-02-26,DCOILWTICO,55.4,USD_per_barrel
2019-02-27,DCOILWTICO,56.92,USD_per_barrel
2019-02-28,DCOILWTICO,57.21,USD_per_barrel
2019-03-01,DCOILWTICO,55.76,USD_per_barrel
2019-03-04,DCOILWTICO,56.6,USD_per_barrel
2019-03-05,DCOILWTICO,56.55,USD_per_barrel
2019-03-06,DCOILWTICO,56.22,USD_per_barrel
2019-03-07,DCOILWTICO,56.6,USD_per_barrel
2019-03-08,DCOILWTICO,55.77,USD_per_barrel
2019-03-11,DCOILWTICO,56.79,USD_per_barrel
2019-03-12,DCOILWTICO,56.89,USD_per_barrel
2019-03-13,DCOILWTICO,58.27,USD_per_barrel
2019-03-14,DCOILWTICO,58.59,USD_per_barrel
2019-03-15,DCOILWTICO,58.51,USD_per_barrel
2019-03-18,DCOILWTICO,59.09,USD_per_barrel
2019-03-19,DCOILWTICO,59.12,USD_per_barrel
2019-03-20,DCOILWTICO,60.12,USD_per_barrel
2019-03-21,DCOILWTICO,59.98,USD_per_barrel
2019-03-22,DCOILWTICO,58.87,USD_per_barrel
2019-03-25,DCOILWTICO,58.71,USD_per_barrel
2019-03-26,DCOILWTICO,59.87,USD_per_barrel
2019-03-27,DCOILWTICO,59.39,USD_per_barrel
2019-03-28,DCOILWTICO,59.29,USD_per_barrel
2019-03-29,DCOILWTICO,60.19,USD_per_barrel
2019-04-01,DCOILWTICO,61.59,USD_per_barrel
2019-04-02,DCOILWTICO,62.53,USD_per_barrel
2019-04-03,DCOILWTICO,62.46,USD_per_barrel
2019-04-04,DCOILWTICO,62.12,USD_per_barrel
2019-04-05,DCOILWTICO,63.1,USD_per_barrel
2019-04-08,DCOILWTICO,64.37,USD_per_barrel
2019-04-09,DCOILWTICO,64.05,USD_per_barrel
2019-04-10,DCOILWTICO,64.62,USD_per_barrel
2019-04-11,DCOILWTICO,63.61,USD_per_barrel
2019-04-12,DCOILWTICO,63.86,USD_per_barrel
2019-04-15,DCOILWTICO,63.43,USD_per_barrel
2019-04-16,DCOILWTICO,64.01,USD_per_barrel
2019-04-17,DCOILWTICO,63.74,USD_per_barrel
2019-04-18,DCOILWTICO,64.02,USD_per_barrel
2019-04-22,DCOILWTICO,65.66,USD_per_barrel
2019-04-23,DCOILWTICO,66.24,USD_per_barrel
2019-04-24,DCOILWTICO,65.96,USD_per_barrel
2019-04-25,DCOILWTICO,65.23,USD_per_barrel
2019-04-26,DCOILWTICO,63.29,USD_per_barrel
2019-04-29,DCOILWTICO,63.39,USD_per_barrel
2019-04-30,DCOILWTICO,63.83,USD_per_barrel
2019-05-01,DCOILWTICO,63.55,USD_per_barrel
2019-05-02,DCOILWTICO,61.75,USD_per_barrel
2019-05-03,DCOILWTICO,61.98,USD_per_barrel
2019-05-06,DCOILWTICO,62.3,USD_per_barrel
2019-05-07,DCOILWTICO,61.41,USD_per_barrel
2019-05-08,DCOILWTICO,62.13,USD_per_barrel
2019-05-09,DCOILWTICO,61.58,USD_per_barrel
2019-05-10,DCOILWTICO,61.65,USD_per_barrel
2019-05-13,DCOILWTICO,60.97,USD_per_barrel
2019-05-14,DCOILWTICO,61.82,USD_per_barrel
2019-05-15,DCOILWTICO,62.03,USD_per_barrel
2019-05-16,DCOILWTICO,62.93,USD_per_barrel
2019-05-17,DCOILWTICO,62.77,USD_per_barrel
2019-05-20,DCOILWTICO,63.12,USD_per_barrel
2019-05-21,DCOILWTICO,63.02,USD_per_barrel
2019-05-22,DCOILWTICO,61.42,USD_per_barrel
2019-05-23,DCOILWTICO,57.65,USD_per_barrel
2019-05-24,DCOILWTICO,58.4,USD_per_barrel
2019-05-28,DCOILWTICO,58.91,USD_per_barrel
2019-05-29,DCOILWTICO,58.84,USD_per_barrel
2019-05-30,DCOILWTICO,56.47,USD_per_barrel
2019-05-31,DCOILWTICO,53.49,USD_per_barrel
2019-06-03,DCOILWTICO,53.25,USD_per_barrel
2019-06-04,DCOILWTICO,53.5,USD_per_barrel
2019-06-05,DCOILWTICO,51.57,USD_per_barrel
2019-06-06,DCOILWTICO,52.59,USD_per_barrel
2019-06-07,DCOILWTICO,53.95,USD_per_barrel
2019-06-10,DCOILWTICO,53.33,USD_per_barrel
2019-06-11,DCOILWTICO,53.3,USD_per_barrel
2019-06-12,DCOILWTICO,51.13,USD_per_barrel
2019-06-13,DCOILWTICO,52.38,USD_per_barrel
2019-06-14,DCOILWTICO,52.47,USD_per_barrel
2019-06-17,DCOILWTICO,51.94,USD_per_barrel
2019-06-18,DCOILWTICO,53.86,USD_per_barrel
2019-06-19,DCOILWTICO,53.74,USD_per_barrel
2019-06-20,DCOILWTICO,56.88,USD_per_barrel
2019-06-21,DCOILWTICO,57.35,USD_per_barrel
2019-06-24,DCOILWTICO,57.73,USD_per_barrel
2019-06-25,DCOILWTICO,57.63,USD_per_barrel
2019-06-26,DCOILWTICO,59.17,USD_per_barrel
2019-06-27,DCOILWTICO,59.18,USD_per_barrel
2019-06-28,DCOILWTICO,58.2,USD_per_barrel
2019-07-01,DCOILWTICO,58.91,USD_per_barrel
2019-07-02,DCOILWTICO,56.0,USD_per_barrel
2019-07-03,DCOILWTICO,57.06,USD_per_barrel
2019-07-08,DCOILWTICO,57.35,USD_per_barrel
2019-07-09,DCOILWTICO,57.57,USD_per_barrel
2019-07-10,DCOILWTICO,60.28,USD_per_barrel
2019-07-11,DCOILWTICO,59.93,USD_per_barrel
2019-07-12,DCOILWTICO,59.99,USD_per_barrel
2019-07-15,DCOILWTICO,59.3,USD_per_barrel
2019-07-16,DCOILWTICO,57.44,USD_per_barrel
2019-07-17,DCOILWTICO,56.5,USD_per_barrel
2019-07-18,DCOILWTICO,55.08,USD_per_barrel
2019-07-19,DCOILWTICO,55.42,USD_per_barrel
2019-07-22,DCOILWTICO,55.87,USD_per_barrel
2019-07-23,DCOILWTICO,56.58,USD_per_barrel
2019-07-24,DCOILWTICO,55.9,USD_per_barrel
2019-07-25,DCOILWTICO,55.88,USD_per_barrel
2019-07-26,DCOILWTICO,56.04,USD_per_barrel
2019-07-29,DCOILWTICO,56.85,USD_per_barrel
2019-07-30,DCOILWTICO,58.04,USD_per_barrel
2019-07-31,DCOILWTICO,58.53,USD_per_barrel
2019-08-01,DCOILWTICO,53.64,USD_per_barrel
2019-08-02,DCOILWTICO,55.67,USD_per_barrel
2019-08-05,DCOILWTICO,54.63,USD_per_barrel
2019-08-06,DCOILWTICO,53.6,USD_per_barrel
2019-08-07,DCOILWTICO,51.14,USD_per_barrel
2019-08-08,DCOILWTICO,52.6,USD_per_barrel
2019-08-09,DCOILWTICO,54.41,USD_per_barrel
2019-08-12,DCOILWTICO,54.98,USD_per_barrel
2019-08-13,DCOILWTICO,57.05,USD_per_barrel
2019-08-14,DCOILWTICO,55.16,USD_per_barrel
2019-08-15,DCOILWTICO,54.51,USD_per_barrel
2019-08-16,DCOILWTICO,54.83,USD_per_barrel
2019-08-19,DCOILWTICO,56.24,USD_per_barrel
2019-08-20,DCOILWTICO,56.18,USD_per_barrel
2019-08-21,DCOILWTICO,55.65,USD_per_barrel
2019-08-22,DCOILWTICO,55.33,USD_per_barrel
2019-08-23,DCOILWTICO,54.08,USD_per_barrel
2019-08-26,DCOILWTICO,53.54,USD_per_barrel
2019-08-27,DCOILWTICO,54.99,USD_per_barrel
2019-08-28,DCOILWTICO,55.76,USD_per_barrel
2019-08-29,DCOILWTICO,56.67,USD_per_barrel
2019-08-30,DCOILWTICO,55.07,USD_per_barrel
2019-09-03,DCOILWTICO,53.91,USD_per_barrel
2019-09-04,DCOILWTICO,56.22,USD_per_barrel
2019-09-05,DCOILWTICO,56.33,USD_per_barrel
2019-09-06,DCOILWTICO,56.45,USD_per_barrel
2019-09-09,DCOILWTICO,57.88,USD_per_barrel
2019-09-10,DCOILWTICO,57.37,USD_per_barrel
2019-09-11,DCOILWTICO,55.66,USD_per_barrel
2019-09-12,DCOILWTICO,55.13,USD_per_barrel
2019-09-13,DCOILWTICO,54.76,USD_per_barrel
2019-09-16,DCOILWTICO,63.1,USD_per_barrel
2019-09-17,DCOILWTICO,59.26,USD_per_barrel
2019-09-18,DCOILWTICO,58.19,USD_per_barrel
2019-09-19,DCOILWTICO,58.19,USD_per_barrel
2019-09-20,DCOILWTICO,57.92,USD_per_barrel
2019-09-23,DCOILWTICO,58.69,USD_per_barrel
2019-09-24,DCOILWTICO,57.22,USD_per_barrel
2019-09-25,DCOILWTICO,56.38,USD_per_barrel
2019-09-26,DCOILWTICO,56.24,USD_per_barrel
2019-09-27,DCOILWTICO,55.95,USD_per_barrel
2019-09-30,DCOILWTICO,54.09,USD_per_barrel
2019-10-01,DCOILWTICO,53.6,USD_per_barrel
2019-10-02,DCOILWTICO,52.67,USD_per_barrel
2019-10-03,DCOILWTICO,52.41,USD_per_barrel
2019-10-04,DCOILWTICO,52.84,USD_per_barrel
2019-10-07,DCOILWTICO,52.76,USD_per_barrel
2019-10-08,DCOILWTICO,52.64,USD_per_barrel
2019-10-09,DCOILWTICO,52.63,USD_per_barrel
2019-10-10,DCOILWTICO,53.57,USD_per_barrel
2019-10-11,DCOILWTICO,54.76,USD_per_barrel
2019-10-14,DCOILWTICO,53.57,USD_per_barrel
2019-10-15,DCOILWTICO,52.81,USD_per_barrel
2019-10-16,DCOILWTICO,53.42,USD_per_barrel
2019-10-17,DCOILWTICO,53.89,USD_per_barrel
2019-10-18,DCOILWTICO,53.75,USD_per_barrel
2019-10-21,DCOILWTICO,53.28,USD_per_barrel
2019-10-22,DCOILWTICO,54.21,USD_per_barrel
2019-10-23,DCOILWTICO,55.9,USD_per_barrel
2019-10-24,DCOILWTICO,56.11,USD_per_barrel
2019-10-25,DCOILWTICO,56.52,USD_per_barrel
2019-10-28,DCOILWTICO,55.6,USD_per_barrel
2019-10-29,DCOILWTICO,55.34,USD_per_barrel
2019-10-30,DCOILWTICO,54.85,USD_per_barrel
2019-10-31,DCOILWTICO,54.02,USD_per_barrel
2019-11-01,DCOILWTICO,56.04,USD_per_barrel
2019-11-04,DCOILWTICO,56.33,USD_per_barrel
2019-11-05,DCOILWTICO,57.04,USD_per_barrel
2019-11-06,DCOILWTICO,56.15,USD_per_barrel
2019-11-07,DCOILWTICO,56.91,USD_per_barrel
2019-11-08,DCOILWTICO,57.02,USD_per_barrel
2019-11-12,DCOILWTICO,56.67,USD_per_barrel
2019-11-13,DCOILWTICO,56.88,USD_per_barrel
2019-11-14,DCOILWTICO,56.57,USD_per_barrel
2019-11-15,DCOILWTICO,57.54,USD_per_barrel
2019-11-18,DCOILWTICO,56.82,USD_per_barrel
2019-11-19,DCOILWTICO,54.93,USD_per_barrel
2019-11-20,DCOILWTICO,56.71,USD_per_barrel
2019-11-21,DCOILWTICO,58.36,USD_per_barrel
2019-11-22,DCOILWTICO,57.68,USD_per_barrel
2019-11-25,DCOILWTICO,57.79,USD_per_barrel
2019-11-26,DCOILWTICO,58.25,USD_per_barrel
2019-11-27,DCOILWTICO,58.12,USD_per_barrel
2019-11-29,DCOILWTICO,58.12,USD_per_barrel
2019-12-02,DCOILWTICO,55.97,USD_per_barrel
2019-12-03,DCOILWTICO,56.15,USD_per_barrel
2019-12-04,DCOILWTICO,58.46,USD_per_barrel
2019-12-05,DCOILWTICO,58.42,USD_per_barrel
2019-12-06,DCOILWTICO,59.2,USD_per_barrel
2019-12-09,DCOILWTICO,58.99,USD_per_barrel
2019-12-10,DCOILWTICO,59.22,USD_per_barrel
2019-12-11,DCOILWTICO,58.74,USD_per_barrel
2019-12-12,DCOILWTICO,59.18,USD_per_barrel
2019-12-13,DCOILWTICO,60.11,USD_per_barrel
2019-12-16,DCOILWTICO,60.21,USD_per_barrel
2019-12-17,DCOILWTICO,60.88,USD_per_barrel
2019-12-18,DCOILWTICO,60.93,USD_per_barrel
2019-12-19,DCOILWTICO,61.3,USD_per_barrel
2019-12-20,DCOILWTICO,60.43,USD_per_barrel
2019-12-23,DCOILWTICO,60.51,USD_per_barrel
2019-12-24,DCOILWTICO,61.17,USD_per_barrel
2019-12-26,DCOILWTICO,61.72,USD_per_barrel
2019-12-27,DCOILWTICO,61.76,USD_per_barrel
2019-12-30,DCOILWTICO,61.66,USD_per_barrel
2019-12-31,DCOILWTICO,61.14,USD_per_barrel
2020-01-02,DCOILWTICO,61.17,USD_per_barrel
2020-01-03,DCOILWTICO,63.0,USD_per_barrel
2020-01-06,DCOILWTICO,63.27,USD_per_barrel
2020-01-07,DCOILWTICO,62.7,USD_per_barrel
2020-01-08,DCOILWTICO,59.65,USD_per_barrel
2020-01-09,DCOILWTICO,59.56,USD_per_barrel
2020-01-10,DCOILWTICO,59.02,USD_per_barrel
2020-01-13,DCOILWTICO,58.17,USD_per_barrel
2020-01-14,DCOILWTICO,58.34,USD_per_barrel
2020-01-15,DCOILWTICO,57.86,USD_per_barrel
2020-01-16,DCOILWTICO,58.52,USD_per_barrel
2020-01-17,DCOILWTICO,58.55,USD_per_barrel
2020-01-21,DCOILWTICO,58.25,USD_per_barrel
2020-01-22,DCOILWTICO,56.76,USD_per_barrel
2020-01-23,DCOILWTICO,55.51,USD_per_barrel
2020-01-24,DCOILWTICO,54.09,USD_per_barrel
2020-01-27,DCOILWTICO,53.09,USD_per_barrel
2020-01-28,DCOILWTICO,53.33,USD_per_barrel
2020-01-29,DCOILWTICO,53.29,USD_per_barrel
2020-01-30,DCOILWTICO,52.19,USD_per_barrel
2020-01-31,DCOILWTICO,51.58,USD_per_barrel
2020-02-03,DCOILWTICO,50.06,USD_per_barrel
2020-02-04,DCOILWTICO,49.59,USD_per_barrel
2020-02-05,DCOILWTICO,50.87,USD_per_barrel
2020-02-06,DCOILWTICO,50.94,USD_per_barrel
2020-02-07,DCOILWTICO,50.34,USD_per_barrel
2020-02-10,DCOILWTICO,49.59,USD_per_barrel
2020-02-11,DCOILWTICO,50.0,USD_per_barrel
2020-02-12,DCOILWTICO,51.13,USD_per_barrel
2020-02-13,DCOILWTICO,51.41,USD_per_barrel
2020-02-14,DCOILWTICO,52.03,USD_per_barrel
2020-02-18,DCOILWTICO,52.1,USD_per_barrel
2020-02-19,DCOILWTICO,53.31,USD_per_barrel
2020-02-20,DCOILWTICO,53.77,USD_per_barrel
2020-02-21,DCOILWTICO,53.36,USD_per_barrel
2020-02-24,DCOILWTICO,51.36,USD_per_barrel
2020-02-25,DCOILWTICO,49.78,USD_per_barrel
2020-02-26,DCOILWTICO,48.67,USD_per_barrel
2020-02-27,DCOILWTICO,47.17,USD_per_barrel
2020-02-28,DCOILWTICO,44.83,USD_per_barrel
2020-03-02,DCOILWTICO,46.78,USD_per_barrel
2020-03-03,DCOILWTICO,47.27,USD_per_barrel
2020-03-04,DCOILWTICO,46.78,USD_per_barrel
2020-03-05,DCOILWTICO,45.9,USD_per_barrel
2020-03-06,DCOILWTICO,41.14,USD_per_barrel
2020-03-09,DCOILWTICO,31.05,USD_per_barrel
2020-03-10,DCOILWTICO,34.47,USD_per_barrel
2020-03-11,DCOILWTICO,33.13,USD_per_barrel
2020-03-12,DCOILWTICO,31.56,USD_per_barrel
2020-03-13,DCOILWTICO,31.72,USD_per_barrel
2020-03-16,DCOILWTICO,28.96,USD_per_barrel
2020-03-17,DCOILWTICO,26.96,USD_per_barrel
2020-03-18,DCOILWTICO,20.48,USD_per_barrel
2020-03-19,DCOILWTICO,25.09,USD_per_barrel
2020-03-20,DCOILWTICO,19.48,USD_per_barrel
2020-03-23,DCOILWTICO,23.33,USD_per_barrel
2020-03-24,DCOILWTICO,21.03,USD_per_barrel
2020-03-25,DCOILWTICO,20.75,USD_per_barrel
2020-03-26,DCOILWTICO,16.6,USD_per_barrel
2020-03-27,DCOILWTICO,15.48,USD_per_barrel
2020-03-30,DCOILWTICO,14.1,USD_per_barrel
2020-03-31,DCOILWTICO,20.51,USD_per_barrel
2020-04-01,DCOILWTICO,20.28,USD_per_barrel
2020-04-02,DCOILWTICO,25.18,USD_per_barrel
2020-04-03,DCOILWTICO,28.36,USD_per_barrel
2020-04-06,DCOILWTICO,26.21,USD_per_barrel
2020-04-07,DCOILWTICO,23.54,USD_per_barrel
2020-04-08,DCOILWTICO,24.97,USD_per_barrel
2020-04-09,DCOILWTICO,22.9,USD_per_barrel
2020-04-13,DCOILWTICO,22.36,USD_per_barrel
2020-04-14,DCOILWTICO,20.15,USD_per_barrel
2020-04-15,DCOILWTICO,19.96,USD_per_barrel
2020-04-16,DCOILWTICO,19.82,USD_per_barrel
2020-04-17,DCOILWTICO,18.31,USD_per_barrel
2020-04-20,DCOILWTICO,-36.98,USD_per_barrel
2020-04-21,DCOILWTICO,8.91,USD_per_barrel
2020-04-22,DCOILWTICO,13.64,USD_per_barrel
2020-04-23,DCOILWTICO,15.06,USD_per_barrel
2020-04-24,DCOILWTICO,15.99,USD_per_barrel
2020-04-27,DCOILWTICO,12.17,USD_per_barrel
2020-04-28,DCOILWTICO,12.4,USD_per_barrel
2020-04-29,DCOILWTICO,15.04,USD_per_barrel
2020-04-30,DCOILWTICO,19.23,USD_per_barrel
2020-05-01,DCOILWTICO,19.72,USD_per_barrel
2020-05-04,DCOILWTICO,20.47,USD_per_barrel
2020-05-05,DCOILWTICO,24.56,USD_per_barrel
2020-05-06,DCOILWTICO,23.88,USD_per_barrel
2020-05-07,DCOILWTICO,23.68,USD_per_barrel
2020-05-08,DCOILWTICO,24.73,USD_per_barrel
2020-05-11,DCOILWTICO,24.02,USD_per_barrel
2020-05-12,DCOILWTICO,25.76,USD_per_barrel
2020-05-13,DCOILWTICO,25.37,USD_per_barrel
2020-05-14,DCOILWTICO,27.4,USD_per_barrel
2020-05-15,DCOILWTICO,29.44,USD_per_barrel
2020-05-18,DCOILWTICO,31.83,USD_per_barrel
2020-05-19,DCOILWTICO,32.3,USD_per_barrel
2020-05-20,DCOILWTICO,33.56,USD_per_barrel
2020-05-21,DCOILWTICO,34.3,USD_per_barrel
2020-05-22,DCOILWTICO,33.49,USD_per_barrel
2020-05-26,DCOILWTICO,34.7,USD_per_barrel
2020-05-27,DCOILWTICO,32.8,USD_per_barrel
2020-05-28,DCOILWTICO,33.67,USD_per_barrel
2020-05-29,DCOILWTICO,35.57,USD_per_barrel
2020-06-01,DCOILWTICO,35.49,USD_per_barrel
2020-06-02,DCOILWTICO,36.88,USD_per_barrel
2020-06-03,DCOILWTICO,37.33,USD_per_barrel
2020-06-04,DCOILWTICO,37.42,USD_per_barrel
2020-06-05,DCOILWTICO,39.49,USD_per_barrel
2020-06-08,DCOILWTICO,38.17,USD_per_barrel
2020-06-09,DCOILWTICO,38.98,USD_per_barrel
2020-06-10,DCOILWTICO,39.54,USD_per_barrel
2020-06-11,DCOILWTICO,36.43,USD_per_barrel
2020-06-12,DCOILWTICO,36.24,USD_per_barrel
2020-06-15,DCOILWTICO,37.07,USD_per_barrel
2020-06-16,DCOILWTICO,38.26,USD_per_barrel
2020-06-17,DCOILWTICO,37.91,USD_per_barrel
2020-06-18,DCOILWTICO,38.79,USD_per_barrel
2020-06-19,DCOILWTICO,39.72,USD_per_barrel
2020-06-22,DCOILWTICO,40.6,USD_per_barrel
2020-06-23,DCOILWTICO,40.4,USD_per_barrel
2020-06-24,DCOILWTICO,37.91,USD_per_barrel
2020-06-25,DCOILWTICO,38.66,USD_per_barrel
2020-06-26,DCOILWTICO,38.53,USD_per_barrel
2020-06-29,DCOILWTICO,39.67,USD_per_barrel
2020-06-30,DCOILWTICO,39.27,USD_per_barrel
2020-07-01,DCOILWTICO,39.88,USD_per_barrel
2020-07-02,DCOILWTICO,40.57,USD_per_barrel
2020-07-06,DCOILWTICO,40.51,USD_per_barrel
2020-07-07,DCOILWTICO,40.59,USD_per_barrel
2020-07-08,DCOILWTICO,40.91,USD_per_barrel
2020-07-09,DCOILWTICO,39.64,USD_per_barrel
2020-07-10,DCOILWTICO,40.56,USD_per_barrel
2020-07-13,DCOILWTICO,40.06,USD_per_barrel
2020-07-14,DCOILWTICO,40.3,USD_per_barrel
2020-07-15,DCOILWTICO,41.2,USD_per_barrel
2020-07-16,DCOILWTICO,40.74,USD_per_barrel
2020-07-17,DCOILWTICO,40.55,USD_per_barrel
2020-07-20,DCOILWTICO,40.83,USD_per_barrel
2020-07-21,DCOILWTICO,41.76,USD_per_barrel
2020-07-22,DCOILWTICO,41.88,USD_per_barrel
2020-07-23,DCOILWTICO,40.99,USD_per_barrel
2020-07-24,DCOILWTICO,41.23,USD_per_barrel
2020-07-27,DCOILWTICO,41.46,USD_per_barrel
2020-07-28,DCOILWTICO,40.89,USD_per_barrel
2020-07-29,DCOILWTICO,41.13,USD_per_barrel
2020-07-30,DCOILWTICO,39.85,USD_per_barrel
2020-07-31,DCOILWTICO,40.1,USD_per_barrel
2020-08-03,DCOILWTICO,40.83,USD_per_barrel
2020-08-04,DCOILWTICO,41.67,USD_per_barrel
2020-08-05,DCOILWTICO,42.25,USD_per_barrel
2020-08-06,DCOILWTICO,41.93,USD_per_barrel
2020-08-07,DCOILWTICO,41.16,USD_per_barrel
2020-08-10,DCOILWTICO,41.94,USD_per_barrel
2020-08-11,DCOILWTICO,41.53,USD_per_barrel
2020-08-12,DCOILWTICO,42.6,USD_per_barrel
2020-08-13,DCOILWTICO,42.26,USD_per_barrel
2020-08-14,DCOILWTICO,42.05,USD_per_barrel
2020-08-17,DCOILWTICO,42.89,USD_per_barrel
2020-08-18,DCOILWTICO,42.89,USD_per_barrel
2020-08-19,DCOILWTICO,42.91,USD_per_barrel
2020-08-20,DCOILWTICO,42.62,USD_per_barrel
2020-08-21,DCOILWTICO,42.32,USD_per_barrel
2020-08-24,DCOILWTICO,42.44,USD_per_barrel
2020-08-25,DCOILWTICO,43.17,USD_per_barrel
2020-08-26,DCOILWTICO,43.21,USD_per_barrel
2020-08-27,DCOILWTICO,42.88,USD_per_barrel
2020-08-28,DCOILWTICO,42.96,USD_per_barrel
2020-08-31,DCOILWTICO,42.61,USD_per_barrel
2020-09-01,DCOILWTICO,42.76,USD_per_barrel
2020-09-02,DCOILWTICO,42.76,USD_per_barrel
2020-09-03,DCOILWTICO,41.39,USD_per_barrel
2020-09-04,DCOILWTICO,39.69,USD_per_barrel
2020-09-08,DCOILWTICO,36.87,USD_per_barrel
2020-09-09,DCOILWTICO,38.05,USD_per_barrel
2020-09-10,DCOILWTICO,37.25,USD_per_barrel
2020-09-11,DCOILWTICO,37.33,USD_per_barrel
2020-09-14,DCOILWTICO,37.23,USD_per_barrel
2020-09-15,DCOILWTICO,38.29,USD_per_barrel
2020-09-16,DCOILWTICO,40.17,USD_per_barrel
2020-09-17,DCOILWTICO,40.99,USD_per_barrel
2020-09-18,DCOILWTICO,41.09,USD_per_barrel
2020-09-21,DCOILWTICO,39.26,USD_per_barrel
2020-09-22,DCOILWTICO,39.55,USD_per_barrel
2020-09-23,DCOILWTICO,39.92,USD_per_barrel
2020-09-24,DCOILWTICO,40.11,USD_per_barrel
2020-09-25,DCOILWTICO,40.06,USD_per_barrel
2020-09-28,DCOILWTICO,40.47,USD_per_barrel
2020-09-29,DCOILWTICO,39.03,USD_per_barrel
2020-09-30,DCOILWTICO,40.05,USD_per_barrel
2020-10-01,DCOILWTICO,38.51,USD_per_barrel
2020-10-02,DCOILWTICO,36.9,USD_per_barrel
2020-10-05,DCOILWTICO,39.12,USD_per_barrel
2020-10-06,DCOILWTICO,40.52,USD_per_barrel
2020-10-07,DCOILWTICO,39.82,USD_per_barrel
2020-10-08,DCOILWTICO,41.04,USD_per_barrel
2020-10-09,DCOILWTICO,40.44,USD_per_barrel
2020-10-12,DCOILWTICO,39.22,USD_per_barrel
2020-10-13,DCOILWTICO,40.03,USD_per_barrel
2020-10-14,DCOILWTICO,40.86,USD_per_barrel
2020-10-15,DCOILWTICO,40.84,USD_per_barrel
2020-10-16,DCOILWTICO,40.7,USD_per_barrel
2020-10-19,DCOILWTICO,40.69,USD_per_barrel
2020-10-20,DCOILWTICO,41.37,USD_per_barrel
2020-10-21,DCOILWTICO,39.88,USD_per_barrel
2020-10-22,DCOILWTICO,40.46,USD_per_barrel
2020-10-23,DCOILWTICO,39.73,USD_per_barrel
2020-10-26,DCOILWTICO,38.39,USD_per_barrel
2020-10-27,DCOILWTICO,39.34,USD_per_barrel
2020-10-28,DCOILWTICO,37.27,USD_per_barrel
2020-10-29,DCOILWTICO,35.94,USD_per_barrel
2020-10-30,DCOILWTICO,35.64,USD_per_barrel
2020-11-02,DCOILWTICO,36.6,USD_per_barrel
2020-11-03,DCOILWTICO,37.44,USD_per_barrel
2020-11-04,DCOILWTICO,38.97,USD_per_barrel
2020-11-05,DCOILWTICO,38.56,USD_per_barrel
2020-11-06,DCOILWTICO,36.97,USD_per_barrel
2020-11-09,DCOILWTICO,40.05,USD_per_barrel
2020-11-10,DCOILWTICO,41.18,USD_per_barrel
2020-11-11,DCOILWTICO,41.23,USD_per_barrel
2020-11-12,DCOILWTICO,40.9,USD_per_barrel
2020-11-13,DCOILWTICO,39.93,USD_per_barrel
2020-11-16,DCOILWTICO,41.14,USD_per_barrel
2020-11-17,DCOILWTICO,41.24,USD_per_barrel
2020-11-18,DCOILWTICO,41.64,USD_per_barrel
2020-11-19,DCOILWTICO,41.57,USD_per_barrel
2020-11-20,DCOILWTICO,41.99,USD_per_barrel
2020-11-23,DCOILWTICO,42.91,USD_per_barrel
2020-11-24,DCOILWTICO,44.71,USD_per_barrel
2020-11-25,DCOILWTICO,45.58,USD_per_barrel
2020-11-30,DCOILWTICO,45.2,USD_per_barrel
2020-12-01,DCOILWTICO,44.54,USD_per_barrel
2020-12-02,DCOILWTICO,45.23,USD_per_barrel
2020-12-03,DCOILWTICO,45.65,USD_per_barrel
2020-12-04,DCOILWTICO,46.23,USD_per_barrel
2020-12-07,DCOILWTICO,45.72,USD_per_barrel
2020-12-08,DCOILWTICO,45.64,USD_per_barrel
2020-12-09,DCOILWTICO,45.48,USD_per_barrel
2020-12-10,DCOILWTICO,46.76,USD_per_barrel
2020-12-11,DCOILWTICO,46.59,USD_per_barrel
2020-12-14,DCOILWTICO,47.02,USD_per_barrel
2020-12-15,DCOILWTICO,47.58,USD_per_barrel
2020-12-16,DCOILWTICO,47.86,USD_per_barrel
2020-12-17,DCOILWTICO,48.34,USD_per_barrel
2020-12-18,DCOILWTICO,49.04,USD_per_barrel
2020-12-21,DCOILWTICO,47.79,USD_per_barrel
2020-12-22,DCOILWTICO,47.02,USD_per_barrel
2020-12-23,DCOILWTICO,47.94,USD_per_barrel
2020-12-24,DCOILWTICO,48.18,USD_per_barrel
2020-12-28,DCOILWTICO,47.5,USD_per_barrel
2020-12-29,DCOILWTICO,47.85,USD_per_barrel
2020-12-30,DCOILWTICO,48.24,USD_per_barrel
2020-12-31,DCOILWTICO,48.35,USD_per_barrel
2021-01-04,DCOILWTICO,47.47,USD_per_barrel
2021-01-05,DCOILWTICO,49.78,USD_per_barrel
2021-01-06,DCOILWTICO,50.45,USD_per_barrel
2021-01-07,DCOILWTICO,50.63,USD_per_barrel
2021-01-08,DCOILWTICO,52.14,USD_per_barrel
2021-01-11,DCOILWTICO,52.15,USD_per_barrel
2021-01-12,DCOILWTICO,53.08,USD_per_barrel
2021-01-13,DCOILWTICO,52.81,USD_per_barrel
2021-01-14,DCOILWTICO,53.47,USD_per_barrel
2021-01-15,DCOILWTICO,52.25,USD_per_barrel
2021-01-19,DCOILWTICO,52.87,USD_per_barrel
2021-01-20,DCOILWTICO,53.16,USD_per_barrel
2021-01-21,DCOILWTICO,53.0,USD_per_barrel
2021-01-22,DCOILWTICO,52.28,USD_per_barrel
2021-01-25,DCOILWTICO,52.78,USD_per_barrel
2021-01-26,DCOILWTICO,52.61,USD_per_barrel
2021-01-27,DCOILWTICO,52.81,USD_per_barrel
2021-01-28,DCOILWTICO,52.26,USD_per_barrel
2021-01-29,DCOILWTICO,52.16,USD_per_barrel
2021-02-01,DCOILWTICO,53.55,USD_per_barrel
2021-02-02,DCOILWTICO,54.77,USD_per_barrel
2021-02-03,DCOILWTICO,55.67,USD_per_barrel
2021-02-04,DCOILWTICO,56.19,USD_per_barrel
2021-02-05,DCOILWTICO,56.8,USD_per_barrel
2021-02-08,DCOILWTICO,57.95,USD_per_barrel
2021-02-09,DCOILWTICO,58.34,USD_per_barrel
2021-02-10,DCOILWTICO,58.69,USD_per_barrel
2021-02-11,DCOILWTICO,58.22,USD_per_barrel
2021-02-12,DCOILWTICO,59.5,USD_per_barrel
2021-02-16,DCOILWTICO,60.07,USD_per_barrel
2021-02-17,DCOILWTICO,61.09,USD_per_barrel
2021-02-18,DCOILWTICO,60.4,USD_per_barrel
2021-02-19,DCOILWTICO,59.12,USD_per_barrel
2021-02-22,DCOILWTICO,61.67,USD_per_barrel
2021-02-23,DCOILWTICO,61.66,USD_per_barrel
2021-02-24,DCOILWTICO,63.21,USD_per_barrel
2021-02-25,DCOILWTICO,63.43,USD_per_barrel
2021-02-26,DCOILWTICO,61.55,USD_per_barrel
2021-03-01,DCOILWTICO,60.54,USD_per_barrel
2021-03-02,DCOILWTICO,59.7,USD_per_barrel
2021-03-03,DCOILWTICO,61.33,USD_per_barrel
2021-03-04,DCOILWTICO,63.81,USD_per_barrel
2021-03-05,DCOILWTICO,66.08,USD_per_barrel
2021-03-08,DCOILWTICO,65.03,USD_per_barrel
2021-03-09,DCOILWTICO,64.02,USD_per_barrel
2021-03-10,DCOILWTICO,64.45,USD_per_barrel
2021-03-11,DCOILWTICO,66.02,USD_per_barrel
2021-03-12,DCOILWTICO,65.59,USD_per_barrel
2021-03-15,DCOILWTICO,65.36,USD_per_barrel
2021-03-16,DCOILWTICO,64.82,USD_per_barrel
2021-03-17,DCOILWTICO,64.55,USD_per_barrel
2021-03-18,DCOILWTICO,59.95,USD_per_barrel
2021-03-19,DCOILWTICO,61.43,USD_per_barrel
2021-03-22,DCOILWTICO,61.48,USD_per_barrel
2021-03-23,DCOILWTICO,57.75,USD_per_barrel
2021-03-24,DCOILWTICO,61.12,USD_per_barrel
2021-03-25,DCOILWTICO,58.47,USD_per_barrel
2021-03-26,DCOILWTICO,60.93,USD_per_barrel
2021-03-29,DCOILWTICO,61.49,USD_per_barrel
2021-03-30,DCOILWTICO,60.55,USD_per_barrel
2021-03-31,DCOILWTICO,59.19,USD_per_barrel
2021-04-01,DCOILWTICO,61.41,USD_per_barrel
2021-04-05,DCOILWTICO,58.73,USD_per_barrel
2021-04-06,DCOILWTICO,59.34,USD_per_barrel
2021-04-07,DCOILWTICO,59.77,USD_per_barrel
2021-04-08,DCOILWTICO,59.61,USD_per_barrel
2021-04-09,DCOILWTICO,59.29,USD_per_barrel
2021-04-12,DCOILWTICO,59.7,USD_per_barrel
2021-04-13,DCOILWTICO,60.2,USD_per_barrel
2021-04-14,DCOILWTICO,63.15,USD_per_barrel
2021-04-15,DCOILWTICO,63.42,USD_per_barrel
2021-04-16,DCOILWTICO,63.16,USD_per_barrel
2021-04-19,DCOILWTICO,63.33,USD_per_barrel
2021-04-20,DCOILWTICO,62.61,USD_per_barrel
2021-04-21,DCOILWTICO,61.34,USD_per_barrel
2021-04-22,DCOILWTICO,61.45,USD_per_barrel
2021-04-23,DCOILWTICO,62.18,USD_per_barrel
2021-04-26,DCOILWTICO,62.02,USD_per_barrel
2021-04-27,DCOILWTICO,63.03,USD_per_barrel
2021-04-28,DCOILWTICO,63.81,USD_per_barrel
2021-04-29,DCOILWTICO,65.0,USD_per_barrel
2021-04-30,DCOILWTICO,63.5,USD_per_barrel
2021-05-03,DCOILWTICO,64.46,USD_per_barrel
2021-05-04,DCOILWTICO,65.72,USD_per_barrel
2021-05-05,DCOILWTICO,65.63,USD_per_barrel
2021-05-06,DCOILWTICO,64.73,USD_per_barrel
2021-05-07,DCOILWTICO,64.96,USD_per_barrel
2021-05-10,DCOILWTICO,64.92,USD_per_barrel
2021-05-11,DCOILWTICO,65.31,USD_per_barrel
2021-05-12,DCOILWTICO,65.96,USD_per_barrel
2021-05-13,DCOILWTICO,63.82,USD_per_barrel
2021-05-14,DCOILWTICO,65.32,USD_per_barrel
2021-05-17,DCOILWTICO,66.24,USD_per_barrel
2021-05-18,DCOILWTICO,65.49,USD_per_barrel
2021-05-19,DCOILWTICO,63.28,USD_per_barrel
2021-05-20,DCOILWTICO,61.95,USD_per_barrel
2021-05-21,DCOILWTICO,63.61,USD_per_barrel
2021-05-24,DCOILWTICO,66.13,USD_per_barrel
2021-05-25,DCOILWTICO,66.27,USD_per_barrel
2021-05-26,DCOILWTICO,66.41,USD_per_barrel
2021-05-27,DCOILWTICO,66.87,USD_per_barrel
2021-05-28,DCOILWTICO,66.31,USD_per_barrel
2021-06-01,DCOILWTICO,67.8,USD_per_barrel
2021-06-02,DCOILWTICO,68.79,USD_per_barrel
2021-06-03,DCOILWTICO,68.81,USD_per_barrel
2021-06-04,DCOILWTICO,69.57,USD_per_barrel
2021-06-07,DCOILWTICO,69.21,USD_per_barrel
2021-06-08,DCOILWTICO,70.11,USD_per_barrel
2021-06-09,DCOILWTICO,69.9,USD_per_barrel
2021-06-10,DCOILWTICO,70.34,USD_per_barrel
2021-06-11,DCOILWTICO,71.0,USD_per_barrel
2021-06-14,DCOILWTICO,70.94,USD_per_barrel
2021-06-15,DCOILWTICO,72.06,USD_per_barrel
2021-06-16,DCOILWTICO,72.03,USD_per_barrel
2021-06-17,DCOILWTICO,71.06,USD_per_barrel
2021-06-18,DCOILWTICO,71.64,USD_per_barrel
2021-06-21,DCOILWTICO,73.64,USD_per_barrel
2021-06-22,DCOILWTICO,73.15,USD_per_barrel
2021-06-23,DCOILWTICO,73.11,USD_per_barrel
2021-06-24,DCOILWTICO,73.31,USD_per_barrel
2021-06-25,DCOILWTICO,74.21,USD_per_barrel
2021-06-28,DCOILWTICO,72.98,USD_per_barrel
2021-06-29,DCOILWTICO,73.14,USD_per_barrel
2021-06-30,DCOILWTICO,73.52,USD_per_barrel
2021-07-01,DCOILWTICO,75.33,USD_per_barrel
2021-07-02,DCOILWTICO,75.37,USD_per_barrel
2021-07-06,DCOILWTICO,73.62,USD_per_barrel
2021-07-07,DCOILWTICO,72.22,USD_per_barrel
2021-07-08,DCOILWTICO,72.98,USD_per_barrel
2021-07-09,DCOILWTICO,74.56,USD_per_barrel
2021-07-12,DCOILWTICO,74.21,USD_per_barrel
2021-07-13,DCOILWTICO,75.24,USD_per_barrel
2021-07-14,DCOILWTICO,73.06,USD_per_barrel
2021-07-15,DCOILWTICO,71.67,USD_per_barrel
2021-07-16,DCOILWTICO,71.76,USD_per_barrel
2021-07-19,DCOILWTICO,66.45,USD_per_barrel
2021-07-20,DCOILWTICO,67.32,USD_per_barrel
2021-07-21,DCOILWTICO,70.26,USD_per_barrel
2021-07-22,DCOILWTICO,72.15,USD_per_barrel
2021-07-23,DCOILWTICO,72.24,USD_per_barrel
2021-07-26,DCOILWTICO,72.15,USD_per_barrel
2021-07-27,DCOILWTICO,71.68,USD_per_barrel
2021-07-28,DCOILWTICO,72.37,USD_per_barrel
2021-07-29,DCOILWTICO,73.62,USD_per_barrel
2021-07-30,DCOILWTICO,73.93,USD_per_barrel
2021-08-02,DCOILWTICO,71.31,USD_per_barrel
2021-08-03,DCOILWTICO,70.64,USD_per_barrel
2021-08-04,DCOILWTICO,68.19,USD_per_barrel
2021-08-05,DCOILWTICO,69.1,USD_per_barrel
2021-08-06,DCOILWTICO,68.26,USD_per_barrel
2021-08-09,DCOILWTICO,66.56,USD_per_barrel
2021-08-10,DCOILWTICO,68.33,USD_per_barrel
2021-08-11,DCOILWTICO,69.3,USD_per_barrel
2021-08-12,DCOILWTICO,69.12,USD_per_barrel
2021-08-13,DCOILWTICO,68.36,USD_per_barrel
2021-08-16,DCOILWTICO,67.44,USD_per_barrel
2021-08-17,DCOILWTICO,66.5,USD_per_barrel
2021-08-18,DCOILWTICO,65.36,USD_per_barrel
2021-08-19,DCOILWTICO,63.69,USD_per_barrel
2021-08-20,DCOILWTICO,62.25,USD_per_barrel
2021-08-23,DCOILWTICO,65.65,USD_per_barrel
2021-08-24,DCOILWTICO,67.5,USD_per_barrel
2021-08-25,DCOILWTICO,68.54,USD_per_barrel
2021-08-26,DCOILWTICO,67.42,USD_per_barrel
2021-08-27,DCOILWTICO,68.84,USD_per_barrel
2021-08-30,DCOILWTICO,69.28,USD_per_barrel
2021-08-31,DCOILWTICO,68.43,USD_per_barrel
2021-09-01,DCOILWTICO,68.63,USD_per_barrel
2021-09-02,DCOILWTICO,70.07,USD_per_barrel
2021-09-03,DCOILWTICO,69.34,USD_per_barrel
2021-09-07,DCOILWTICO,68.49,USD_per_barrel
2021-09-08,DCOILWTICO,69.36,USD_per_barrel
2021-09-09,DCOILWTICO,68.26,USD_per_barrel
2021-09-10,DCOILWTICO,69.82,USD_per_barrel
2021-09-13,DCOILWTICO,70.54,USD_per_barrel
2021-09-14,DCOILWTICO,70.53,USD_per_barrel
2021-09-15,DCOILWTICO,72.59,USD_per_barrel
2021-09-16,DCOILWTICO,72.69,USD_per_barrel
2021-09-17,DCOILWTICO,72.09,USD_per_barrel
2021-09-20,DCOILWTICO,70.41,USD_per_barrel
2021-09-21,DCOILWTICO,70.51,USD_per_barrel
2021-09-22,DCOILWTICO,72.37,USD_per_barrel
2021-09-23,DCOILWTICO,73.43,USD_per_barrel
2021-09-24,DCOILWTICO,74.18,USD_per_barrel
2021-09-27,DCOILWTICO,75.54,USD_per_barrel
2021-09-28,DCOILWTICO,75.44,USD_per_barrel
2021-09-29,DCOILWTICO,75.06,USD_per_barrel
2021-09-30,DCOILWTICO,75.22,USD_per_barrel
2021-10-01,DCOILWTICO,76.01,USD_per_barrel
2021-10-04,DCOILWTICO,77.68,USD_per_barrel
2021-10-05,DCOILWTICO,79.17,USD_per_barrel
2021-10-06,DCOILWTICO,77.66,USD_per_barrel
2021-10-07,DCOILWTICO,78.46,USD_per_barrel
2021-10-08,DCOILWTICO,79.55,USD_per_barrel
2021-10-11,DCOILWTICO,80.64,USD_per_barrel
2021-10-12,DCOILWTICO,80.75,USD_per_barrel
2021-10-13,DCOILWTICO,80.67,USD_per_barrel
2021-10-14,DCOILWTICO,81.43,USD_per_barrel
2021-10-15,DCOILWTICO,82.39,USD_per_barrel
2021-10-18,DCOILWTICO,82.62,USD_per_barrel
2021-10-19,DCOILWTICO,83.19,USD_per_barrel
2021-10-20,DCOILWTICO,84.4,USD_per_barrel
2021-10-21,DCOILWTICO,82.64,USD_per_barrel
2021-10-22,DCOILWTICO,84.53,USD_per_barrel
2021-10-25,DCOILWTICO,84.64,USD_per_barrel
2021-10-26,DCOILWTICO,85.64,USD_per_barrel
2021-10-27,DCOILWTICO,82.66,USD_per_barrel
2021-10-28,DCOILWTICO,82.78,USD_per_barrel
2021-10-29,DCOILWTICO,83.5,USD_per_barrel
2021-11-01,DCOILWTICO,84.08,USD_per_barrel
2021-11-02,DCOILWTICO,83.91,USD_per_barrel
2021-11-03,DCOILWTICO,80.82,USD_per_barrel
2021-11-04,DCOILWTICO,78.88,USD_per_barrel
2021-11-05,DCOILWTICO,81.25,USD_per_barrel
2021-11-08,DCOILWTICO,81.96,USD_per_barrel
2021-11-09,DCOILWTICO,84.12,USD_per_barrel
2021-11-10,DCOILWTICO,81.23,USD_per_barrel
2021-11-11,DCOILWTICO,81.47,USD_per_barrel
2021-11-12,DCOILWTICO,80.87,USD_per_barrel
2021-11-15,DCOILWTICO,80.85,USD_per_barrel
2021-11-16,DCOILWTICO,80.76,USD_per_barrel
2021-11-17,DCOILWTICO,78.32,USD_per_barrel
2021-11-18,DCOILWTICO,78.92,USD_per_barrel
2021-11-19,DCOILWTICO,76.11,USD_per_barrel
2021-11-22,DCOILWTICO,76.74,USD_per_barrel
2021-11-23,DCOILWTICO,78.32,USD_per_barrel
2021-11-24,DCOILWTICO,78.32,USD_per_barrel
2021-11-29,DCOILWTICO,69.88,USD_per_barrel
2021-11-30,DCOILWTICO,66.14,USD_per_barrel
2021-12-01,DCOILWTICO,65.44,USD_per_barrel
2021-12-02,DCOILWTICO,66.6,USD_per_barrel
2021-12-03,DCOILWTICO,66.39,USD_per_barrel
2021-12-06,DCOILWTICO,69.62,USD_per_barrel
2021-12-07,DCOILWTICO,71.94,USD_per_barrel
2021-12-08,DCOILWTICO,72.43,USD_per_barrel
2021-12-09,DCOILWTICO,70.87,USD_per_barrel
2021-12-10,DCOILWTICO,71.71,USD_per_barrel
2021-12-13,DCOILWTICO,71.19,USD_per_barrel
2021-12-14,DCOILWTICO,70.57,USD_per_barrel
2021-12-15,DCOILWTICO,70.89,USD_per_barrel
2021-12-16,DCOILWTICO,72.34,USD_per_barrel
2021-12-17,DCOILWTICO,70.93,USD_per_barrel
2021-12-20,DCOILWTICO,68.69,USD_per_barrel
2021-12-21,DCOILWTICO,71.1,USD_per_barrel
2021-12-22,DCOILWTICO,72.82,USD_per_barrel
2021-12-23,DCOILWTICO,73.89,USD_per_barrel
2021-12-27,DCOILWTICO,75.49,USD_per_barrel
2021-12-28,DCOILWTICO,76.01,USD_per_barrel
2021-12-29,DCOILWTICO,76.58,USD_per_barrel
2021-12-30,DCOILWTICO,76.83,USD_per_barrel
2021-12-31,DCOILWTICO,75.33,USD_per_barrel
2022-01-03,DCOILWTICO,75.99,USD_per_barrel
2022-01-04,DCOILWTICO,77.0,USD_per_barrel
2022-01-05,DCOILWTICO,77.83,USD_per_barrel
2022-01-06,DCOILWTICO,79.47,USD_per_barrel
2022-01-07,DCOILWTICO,79.0,USD_per_barrel
2022-01-10,DCOILWTICO,78.11,USD_per_barrel
2022-01-11,DCOILWTICO,81.17,USD_per_barrel
2022-01-12,DCOILWTICO,82.51,USD_per_barrel
2022-01-13,DCOILWTICO,81.97,USD_per_barrel
2022-01-14,DCOILWTICO,83.82,USD_per_barrel
2022-01-18,DCOILWTICO,85.42,USD_per_barrel
2022-01-19,DCOILWTICO,86.84,USD_per_barrel
2022-01-20,DCOILWTICO,86.29,USD_per_barrel
2022-01-21,DCOILWTICO,85.16,USD_per_barrel
2022-01-24,DCOILWTICO,84.48,USD_per_barrel
2022-01-25,DCOILWTICO,86.61,USD_per_barrel
2022-01-26,DCOILWTICO,88.33,USD_per_barrel
2022-01-27,DCOILWTICO,87.61,USD_per_barrel
2022-01-28,DCOILWTICO,87.67,USD_per_barrel
2022-01-31,DCOILWTICO,89.16,USD_per_barrel
2022-02-01,DCOILWTICO,88.22,USD_per_barrel
2022-02-02,DCOILWTICO,88.16,USD_per_barrel
2022-02-03,DCOILWTICO,90.17,USD_per_barrel
2022-02-04,DCOILWTICO,92.27,USD_per_barrel
2022-02-07,DCOILWTICO,91.25,USD_per_barrel
2022-02-08,DCOILWTICO,89.32,USD_per_barrel
2022-02-09,DCOILWTICO,89.57,USD_per_barrel
2022-02-10,DCOILWTICO,89.83,USD_per_barrel
2022-02-11,DCOILWTICO,93.1,USD_per_barrel
2022-02-14,DCOILWTICO,95.52,USD_per_barrel
2022-02-15,DCOILWTICO,92.07,USD_per_barrel
2022-02-16,DCOILWTICO,93.83,USD_per_barrel
2022-02-17,DCOILWTICO,91.78,USD_per_barrel
2022-02-18,DCOILWTICO,91.26,USD_per_barrel
2022-02-22,DCOILWTICO,92.11,USD_per_barrel
2022-02-23,DCOILWTICO,92.14,USD_per_barrel
2022-02-24,DCOILWTICO,92.77,USD_per_barrel
2022-02-25,DCOILWTICO,91.68,USD_per_barrel
2022-02-28,DCOILWTICO,96.13,USD_per_barrel
2022-03-01,DCOILWTICO,103.66,USD_per_barrel
2022-03-02,DCOILWTICO,110.74,USD_per_barrel
2022-03-03,DCOILWTICO,107.69,USD_per_barrel
2022-03-04,DCOILWTICO,115.77,USD_per_barrel
2022-03-07,DCOILWTICO,119.26,USD_per_barrel
2022-03-08,DCOILWTICO,123.64,USD_per_barrel
2022-03-09,DCOILWTICO,108.81,USD_per_barrel
2022-03-10,DCOILWTICO,105.93,USD_per_barrel
2022-03-11,DCOILWTICO,109.31,USD_per_barrel
2022-03-14,DCOILWTICO,103.22,USD_per_barrel
2022-03-15,DCOILWTICO,96.42,USD_per_barrel
2022-03-16,DCOILWTICO,94.85,USD_per_barrel
2022-03-17,DCOILWTICO,102.97,USD_per_barrel
2022-03-18,DCOILWTICO,104.69,USD_per_barrel
2022-03-21,DCOILWTICO,112.14,USD_per_barrel
2022-03-22,DCOILWTICO,111.03,USD_per_barrel
2022-03-23,DCOILWTICO,114.89,USD_per_barrel
2022-03-24,DCOILWTICO,114.2,USD_per_barrel
2022-03-25,DCOILWTICO,116.2,USD_per_barrel
2022-03-28,DCOILWTICO,107.55,USD_per_barrel
2022-03-29,DCOILWTICO,104.25,USD_per_barrel
2022-03-30,DCOILWTICO,107.81,USD_per_barrel
2022-03-31,DCOILWTICO,100.53,USD_per_barrel
2022-04-01,DCOILWTICO,99.32,USD_per_barrel
2022-04-04,DCOILWTICO,103.29,USD_per_barrel
2022-04-05,DCOILWTICO,101.98,USD_per_barrel
2022-04-06,DCOILWTICO,96.39,USD_per_barrel
2022-04-07,DCOILWTICO,96.05,USD_per_barrel
2022-04-08,DCOILWTICO,98.35,USD_per_barrel
2022-04-11,DCOILWTICO,94.22,USD_per_barrel
2022-04-12,DCOILWTICO,100.52,USD_per_barrel
2022-04-13,DCOILWTICO,104.26,USD_per_barrel
2022-04-14,DCOILWTICO,106.84,USD_per_barrel
2022-04-18,DCOILWTICO,108.24,USD_per_barrel
2022-04-19,DCOILWTICO,102.54,USD_per_barrel
2022-04-20,DCOILWTICO,102.56,USD_per_barrel
2022-04-21,DCOILWTICO,103.89,USD_per_barrel
2022-04-22,DCOILWTICO,102.86,USD_per_barrel
2022-04-25,DCOILWTICO,99.6,USD_per_barrel
2022-04-26,DCOILWTICO,102.62,USD_per_barrel
2022-04-27,DCOILWTICO,101.96,USD_per_barrel
2022-04-28,DCOILWTICO,105.47,USD_per_barrel
2022-04-29,DCOILWTICO,104.59,USD_per_barrel
2022-05-02,DCOILWTICO,105.18,USD_per_barrel
2022-05-03,DCOILWTICO,102.53,USD_per_barrel
2022-05-04,DCOILWTICO,107.84,USD_per_barrel
2022-05-05,DCOILWTICO,108.17,USD_per_barrel
2022-05-06,DCOILWTICO,109.72,USD_per_barrel
2022-05-09,DCOILWTICO,103.08,USD_per_barrel
2022-05-10,DCOILWTICO,99.74,USD_per_barrel
2022-05-11,DCOILWTICO,105.5,USD_per_barrel
2022-05-12,DCOILWTICO,106.15,USD_per_barrel
2022-05-13,DCOILWTICO,110.52,USD_per_barrel
2022-05-16,DCOILWTICO,114.07,USD_per_barrel
2022-05-17,DCOILWTICO,112.31,USD_per_barrel
2022-05-18,DCOILWTICO,109.67,USD_per_barrel
2022-05-19,DCOILWTICO,112.21,USD_per_barrel
2022-05-20,DCOILWTICO,112.63,USD_per_barrel
2022-05-23,DCOILWTICO,110.32,USD_per_barrel
2022-05-24,DCOILWTICO,112.55,USD_per_barrel
2022-05-25,DCOILWTICO,112.88,USD_per_barrel
2022-05-26,DCOILWTICO,116.19,USD_per_barrel
2022-05-27,DCOILWTICO,114.96,USD_per_barrel
2022-05-31,DCOILWTICO,114.38,USD_per_barrel
2022-06-01,DCOILWTICO,115.26,USD_per_barrel
2022-06-02,DCOILWTICO,116.88,USD_per_barrel
2022-06-03,DCOILWTICO,118.97,USD_per_barrel
2022-06-06,DCOILWTICO,118.41,USD_per_barrel
2022-06-07,DCOILWTICO,119.55,USD_per_barrel
2022-06-08,DCOILWTICO,121.94,USD_per_barrel
2022-06-09,DCOILWTICO,121.52,USD_per_barrel
2022-06-10,DCOILWTICO,120.73,USD_per_barrel
2022-06-13,DCOILWTICO,120.92,USD_per_barrel
2022-06-14,DCOILWTICO,118.92,USD_per_barrel
2022-06-15,DCOILWTICO,115.32,USD_per_barrel
2022-06-16,DCOILWTICO,117.56,USD_per_barrel
2022-06-17,DCOILWTICO,109.56,USD_per_barrel
2022-06-21,DCOILWTICO,110.49,USD_per_barrel
2022-06-22,DCOILWTICO,106.22,USD_per_barrel
2022-06-23,DCOILWTICO,105.75,USD_per_barrel
2022-06-24,DCOILWTICO,109.07,USD_per_barrel
2022-06-27,DCOILWTICO,111.44,USD_per_barrel
2022-06-28,DCOILWTICO,113.66,USD_per_barrel
2022-06-29,DCOILWTICO,111.65,USD_per_barrel
2022-06-30,DCOILWTICO,107.76,USD_per_barrel
2022-07-01,DCOILWTICO,110.3,USD_per_barrel
2022-07-05,DCOILWTICO,101.55,USD_per_barrel
2022-07-06,DCOILWTICO,100.31,USD_per_barrel
2022-07-07,DCOILWTICO,104.62,USD_per_barrel
2022-07-08,DCOILWTICO,106.78,USD_per_barrel
2022-07-11,DCOILWTICO,106.09,USD_per_barrel
2022-07-12,DCOILWTICO,97.69,USD_per_barrel
2022-07-13,DCOILWTICO,98.44,USD_per_barrel
2022-07-14,DCOILWTICO,97.79,USD_per_barrel
2022-07-15,DCOILWTICO,99.59,USD_per_barrel
2022-07-18,DCOILWTICO,104.48,USD_per_barrel
2022-07-19,DCOILWTICO,106.12,USD_per_barrel
2022-07-20,DCOILWTICO,104.45,USD_per_barrel
2022-07-21,DCOILWTICO,98.44,USD_per_barrel
2022-07-22,DCOILWTICO,97.71,USD_per_barrel
2022-07-25,DCOILWTICO,99.83,USD_per_barrel
2022-07-26,DCOILWTICO,97.74,USD_per_barrel
2022-07-27,DCOILWTICO,100.03,USD_per_barrel
2022-07-28,DCOILWTICO,99.11,USD_per_barrel
2022-07-29,DCOILWTICO,101.31,USD_per_barrel
2022-08-01,DCOILWTICO,96.59,USD_per_barrel
2022-08-02,DCOILWTICO,97.14,USD_per_barrel
2022-08-03,DCOILWTICO,93.25,USD_per_barrel
2022-08-04,DCOILWTICO,91.29,USD_per_barrel
2022-08-05,DCOILWTICO,91.77,USD_per_barrel
2022-08-08,DCOILWTICO,93.52,USD_per_barrel
2022-08-09,DCOILWTICO,93.18,USD_per_barrel
2022-08-10,DCOILWTICO,94.68,USD_per_barrel
2022-08-11,DCOILWTICO,97.02,USD_per_barrel
2022-08-12,DCOILWTICO,94.86,USD_per_barrel
2022-08-15,DCOILWTICO,92.24,USD_per_barrel
2022-08-16,DCOILWTICO,89.23,USD_per_barrel
2022-08-17,DCOILWTICO,90.85,USD_per_barrel
2022-08-18,DCOILWTICO,93.2,USD_per_barrel
2022-08-19,DCOILWTICO,93.55,USD_per_barrel
2022-08-22,DCOILWTICO,93.42,USD_per_barrel
2022-08-23,DCOILWTICO,96.46,USD_per_barrel
2022-08-24,DCOILWTICO,95.52,USD_per_barrel
2022-08-25,DCOILWTICO,93.33,USD_per_barrel
2022-08-26,DCOILWTICO,93.63,USD_per_barrel
2022-08-29,DCOILWTICO,97.4,USD_per_barrel
2022-08-30,DCOILWTICO,92.08,USD_per_barrel
2022-08-31,DCOILWTICO,90.09,USD_per_barrel
2022-09-01,DCOILWTICO,87.09,USD_per_barrel
2022-09-02,DCOILWTICO,87.29,USD_per_barrel
2022-09-06,DCOILWTICO,87.35,USD_per_barrel
2022-09-07,DCOILWTICO,82.5,USD_per_barrel
2022-09-08,DCOILWTICO,84.04,USD_per_barrel
2022-09-09,DCOILWTICO,87.27,USD_per_barrel
2022-09-12,DCOILWTICO,88.18,USD_per_barrel
2022-09-13,DCOILWTICO,87.84,USD_per_barrel
2022-09-14,DCOILWTICO,88.88,USD_per_barrel
2022-09-15,DCOILWTICO,85.72,USD_per_barrel
2022-09-16,DCOILWTICO,85.57,USD_per_barrel
2022-09-19,DCOILWTICO,86.15,USD_per_barrel
2022-09-20,DCOILWTICO,84.69,USD_per_barrel
2022-09-21,DCOILWTICO,83.38,USD_per_barrel
2022-09-22,DCOILWTICO,84.02,USD_per_barrel
2022-09-23,DCOILWTICO,79.07,USD_per_barrel
2022-09-26,DCOILWTICO,77.17,USD_per_barrel
2022-09-27,DCOILWTICO,78.91,USD_per_barrel
2022-09-28,DCOILWTICO,82.61,USD_per_barrel
2022-09-29,DCOILWTICO,81.78,USD_per_barrel
2022-09-30,DCOILWTICO,79.91,USD_per_barrel
2022-10-03,DCOILWTICO,84.05,USD_per_barrel
2022-10-04,DCOILWTICO,86.87,USD_per_barrel
2022-10-05,DCOILWTICO,88.22,USD_per_barrel
2022-10-06,DCOILWTICO,88.9,USD_per_barrel
2022-10-07,DCOILWTICO,93.07,USD_per_barrel
2022-10-10,DCOILWTICO,91.6,USD_per_barrel
2022-10-11,DCOILWTICO,89.75,USD_per_barrel
2022-10-12,DCOILWTICO,87.83,USD_per_barrel
2022-10-13,DCOILWTICO,89.59,USD_per_barrel
2022-10-14,DCOILWTICO,86.1,USD_per_barrel
2022-10-17,DCOILWTICO,86.0,USD_per_barrel
2022-10-18,DCOILWTICO,83.29,USD_per_barrel
2022-10-19,DCOILWTICO,86.0,USD_per_barrel
2022-10-20,DCOILWTICO,86.02,USD_per_barrel
2022-10-21,DCOILWTICO,85.47,USD_per_barrel
2022-10-24,DCOILWTICO,86.12,USD_per_barrel
2022-10-25,DCOILWTICO,86.93,USD_per_barrel
2022-10-26,DCOILWTICO,89.39,USD_per_barrel
2022-10-27,DCOILWTICO,89.06,USD_per_barrel
2022-10-28,DCOILWTICO,87.85,USD_per_barrel
2022-10-31,DCOILWTICO,86.54,USD_per_barrel
2022-11-01,DCOILWTICO,88.36,USD_per_barrel
2022-11-02,DCOILWTICO,90.06,USD_per_barrel
2022-11-03,DCOILWTICO,88.14,USD_per_barrel
2022-11-04,DCOILWTICO,92.58,USD_per_barrel
2022-11-07,DCOILWTICO,91.8,USD_per_barrel
2022-11-08,DCOILWTICO,88.8,USD_per_barrel
2022-11-09,DCOILWTICO,85.79,USD_per_barrel
2022-11-10,DCOILWTICO,86.52,USD_per_barrel
2022-11-11,DCOILWTICO,89.14,USD_per_barrel
2022-11-14,DCOILWTICO,85.85,USD_per_barrel
2022-11-15,DCOILWTICO,86.87,USD_per_barrel
2022-11-16,DCOILWTICO,85.62,USD_per_barrel
2022-11-17,DCOILWTICO,81.69,USD_per_barrel
2022-11-18,DCOILWTICO,80.07,USD_per_barrel
2022-11-21,DCOILWTICO,79.74,USD_per_barrel
2022-11-22,DCOILWTICO,80.83,USD_per_barrel
2022-11-23,DCOILWTICO,77.93,USD_per_barrel
2022-11-25,DCOILWTICO,76.45,USD_per_barrel
2022-11-28,DCOILWTICO,77.1,USD_per_barrel
2022-11-29,DCOILWTICO,77.96,USD_per_barrel
2022-11-30,DCOILWTICO,80.48,USD_per_barrel
2022-12-01,DCOILWTICO,81.06,USD_per_barrel
2022-12-02,DCOILWTICO,79.86,USD_per_barrel
2022-12-05,DCOILWTICO,76.83,USD_per_barrel
2022-12-06,DCOILWTICO,74.21,USD_per_barrel
2022-12-07,DCOILWTICO,71.93,USD_per_barrel
2022-12-08,DCOILWTICO,71.3,USD_per_barrel
2022-12-09,DCOILWTICO,71.05,USD_per_barrel
2022-12-12,DCOILWTICO,72.96,USD_per_barrel
2022-12-13,DCOILWTICO,75.44,USD_per_barrel
2022-12-14,DCOILWTICO,77.14,USD_per_barrel
2022-12-15,DCOILWTICO,75.89,USD_per_barrel
2022-12-16,DCOILWTICO,74.19,USD_per_barrel
2022-12-19,DCOILWTICO,75.05,USD_per_barrel
2022-12-20,DCOILWTICO,75.92,USD_per_barrel
2022-12-21,DCOILWTICO,78.17,USD_per_barrel
2022-12-22,DCOILWTICO,77.68,USD_per_barrel
2022-12-23,DCOILWTICO,79.57,USD_per_barrel
2022-12-27,DCOILWTICO,79.45,USD_per_barrel
2022-12-28,DCOILWTICO,78.89,USD_per_barrel
2022-12-29,DCOILWTICO,78.43,USD_per_barrel
2022-12-30,DCOILWTICO,80.16,USD_per_barrel
2023-01-03,DCOILWTICO,76.87,USD_per_barrel
2023-01-04,DCOILWTICO,72.82,USD_per_barrel
2023-01-05,DCOILWTICO,73.61,USD_per_barrel
2023-01-06,DCOILWTICO,73.77,USD_per_barrel
2023-01-09,DCOILWTICO,74.69,USD_per_barrel
2023-01-10,DCOILWTICO,75.11,USD_per_barrel
2023-01-11,DCOILWTICO,77.46,USD_per_barrel
2023-01-12,DCOILWTICO,78.32,USD_per_barrel
2023-01-13,DCOILWTICO,79.9,USD_per_barrel
2023-01-17,DCOILWTICO,80.25,USD_per_barrel
2023-01-18,DCOILWTICO,79.53,USD_per_barrel
2023-01-19,DCOILWTICO,80.31,USD_per_barrel
2023-01-20,DCOILWTICO,81.27,USD_per_barrel
2023-01-23,DCOILWTICO,81.62,USD_per_barrel
2023-01-24,DCOILWTICO,79.86,USD_per_barrel
2023-01-25,DCOILWTICO,79.78,USD_per_barrel
2023-01-26,DCOILWTICO,80.64,USD_per_barrel
2023-01-27,DCOILWTICO,79.73,USD_per_barrel
2023-01-30,DCOILWTICO,77.97,USD_per_barrel
2023-01-31,DCOILWTICO,78.95,USD_per_barrel
2023-02-01,DCOILWTICO,76.34,USD_per_barrel
2023-02-02,DCOILWTICO,75.87,USD_per_barrel
2023-02-03,DCOILWTICO,73.4,USD_per_barrel
2023-02-06,DCOILWTICO,74.11,USD_per_barrel
2023-02-07,DCOILWTICO,77.17,USD_per_barrel
2023-02-08,DCOILWTICO,78.47,USD_per_barrel
2023-02-09,DCOILWTICO,78.04,USD_per_barrel
2023-02-10,DCOILWTICO,79.74,USD_per_barrel
2023-02-13,DCOILWTICO,80.14,USD_per_barrel
2023-02-14,DCOILWTICO,79.08,USD_per_barrel
2023-02-15,DCOILWTICO,78.57,USD_per_barrel
2023-02-16,DCOILWTICO,78.45,USD_per_barrel
2023-02-17,DCOILWTICO,76.31,USD_per_barrel
2023-02-21,DCOILWTICO,76.28,USD_per_barrel
2023-02-22,DCOILWTICO,73.95,USD_per_barrel
2023-02-23,DCOILWTICO,75.26,USD_per_barrel
2023-02-24,DCOILWTICO,76.19,USD_per_barrel
2023-02-27,DCOILWTICO,75.57,USD_per_barrel
2023-02-28,DCOILWTICO,76.88,USD_per_barrel
2023-03-01,DCOILWTICO,77.57,USD_per_barrel
2023-03-02,DCOILWTICO,78.05,USD_per_barrel
2023-03-03,DCOILWTICO,79.62,USD_per_barrel
2023-03-06,DCOILWTICO,80.39,USD_per_barrel
2023-03-07,DCOILWTICO,77.45,USD_per_barrel
2023-03-08,DCOILWTICO,76.56,USD_per_barrel
2023-03-09,DCOILWTICO,75.6,USD_per_barrel
2023-03-10,DCOILWTICO,76.55,USD_per_barrel
2023-03-13,DCOILWTICO,74.68,USD_per_barrel
2023-03-14,DCOILWTICO,71.18,USD_per_barrel
2023-03-15,DCOILWTICO,67.38,USD_per_barrel
2023-03-16,DCOILWTICO,68.15,USD_per_barrel
2023-03-17,DCOILWTICO,66.61,USD_per_barrel
2023-03-20,DCOILWTICO,67.56,USD_per_barrel
2023-03-21,DCOILWTICO,69.4,USD_per_barrel
2023-03-22,DCOILWTICO,70.71,USD_per_barrel
2023-03-23,DCOILWTICO,69.77,USD_per_barrel
2023-03-24,DCOILWTICO,69.22,USD_per_barrel
2023-03-27,DCOILWTICO,72.87,USD_per_barrel
2023-03-28,DCOILWTICO,73.12,USD_per_barrel
2023-03-29,DCOILWTICO,72.95,USD_per_barrel
2023-03-30,DCOILWTICO,74.32,USD_per_barrel
2023-03-31,DCOILWTICO,75.68,USD_per_barrel
2023-04-03,DCOILWTICO,80.4,USD_per_barrel
2023-04-04,DCOILWTICO,80.7,USD_per_barrel
2023-04-05,DCOILWTICO,80.69,USD_per_barrel
2023-04-06,DCOILWTICO,80.7,USD_per_barrel
2023-04-10,DCOILWTICO,79.79,USD_per_barrel
2023-04-11,DCOILWTICO,81.54,USD_per_barrel
2023-04-12,DCOILWTICO,83.26,USD_per_barrel
2023-04-13,DCOILWTICO,82.16,USD_per_barrel
2023-04-14,DCOILWTICO,82.58,USD_per_barrel
2023-04-17,DCOILWTICO,80.93,USD_per_barrel
2023-04-18,DCOILWTICO,80.85,USD_per_barrel
2023-04-19,DCOILWTICO,79.18,USD_per_barrel
2023-04-20,DCOILWTICO,77.27,USD_per_barrel
2023-04-21,DCOILWTICO,77.86,USD_per_barrel
2023-04-24,DCOILWTICO,78.64,USD_per_barrel
2023-04-25,DCOILWTICO,77.05,USD_per_barrel
2023-04-26,DCOILWTICO,74.33,USD_per_barrel
2023-04-27,DCOILWTICO,74.77,USD_per_barrel
2023-04-28,DCOILWTICO,76.78,USD_per_barrel
2023-05-01,DCOILWTICO,75.65,USD_per_barrel
2023-05-02,DCOILWTICO,71.71,USD_per_barrel
2023-05-03,DCOILWTICO,68.62,USD_per_barrel
2023-05-04,DCOILWTICO,68.52,USD_per_barrel
2023-05-05,DCOILWTICO,71.32,USD_per_barrel
2023-05-08,DCOILWTICO,73.13,USD_per_barrel
2023-05-09,DCOILWTICO,73.68,USD_per_barrel
2023-05-10,DCOILWTICO,72.53,USD_per_barrel
2023-05-11,DCOILWTICO,70.81,USD_per_barrel
2023-05-12,DCOILWTICO,70.02,USD_per_barrel
2023-05-15,DCOILWTICO,71.07,USD_per_barrel
2023-05-16,DCOILWTICO,70.85,USD_per_barrel
2023-05-17,DCOILWTICO,72.78,USD_per_barrel
2023-05-18,DCOILWTICO,71.82,USD_per_barrel
2023-05-19,DCOILWTICO,71.57,USD_per_barrel
2023-05-22,DCOILWTICO,71.81,USD_per_barrel
2023-05-23,DCOILWTICO,72.87,USD_per_barrel
2023-05-24,DCOILWTICO,74.37,USD_per_barrel
2023-05-25,DCOILWTICO,71.68,USD_per_barrel
2023-05-26,DCOILWTICO,72.35,USD_per_barrel
2023-05-30,DCOILWTICO,69.45,USD_per_barrel
2023-05-31,DCOILWTICO,68.11,USD_per_barrel
2023-06-01,DCOILWTICO,70.09,USD_per_barrel
2023-06-02,DCOILWTICO,71.76,USD_per_barrel
2023-06-05,DCOILWTICO,72.14,USD_per_barrel
2023-06-06,DCOILWTICO,71.71,USD_per_barrel
2023-06-07,DCOILWTICO,72.52,USD_per_barrel
2023-06-08,DCOILWTICO,71.28,USD_per_barrel
2023-06-09,DCOILWTICO,70.16,USD_per_barrel
2023-06-12,DCOILWTICO,67.08,USD_per_barrel
2023-06-13,DCOILWTICO,69.39,USD_per_barrel
2023-06-14,DCOILWTICO,68.22,USD_per_barrel
2023-06-15,DCOILWTICO,70.61,USD_per_barrel
2023-06-16,DCOILWTICO,71.81,USD_per_barrel
2023-06-20,DCOILWTICO,70.94,USD_per_barrel
2023-06-21,DCOILWTICO,72.55,USD_per_barrel
2023-06-22,DCOILWTICO,69.22,USD_per_barrel
2023-06-23,DCOILWTICO,68.91,USD_per_barrel
2023-06-26,DCOILWTICO,69.09,USD_per_barrel
2023-06-27,DCOILWTICO,67.68,USD_per_barrel
2023-06-28,DCOILWTICO,69.54,USD_per_barrel
2023-06-29,DCOILWTICO,69.85,USD_per_barrel
2023-06-30,DCOILWTICO,70.66,USD_per_barrel
2023-07-03,DCOILWTICO,69.71,USD_per_barrel
2023-07-05,DCOILWTICO,71.78,USD_per_barrel
2023-07-06,DCOILWTICO,71.76,USD_per_barrel
2023-07-07,DCOILWTICO,73.91,USD_per_barrel
2023-07-10,DCOILWTICO,73.05,USD_per_barrel
2023-07-11,DCOILWTICO,74.87,USD_per_barrel
2023-07-12,DCOILWTICO,75.77,USD_per_barrel
2023-07-13,DCOILWTICO,76.86,USD_per_barrel
2023-07-14,DCOILWTICO,75.44,USD_per_barrel
2023-07-17,DCOILWTICO,74.17,USD_per_barrel
2023-07-18,DCOILWTICO,75.76,USD_per_barrel
2023-07-19,DCOILWTICO,75.4,USD_per_barrel
2023-07-20,DCOILWTICO,75.65,USD_per_barrel
2023-07-21,DCOILWTICO,77.06,USD_per_barrel
2023-07-24,DCOILWTICO,78.81,USD_per_barrel
2023-07-25,DCOILWTICO,79.76,USD_per_barrel
2023-07-26,DCOILWTICO,79.11,USD_per_barrel
2023-07-27,DCOILWTICO,80.17,USD_per_barrel
2023-07-28,DCOILWTICO,80.55,USD_per_barrel
2023-07-31,DCOILWTICO,81.8,USD_per_barrel
2023-08-01,DCOILWTICO,81.37,USD_per_barrel
2023-08-02,DCOILWTICO,79.5,USD_per_barrel
2023-08-03,DCOILWTICO,81.56,USD_per_barrel
2023-08-04,DCOILWTICO,82.76,USD_per_barrel
2023-08-07,DCOILWTICO,81.94,USD_per_barrel
2023-08-08,DCOILWTICO,82.94,USD_per_barrel
2023-08-09,DCOILWTICO,84.35,USD_per_barrel
2023-08-10,DCOILWTICO,82.81,USD_per_barrel
2023-08-11,DCOILWTICO,83.17,USD_per_barrel
2023-08-14,DCOILWTICO,82.5,USD_per_barrel
2023-08-15,DCOILWTICO,81.06,USD_per_barrel
2023-08-16,DCOILWTICO,79.4,USD_per_barrel
2023-08-17,DCOILWTICO,80.43,USD_per_barrel
2023-08-18,DCOILWTICO,81.25,USD_per_barrel
2023-08-21,DCOILWTICO,80.71,USD_per_barrel
2023-08-22,DCOILWTICO,80.25,USD_per_barrel
2023-08-23,DCOILWTICO,78.91,USD_per_barrel
2023-08-24,DCOILWTICO,79.52,USD_per_barrel
2023-08-25,DCOILWTICO,80.47,USD_per_barrel
2023-08-28,DCOILWTICO,80.65,USD_per_barrel
2023-08-29,DCOILWTICO,81.14,USD_per_barrel
2023-08-30,DCOILWTICO,81.64,USD_per_barrel
2023-08-31,DCOILWTICO,83.55,USD_per_barrel
2023-09-01,DCOILWTICO,85.52,USD_per_barrel
2023-09-05,DCOILWTICO,86.74,USD_per_barrel
2023-09-06,DCOILWTICO,87.55,USD_per_barrel
2023-09-07,DCOILWTICO,86.87,USD_per_barrel
2023-09-08,DCOILWTICO,87.51,USD_per_barrel
2023-09-11,DCOILWTICO,87.3,USD_per_barrel
2023-09-12,DCOILWTICO,88.87,USD_per_barrel
2023-09-13,DCOILWTICO,88.59,USD_per_barrel
2023-09-14,DCOILWTICO,90.13,USD_per_barrel
2023-09-15,DCOILWTICO,90.83,USD_per_barrel
2023-09-18,DCOILWTICO,91.47,USD_per_barrel
2023-09-19,DCOILWTICO,91.16,USD_per_barrel
2023-09-20,DCOILWTICO,89.2,USD_per_barrel
2023-09-21,DCOILWTICO,89.56,USD_per_barrel
2023-09-22,DCOILWTICO,90.0,USD_per_barrel
2023-09-25,DCOILWTICO,89.68,USD_per_barrel
2023-09-26,DCOILWTICO,91.43,USD_per_barrel
2023-09-27,DCOILWTICO,93.67,USD_per_barrel
2023-09-28,DCOILWTICO,91.65,USD_per_barrel
2023-09-29,DCOILWTICO,90.77,USD_per_barrel
2023-10-02,DCOILWTICO,88.81,USD_per_barrel
2023-10-03,DCOILWTICO,89.26,USD_per_barrel
2023-10-04,DCOILWTICO,84.32,USD_per_barrel
2023-10-05,DCOILWTICO,82.3,USD_per_barrel
2023-10-06,DCOILWTICO,82.83,USD_per_barrel
2023-10-10,DCOILWTICO,85.89,USD_per_barrel
2023-10-11,DCOILWTICO,83.7,USD_per_barrel
2023-10-12,DCOILWTICO,82.87,USD_per_barrel
2023-10-13,DCOILWTICO,87.67,USD_per_barrel
2023-10-16,DCOILWTICO,86.65,USD_per_barrel
2023-10-17,DCOILWTICO,86.66,USD_per_barrel
2023-10-18,DCOILWTICO,88.35,USD_per_barrel
2023-10-19,DCOILWTICO,89.35,USD_per_barrel
2023-10-20,DCOILWTICO,89.12,USD_per_barrel
2023-10-23,DCOILWTICO,85.49,USD_per_barrel
2023-10-24,DCOILWTICO,84.58,USD_per_barrel
2023-10-25,DCOILWTICO,86.07,USD_per_barrel
2023-10-26,DCOILWTICO,83.8,USD_per_barrel
2023-10-27,DCOILWTICO,86.04,USD_per_barrel
2023-10-30,DCOILWTICO,83.03,USD_per_barrel
2023-10-31,DCOILWTICO,81.64,USD_per_barrel
2023-11-01,DCOILWTICO,81.05,USD_per_barrel
2023-11-02,DCOILWTICO,83.04,USD_per_barrel
2023-11-03,DCOILWTICO,81.19,USD_per_barrel
2023-11-06,DCOILWTICO,81.54,USD_per_barrel
2023-11-07,DCOILWTICO,77.96,USD_per_barrel
2023-11-08,DCOILWTICO,75.85,USD_per_barrel
2023-11-09,DCOILWTICO,76.34,USD_per_barrel
2023-11-13,DCOILWTICO,78.86,USD_per_barrel
2023-11-14,DCOILWTICO,78.9,USD_per_barrel
2023-11-15,DCOILWTICO,77.15,USD_per_barrel
2023-11-16,DCOILWTICO,73.5,USD_per_barrel
2023-11-17,DCOILWTICO,76.47,USD_per_barrel
2023-11-20,DCOILWTICO,78.1,USD_per_barrel
2023-11-21,DCOILWTICO,78.35,USD_per_barrel
2023-11-22,DCOILWTICO,76.8,USD_per_barrel
2023-11-24,DCOILWTICO,74.83,USD_per_barrel
2023-11-27,DCOILWTICO,74.46,USD_per_barrel
2023-11-28,DCOILWTICO,76.09,USD_per_barrel
2023-11-29,DCOILWTICO,77.56,USD_per_barrel
2023-11-30,DCOILWTICO,75.66,USD_per_barrel
2023-12-01,DCOILWTICO,73.7,USD_per_barrel
2023-12-04,DCOILWTICO,72.73,USD_per_barrel
2023-12-05,DCOILWTICO,71.95,USD_per_barrel
2023-12-06,DCOILWTICO,68.98,USD_per_barrel
2023-12-07,DCOILWTICO,69.0,USD_per_barrel
2023-12-08,DCOILWTICO,70.87,USD_per_barrel
2023-12-11,DCOILWTICO,70.95,USD_per_barrel
2023-12-12,DCOILWTICO,68.27,USD_per_barrel
2023-12-13,DCOILWTICO,69.09,USD_per_barrel
2023-12-14,DCOILWTICO,71.21,USD_per_barrel
2023-12-15,DCOILWTICO,71.05,USD_per_barrel
2023-12-18,DCOILWTICO,72.16,USD_per_barrel
2023-12-19,DCOILWTICO,73.23,USD_per_barrel
2023-12-20,DCOILWTICO,73.87,USD_per_barrel
2023-12-21,DCOILWTICO,73.59,USD_per_barrel
2023-12-22,DCOILWTICO,73.29,USD_per_barrel
2023-12-26,DCOILWTICO,75.84,USD_per_barrel
2023-12-27,DCOILWTICO,74.31,USD_per_barrel
2023-12-28,DCOILWTICO,72.02,USD_per_barrel
2023-12-29,DCOILWTICO,71.89,USD_per_barrel
2024-01-02,DCOILWTICO,70.62,USD_per_barrel
2024-01-03,DCOILWTICO,72.97,USD_per_barrel
2024-01-04,DCOILWTICO,72.38,USD_per_barrel
2024-01-05,DCOILWTICO,74.0,USD_per_barrel
2024-01-08,DCOILWTICO,71.06,USD_per_barrel
2024-01-09,DCOILWTICO,72.43,USD_per_barrel
2024-01-10,DCOILWTICO,71.57,USD_per_barrel
2024-01-11,DCOILWTICO,72.15,USD_per_barrel
2024-01-12,DCOILWTICO,72.94,USD_per_barrel
2024-01-16,DCOILWTICO,72.63,USD_per_barrel
2024-01-17,DCOILWTICO,72.79,USD_per_barrel
2024-01-18,DCOILWTICO,74.32,USD_per_barrel
2024-01-19,DCOILWTICO,73.69,USD_per_barrel
2024-01-22,DCOILWTICO,75.26,USD_per_barrel
2024-01-23,DCOILWTICO,74.72,USD_per_barrel
2024-01-24,DCOILWTICO,75.48,USD_per_barrel
2024-01-25,DCOILWTICO,77.91,USD_per_barrel
2024-01-26,DCOILWTICO,78.45,USD_per_barrel
2024-01-29,DCOILWTICO,77.25,USD_per_barrel
2024-01-30,DCOILWTICO,78.3,USD_per_barrel
2024-01-31,DCOILWTICO,76.28,USD_per_barrel
2024-02-01,DCOILWTICO,74.36,USD_per_barrel
2024-02-02,DCOILWTICO,72.72,USD_per_barrel
2024-02-05,DCOILWTICO,73.21,USD_per_barrel
2024-02-06,DCOILWTICO,73.83,USD_per_barrel
2024-02-07,DCOILWTICO,74.26,USD_per_barrel
2024-02-08,DCOILWTICO,76.67,USD_per_barrel
2024-02-09,DCOILWTICO,77.26,USD_per_barrel
2024-02-12,DCOILWTICO,77.34,USD_per_barrel
2024-02-13,DCOILWTICO,78.28,USD_per_barrel
2024-02-14,DCOILWTICO,77.09,USD_per_barrel
2024-02-15,DCOILWTICO,78.47,USD_per_barrel
2024-02-16,DCOILWTICO,79.65,USD_per_barrel
2024-02-20,DCOILWTICO,78.72,USD_per_barrel
2024-02-21,DCOILWTICO,78.89,USD_per_barrel
2024-02-22,DCOILWTICO,79.64,USD_per_barrel
2024-02-23,DCOILWTICO,77.6,USD_per_barrel
2024-02-26,DCOILWTICO,78.53,USD_per_barrel
2024-02-27,DCOILWTICO,79.8,USD_per_barrel
2024-02-28,DCOILWTICO,79.44,USD_per_barrel
2024-02-29,DCOILWTICO,79.22,USD_per_barrel
2024-03-01,DCOILWTICO,80.9,USD_per_barrel
2024-03-04,DCOILWTICO,79.67,USD_per_barrel
2024-03-05,DCOILWTICO,79.11,USD_per_barrel
2024-03-06,DCOILWTICO,80.08,USD_per_barrel
2024-03-07,DCOILWTICO,79.81,USD_per_barrel
2024-03-08,DCOILWTICO,78.96,USD_per_barrel
2024-03-11,DCOILWTICO,78.87,USD_per_barrel
2024-03-12,DCOILWTICO,78.51,USD_per_barrel
2024-03-13,DCOILWTICO,80.67,USD_per_barrel
2024-03-14,DCOILWTICO,82.16,USD_per_barrel
2024-03-15,DCOILWTICO,81.94,USD_per_barrel
2024-03-18,DCOILWTICO,83.68,USD_per_barrel
2024-03-19,DCOILWTICO,84.39,USD_per_barrel
2024-03-20,DCOILWTICO,82.79,USD_per_barrel
2024-03-21,DCOILWTICO,81.99,USD_per_barrel
2024-03-22,DCOILWTICO,81.1,USD_per_barrel
2024-03-25,DCOILWTICO,82.41,USD_per_barrel
2024-03-26,DCOILWTICO,82.41,USD_per_barrel
2024-03-27,DCOILWTICO,82.15,USD_per_barrel
2024-03-28,DCOILWTICO,83.96,USD_per_barrel
2024-04-01,DCOILWTICO,84.54,USD_per_barrel
2024-04-02,DCOILWTICO,85.95,USD_per_barrel
2024-04-03,DCOILWTICO,86.22,USD_per_barrel
2024-04-04,DCOILWTICO,87.37,USD_per_barrel
2024-04-05,DCOILWTICO,87.69,USD_per_barrel
2024-04-08,DCOILWTICO,87.24,USD_per_barrel
2024-04-09,DCOILWTICO,86.04,USD_per_barrel
2024-04-10,DCOILWTICO,86.98,USD_per_barrel
2024-04-11,DCOILWTICO,85.79,USD_per_barrel
2024-04-12,DCOILWTICO,86.46,USD_per_barrel
2024-04-15,DCOILWTICO,86.21,USD_per_barrel
2024-04-16,DCOILWTICO,86.15,USD_per_barrel
2024-04-17,DCOILWTICO,83.58,USD_per_barrel
2024-04-18,DCOILWTICO,83.5,USD_per_barrel
2024-04-19,DCOILWTICO,83.79,USD_per_barrel
2024-04-22,DCOILWTICO,83.82,USD_per_barrel
2024-04-23,DCOILWTICO,84.17,USD_per_barrel
2024-04-24,DCOILWTICO,84.09,USD_per_barrel
2024-04-25,DCOILWTICO,84.92,USD_per_barrel
2024-04-26,DCOILWTICO,85.38,USD_per_barrel
2024-04-29,DCOILWTICO,84.26,USD_per_barrel
2024-04-30,DCOILWTICO,83.49,USD_per_barrel
2024-05-01,DCOILWTICO,80.7,USD_per_barrel
2024-05-02,DCOILWTICO,80.59,USD_per_barrel
2024-05-03,DCOILWTICO,79.65,USD_per_barrel
2024-05-06,DCOILWTICO,80.1,USD_per_barrel
2024-05-07,DCOILWTICO,79.97,USD_per_barrel
2024-05-08,DCOILWTICO,80.57,USD_per_barrel
2024-05-09,DCOILWTICO,80.86,USD_per_barrel
2024-05-10,DCOILWTICO,79.81,USD_per_barrel
2024-05-13,DCOILWTICO,80.71,USD_per_barrel
2024-05-14,DCOILWTICO,79.62,USD_per_barrel
2024-05-15,DCOILWTICO,80.23,USD_per_barrel
2024-05-16,DCOILWTICO,80.85,USD_per_barrel
2024-05-17,DCOILWTICO,81.66,USD_per_barrel
2024-05-20,DCOILWTICO,81.39,USD_per_barrel
2024-05-21,DCOILWTICO,80.66,USD_per_barrel
2024-05-22,DCOILWTICO,79.15,USD_per_barrel
2024-05-23,DCOILWTICO,77.47,USD_per_barrel
2024-05-24,DCOILWTICO,78.48,USD_per_barrel
2024-05-28,DCOILWTICO,80.9,USD_per_barrel
2024-05-29,DCOILWTICO,80.24,USD_per_barrel
2024-05-30,DCOILWTICO,78.96,USD_per_barrel
2024-05-31,DCOILWTICO,77.97,USD_per_barrel
2024-06-03,DCOILWTICO,75.26,USD_per_barrel
2024-06-04,DCOILWTICO,74.27,USD_per_barrel
2024-06-05,DCOILWTICO,75.08,USD_per_barrel
2024-06-06,DCOILWTICO,76.52,USD_per_barrel
2024-06-07,DCOILWTICO,76.53,USD_per_barrel
2024-06-10,DCOILWTICO,78.75,USD_per_barrel
2024-06-11,DCOILWTICO,78.88,USD_per_barrel
2024-06-12,DCOILWTICO,79.56,USD_per_barrel
2024-06-13,DCOILWTICO,79.61,USD_per_barrel
2024-06-14,DCOILWTICO,79.41,USD_per_barrel
2024-06-17,DCOILWTICO,81.33,USD_per_barrel
2024-06-18,DCOILWTICO,82.67,USD_per_barrel
2024-06-20,DCOILWTICO,83.34,USD_per_barrel
2024-06-21,DCOILWTICO,81.71,USD_per_barrel
2024-06-24,DCOILWTICO,82.63,USD_per_barrel
2024-06-25,DCOILWTICO,81.97,USD_per_barrel
2024-06-26,DCOILWTICO,82.19,USD_per_barrel
2024-06-27,DCOILWTICO,83.04,USD_per_barrel
2024-06-28,DCOILWTICO,82.83,USD_per_barrel
2024-07-01,DCOILWTICO,84.7,USD_per_barrel
2024-07-02,DCOILWTICO,84.09,USD_per_barrel
2024-07-03,DCOILWTICO,85.19,USD_per_barrel
2024-07-05,DCOILWTICO,84.44,USD_per_barrel
2024-07-08,DCOILWTICO,83.63,USD_per_barrel
2024-07-09,DCOILWTICO,82.78,USD_per_barrel
2024-07-10,DCOILWTICO,83.39,USD_per_barrel
2024-07-11,DCOILWTICO,83.92,USD_per_barrel
2024-07-12,DCOILWTICO,83.49,USD_per_barrel
2024-07-15,DCOILWTICO,83.22,USD_per_barrel
2024-07-16,DCOILWTICO,81.92,USD_per_barrel
2024-07-17,DCOILWTICO,84.16,USD_per_barrel
2024-07-18,DCOILWTICO,84.17,USD_per_barrel
2024-07-19,DCOILWTICO,81.43,USD_per_barrel
2024-07-22,DCOILWTICO,81.25,USD_per_barrel
2024-07-23,DCOILWTICO,78.24,USD_per_barrel
2024-07-24,DCOILWTICO,78.78,USD_per_barrel
2024-07-25,DCOILWTICO,79.43,USD_per_barrel
2024-07-26,DCOILWTICO,78.58,USD_per_barrel
2024-07-29,DCOILWTICO,77.27,USD_per_barrel
2024-07-30,DCOILWTICO,76.17,USD_per_barrel
2024-07-31,DCOILWTICO,79.36,USD_per_barrel
2024-08-01,DCOILWTICO,77.74,USD_per_barrel
2024-08-02,DCOILWTICO,74.99,USD_per_barrel
2024-08-05,DCOILWTICO,74.46,USD_per_barrel
2024-08-06,DCOILWTICO,74.6,USD_per_barrel
2024-08-07,DCOILWTICO,76.68,USD_per_barrel
2024-08-08,DCOILWTICO,77.64,USD_per_barrel
2024-08-09,DCOILWTICO,78.28,USD_per_barrel
2024-08-12,DCOILWTICO,81.45,USD_per_barrel
2024-08-13,DCOILWTICO,79.81,USD_per_barrel
2024-08-14,DCOILWTICO,78.47,USD_per_barrel
2024-08-15,DCOILWTICO,79.66,USD_per_barrel
2024-08-16,DCOILWTICO,78.05,USD_per_barrel
2024-08-19,DCOILWTICO,75.82,USD_per_barrel
2024-08-20,DCOILWTICO,75.27,USD_per_barrel
2024-08-21,DCOILWTICO,72.76,USD_per_barrel
2024-08-22,DCOILWTICO,73.72,USD_per_barrel
2024-08-23,DCOILWTICO,75.82,USD_per_barrel
2024-08-26,DCOILWTICO,78.4,USD_per_barrel
2024-08-27,DCOILWTICO,76.5,USD_per_barrel
2024-08-28,DCOILWTICO,75.49,USD_per_barrel
2024-08-29,DCOILWTICO,76.9,USD_per_barrel
2024-08-30,DCOILWTICO,74.52,USD_per_barrel
2024-09-03,DCOILWTICO,71.28,USD_per_barrel
2024-09-04,DCOILWTICO,70.11,USD_per_barrel
2024-09-05,DCOILWTICO,70.09,USD_per_barrel
2024-09-06,DCOILWTICO,68.58,USD_per_barrel
2024-09-09,DCOILWTICO,69.65,USD_per_barrel
2024-09-10,DCOILWTICO,66.73,USD_per_barrel
2024-09-11,DCOILWTICO,68.25,USD_per_barrel
2024-09-12,DCOILWTICO,69.89,USD_per_barrel
2024-09-13,DCOILWTICO,69.59,USD_per_barrel
2024-09-16,DCOILWTICO,71.1,USD_per_barrel
2024-09-17,DCOILWTICO,72.16,USD_per_barrel
2024-09-18,DCOILWTICO,71.87,USD_per_barrel
2024-09-19,DCOILWTICO,72.86,USD_per_barrel
2024-09-20,DCOILWTICO,72.72,USD_per_barrel
2024-09-23,DCOILWTICO,71.33,USD_per_barrel
2024-09-24,DCOILWTICO,72.34,USD_per_barrel
2024-09-25,DCOILWTICO,70.42,USD_per_barrel
2024-09-26,DCOILWTICO,68.28,USD_per_barrel
2024-09-27,DCOILWTICO,68.72,USD_per_barrel
2024-09-30,DCOILWTICO,68.75,USD_per_barrel
2024-10-01,DCOILWTICO,70.41,USD_per_barrel
2024-10-02,DCOILWTICO,70.74,USD_per_barrel
2024-10-03,DCOILWTICO,74.33,USD_per_barrel
2024-10-04,DCOILWTICO,74.93,USD_per_barrel
2024-10-07,DCOILWTICO,77.76,USD_per_barrel
2024-10-08,DCOILWTICO,74.26,USD_per_barrel
2024-10-09,DCOILWTICO,73.85,USD_per_barrel
2024-10-10,DCOILWTICO,76.46,USD_per_barrel
2024-10-11,DCOILWTICO,76.11,USD_per_barrel
2024-10-15,DCOILWTICO,71.22,USD_per_barrel
2024-10-16,DCOILWTICO,70.97,USD_per_barrel
2024-10-17,DCOILWTICO,71.26,USD_per_barrel
2024-10-18,DCOILWTICO,69.78,USD_per_barrel
2024-10-21,DCOILWTICO,71.16,USD_per_barrel
2024-10-22,DCOILWTICO,72.84,USD_per_barrel
2024-10-23,DCOILWTICO,71.37,USD_per_barrel
2024-10-24,DCOILWTICO,70.58,USD_per_barrel
2024-10-25,DCOILWTICO,72.02,USD_per_barrel
2024-10-28,DCOILWTICO,67.65,USD_per_barrel
2024-10-29,DCOILWTICO,67.48,USD_per_barrel
2024-10-30,DCOILWTICO,68.91,USD_per_barrel
2024-10-31,DCOILWTICO,69.58,USD_per_barrel
2024-11-01,DCOILWTICO,69.81,USD_per_barrel
2024-11-04,DCOILWTICO,71.83,USD_per_barrel
2024-11-05,DCOILWTICO,72.26,USD_per_barrel
2024-11-06,DCOILWTICO,71.98,USD_per_barrel
2024-11-07,DCOILWTICO,72.69,USD_per_barrel
2024-11-08,DCOILWTICO,70.69,USD_per_barrel
2024-11-12,DCOILWTICO,68.43,USD_per_barrel
2024-11-13,DCOILWTICO,68.76,USD_per_barrel
2024-11-14,DCOILWTICO,68.99,USD_per_barrel
2024-11-15,DCOILWTICO,67.33,USD_per_barrel
2024-11-18,DCOILWTICO,69.46,USD_per_barrel
2024-11-19,DCOILWTICO,69.75,USD_per_barrel
2024-11-20,DCOILWTICO,69.25,USD_per_barrel
2024-11-21,DCOILWTICO,70.39,USD_per_barrel
2024-11-22,DCOILWTICO,71.68,USD_per_barrel
2024-11-25,DCOILWTICO,69.41,USD_per_barrel
2024-11-26,DCOILWTICO,69.05,USD_per_barrel
2024-11-27,DCOILWTICO,69.03,USD_per_barrel
2024-11-29,DCOILWTICO,68.26,USD_per_barrel
2024-12-02,DCOILWTICO,68.35,USD_per_barrel
2024-12-03,DCOILWTICO,70.15,USD_per_barrel
2024-12-04,DCOILWTICO,68.81,USD_per_barrel
2024-12-05,DCOILWTICO,68.58,USD_per_barrel
2024-12-06,DCOILWTICO,68.58,USD_per_barrel
2024-12-09,DCOILWTICO,68.65,USD_per_barrel
2024-12-10,DCOILWTICO,68.85,USD_per_barrel
2024-12-11,DCOILWTICO,70.57,USD_per_barrel
2024-12-12,DCOILWTICO,70.25,USD_per_barrel
2024-12-13,DCOILWTICO,71.54,USD_per_barrel
2024-12-16,DCOILWTICO,71.03,USD_per_barrel
2024-12-17,DCOILWTICO,70.31,USD_per_barrel
2024-12-18,DCOILWTICO,70.8,USD_per_barrel
2024-12-19,DCOILWTICO,70.1,USD_per_barrel
2024-12-20,DCOILWTICO,69.71,USD_per_barrel
2024-12-23,DCOILWTICO,69.5,USD_per_barrel
2024-12-24,DCOILWTICO,70.87,USD_per_barrel
2024-12-26,DCOILWTICO,70.38,USD_per_barrel
2024-12-27,DCOILWTICO,71.28,USD_per_barrel
2024-12-30,DCOILWTICO,71.73,USD_per_barrel
2024-12-31,DCOILWTICO,72.44,USD_per_barrel
2025-01-02,DCOILWTICO,73.79,USD_per_barrel
2025-01-03,DCOILWTICO,74.64,USD_per_barrel
2025-01-06,DCOILWTICO,74.31,USD_per_barrel
2025-01-07,DCOILWTICO,74.99,USD_per_barrel
2025-01-08,DCOILWTICO,73.99,USD_per_barrel
2025-01-10,DCOILWTICO,77.27,USD_per_barrel
2025-01-13,DCOILWTICO,79.57,USD_per_barrel
2025-01-14,DCOILWTICO,78.2,USD_per_barrel
2025-01-15,DCOILWTICO,80.73,USD_per_barrel
2025-01-16,DCOILWTICO,79.35,USD_per_barrel
2025-01-17,DCOILWTICO,78.56,USD_per_barrel
2025-01-21,DCOILWTICO,76.79,USD_per_barrel
2025-01-22,DCOILWTICO,76.12,USD_per_barrel
2025-01-23,DCOILWTICO,75.03,USD_per_barrel
2025-01-24,DCOILWTICO,74.97,USD_per_barrel
2025-01-27,DCOILWTICO,73.51,USD_per_barrel
2025-01-28,DCOILWTICO,74.15,USD_per_barrel
2025-01-29,DCOILWTICO,72.94,USD_per_barrel
2025-01-30,DCOILWTICO,73.1,USD_per_barrel
2025-01-31,DCOILWTICO,72.84,USD_per_barrel
2025-02-03,DCOILWTICO,73.52,USD_per_barrel
2025-02-04,DCOILWTICO,73.04,USD_per_barrel
2025-02-05,DCOILWTICO,71.39,USD_per_barrel
2025-02-06,DCOILWTICO,70.97,USD_per_barrel
2025-02-07,DCOILWTICO,71.32,USD_per_barrel
2025-02-10,DCOILWTICO,72.73,USD_per_barrel
2025-02-11,DCOILWTICO,73.67,USD_per_barrel
2025-02-12,DCOILWTICO,71.72,USD_per_barrel
2025-02-13,DCOILWTICO,71.66,USD_per_barrel
2025-02-14,DCOILWTICO,71.05,USD_per_barrel
2025-02-18,DCOILWTICO,72.21,USD_per_barrel
2025-02-19,DCOILWTICO,72.58,USD_per_barrel
2025-02-20,DCOILWTICO,72.88,USD_per_barrel
2025-02-21,DCOILWTICO,70.72,USD_per_barrel
2025-02-24,DCOILWTICO,71.06,USD_per_barrel
2025-02-25,DCOILWTICO,69.15,USD_per_barrel
2025-02-26,DCOILWTICO,68.87,USD_per_barrel
2025-02-27,DCOILWTICO,70.62,USD_per_barrel
2025-02-28,DCOILWTICO,69.97,USD_per_barrel
2025-03-03,DCOILWTICO,68.63,USD_per_barrel
2025-03-04,DCOILWTICO,68.47,USD_per_barrel
2025-03-05,DCOILWTICO,66.58,USD_per_barrel
2025-03-06,DCOILWTICO,66.62,USD_per_barrel
2025-03-07,DCOILWTICO,67.29,USD_per_barrel
2025-03-10,DCOILWTICO,66.31,USD_per_barrel
2025-03-11,DCOILWTICO,66.52,USD_per_barrel
2025-03-12,DCOILWTICO,67.65,USD_per_barrel
2025-03-13,DCOILWTICO,66.82,USD_per_barrel
2025-03-14,DCOILWTICO,67.43,USD_per_barrel
2025-03-17,DCOILWTICO,67.84,USD_per_barrel
2025-03-18,DCOILWTICO,67.49,USD_per_barrel
2025-03-19,DCOILWTICO,67.4,USD_per_barrel
2025-03-20,DCOILWTICO,68.55,USD_per_barrel
2025-03-21,DCOILWTICO,68.52,USD_per_barrel
2025-03-24,DCOILWTICO,69.46,USD_per_barrel
2025-03-25,DCOILWTICO,69.48,USD_per_barrel
2025-03-26,DCOILWTICO,70.05,USD_per_barrel
2025-03-27,DCOILWTICO,70.3,USD_per_barrel
2025-03-28,DCOILWTICO,69.74,USD_per_barrel
2025-03-31,DCOILWTICO,71.87,USD_per_barrel
2025-04-01,DCOILWTICO,71.61,USD_per_barrel
2025-04-02,DCOILWTICO,72.12,USD_per_barrel
2025-04-03,DCOILWTICO,67.43,USD_per_barrel
2025-04-04,DCOILWTICO,62.42,USD_per_barrel
2025-04-07,DCOILWTICO,61.05,USD_per_barrel
2025-04-08,DCOILWTICO,60.04,USD_per_barrel
2025-04-09,DCOILWTICO,62.63,USD_per_barrel
2025-04-10,DCOILWTICO,60.57,USD_per_barrel
2025-04-11,DCOILWTICO,61.91,USD_per_barrel
2025-04-14,DCOILWTICO,61.99,USD_per_barrel
2025-04-15,DCOILWTICO,61.74,USD_per_barrel
2025-04-16,DCOILWTICO,62.88,USD_per_barrel
2025-04-17,DCOILWTICO,65.07,USD_per_barrel
2025-04-21,DCOILWTICO,63.48,USD_per_barrel
2025-04-22,DCOILWTICO,64.6,USD_per_barrel
2025-04-23,DCOILWTICO,62.64,USD_per_barrel
2025-04-24,DCOILWTICO,63.55,USD_per_barrel
2025-04-25,DCOILWTICO,63.85,USD_per_barrel
2025-04-28,DCOILWTICO,63.3,USD_per_barrel
2025-04-29,DCOILWTICO,61.84,USD_per_barrel
2025-04-30,DCOILWTICO,59.55,USD_per_barrel
2025-05-01,DCOILWTICO,60.59,USD_per_barrel
2025-05-02,DCOILWTICO,59.67,USD_per_barrel
2025-05-05,DCOILWTICO,58.5,USD_per_barrel
2025-05-06,DCOILWTICO,60.42,USD_per_barrel
2025-05-07,DCOILWTICO,59.42,USD_per_barrel
2025-05-08,DCOILWTICO,61.25,USD_per_barrel
2025-05-09,DCOILWTICO,62.37,USD_per_barrel
2025-05-12,DCOILWTICO,63.32,USD_per_barrel
2025-05-13,DCOILWTICO,65.04,USD_per_barrel
2025-05-14,DCOILWTICO,64.48,USD_per_barrel
2025-05-15,DCOILWTICO,63.03,USD_per_barrel
2025-05-16,DCOILWTICO,63.84,USD_per_barrel
2025-05-19,DCOILWTICO,63.98,USD_per_barrel
2025-05-20,DCOILWTICO,63.97,USD_per_barrel
2025-05-21,DCOILWTICO,62.93,USD_per_barrel
2025-05-22,DCOILWTICO,62.55,USD_per_barrel
2025-05-23,DCOILWTICO,62.89,USD_per_barrel
2025-05-27,DCOILWTICO,61.61,USD_per_barrel
2025-05-28,DCOILWTICO,62.54,USD_per_barrel
2025-05-29,DCOILWTICO,61.66,USD_per_barrel
2025-05-30,DCOILWTICO,61.46,USD_per_barrel
2025-06-02,DCOILWTICO,63.27,USD_per_barrel
2025-06-03,DCOILWTICO,64.1,USD_per_barrel
2025-06-04,DCOILWTICO,63.57,USD_per_barrel
2025-06-05,DCOILWTICO,64.06,USD_per_barrel
2025-06-06,DCOILWTICO,65.3,USD_per_barrel
2025-06-09,DCOILWTICO,65.99,USD_per_barrel
2025-06-10,DCOILWTICO,65.66,USD_per_barrel
2025-06-11,DCOILWTICO,68.91,USD_per_barrel
2025-06-12,DCOILWTICO,68.73,USD_per_barrel
2025-06-13,DCOILWTICO,73.84,USD_per_barrel
2025-06-16,DCOILWTICO,72.53,USD_per_barrel
2025-06-17,DCOILWTICO,75.62,USD_per_barrel
2025-06-18,DCOILWTICO,75.89,USD_per_barrel
2025-06-20,DCOILWTICO,75.72,USD_per_barrel
2025-06-23,DCOILWTICO,69.36,USD_per_barrel
2025-06-24,DCOILWTICO,65.45,USD_per_barrel
2025-06-25,DCOILWTICO,65.98,USD_per_barrel
2025-06-26,DCOILWTICO,66.44,USD_per_barrel
2025-06-27,DCOILWTICO,66.66,USD_per_barrel
2025-06-30,DCOILWTICO,66.3,USD_per_barrel
2025-07-01,DCOILWTICO,66.64,USD_per_barrel
2025-07-02,DCOILWTICO,68.66,USD_per_barrel
2025-07-03,DCOILWTICO,68.13,USD_per_barrel
2025-07-07,DCOILWTICO,69.16,USD_per_barrel
2025-07-08,DCOILWTICO,69.55,USD_per_barrel
2025-07-09,DCOILWTICO,69.61,USD_per_barrel
2025-07-10,DCOILWTICO,67.78,USD_per_barrel
2025-07-11,DCOILWTICO,69.63,USD_per_barrel
2025-07-14,DCOILWTICO,68.19,USD_per_barrel
2025-07-15,DCOILWTICO,67.76,USD_per_barrel
2025-07-16,DCOILWTICO,67.13,USD_per_barrel
2025-07-17,DCOILWTICO,68.76,USD_per_barrel
2025-07-18,DCOILWTICO,68.53,USD_per_barrel
2025-07-21,DCOILWTICO,68.39,USD_per_barrel
2025-07-22,DCOILWTICO,67.56,USD_per_barrel
2025-07-23,DCOILWTICO,66.05,USD_per_barrel
2025-07-24,DCOILWTICO,67.16,USD_per_barrel
2025-07-25,DCOILWTICO,66.38,USD_per_barrel
2025-07-28,DCOILWTICO,67.81,USD_per_barrel
2025-07-29,DCOILWTICO,70.27,USD_per_barrel
2025-07-30,DCOILWTICO,71.09,USD_per_barrel
2025-07-31,DCOILWTICO,70.36,USD_per_barrel
2025-08-01,DCOILWTICO,68.39,USD_per_barrel
2025-08-04,DCOILWTICO,67.33,USD_per_barrel
2025-08-05,DCOILWTICO,66.2,USD_per_barrel
2025-08-06,DCOILWTICO,65.38,USD_per_barrel
2025-08-07,DCOILWTICO,64.9,USD_per_barrel
2025-08-08,DCOILWTICO,64.94,USD_per_barrel
2025-08-11,DCOILWTICO,65.03,USD_per_barrel
2025-08-12,DCOILWTICO,64.22,USD_per_barrel
2025-08-13,DCOILWTICO,63.68,USD_per_barrel
2025-08-14,DCOILWTICO,64.99,USD_per_barrel
2025-08-15,DCOILWTICO,63.78,USD_per_barrel
2025-08-18,DCOILWTICO,64.51,USD_per_barrel
2025-08-19,DCOILWTICO,63.38,USD_per_barrel
2025-08-20,DCOILWTICO,64.19,USD_per_barrel
2025-08-21,DCOILWTICO,64.56,USD_per_barrel
2025-08-22,DCOILWTICO,64.08,USD_per_barrel
2025-08-25,DCOILWTICO,65.18,USD_per_barrel
2025-08-26,DCOILWTICO,63.6,USD_per_barrel
2025-08-27,DCOILWTICO,64.49,USD_per_barrel
2025-08-28,DCOILWTICO,64.96,USD_per_barrel
2025-08-29,DCOILWTICO,64.36,USD_per_barrel
2025-09-02,DCOILWTICO,65.95,USD_per_barrel
2025-09-03,DCOILWTICO,64.36,USD_per_barrel
2025-09-04,DCOILWTICO,63.81,USD_per_barrel
2025-09-05,DCOILWTICO,62.22,USD_per_barrel
2025-09-08,DCOILWTICO,62.6,USD_per_barrel
2025-09-09,DCOILWTICO,62.97,USD_per_barrel
2025-09-10,DCOILWTICO,64.01,USD_per_barrel
2025-09-11,DCOILWTICO,62.71,USD_per_barrel
2025-09-12,DCOILWTICO,63.02,USD_per_barrel
2025-09-15,DCOILWTICO,63.66,USD_per_barrel
2025-09-16,DCOILWTICO,64.89,USD_per_barrel
2025-09-17,DCOILWTICO,64.41,USD_per_barrel
2025-09-18,DCOILWTICO,63.91,USD_per_barrel
2025-09-19,DCOILWTICO,63.02,USD_per_barrel
2025-09-22,DCOILWTICO,62.99,USD_per_barrel
2025-09-23,DCOILWTICO,63.76,USD_per_barrel
2025-09-24,DCOILWTICO,65.4,USD_per_barrel
2025-09-25,DCOILWTICO,65.51,USD_per_barrel
2025-09-26,DCOILWTICO,66.5,USD_per_barrel
2025-09-29,DCOILWTICO,64.27,USD_per_barrel
2025-09-30,DCOILWTICO,63.17,USD_per_barrel
2025-10-01,DCOILWTICO,62.59,USD_per_barrel
2025-10-02,DCOILWTICO,61.28,USD_per_barrel
2025-10-03,DCOILWTICO,61.65,USD_per_barrel
2025-10-06,DCOILWTICO,62.49,USD_per_barrel
2025-10-07,DCOILWTICO,62.52,USD_per_barrel
2025-10-08,DCOILWTICO,63.37,USD_per_barrel
2025-10-09,DCOILWTICO,62.36,USD_per_barrel
2025-10-10,DCOILWTICO,59.75,USD_per_barrel
2025-10-14,DCOILWTICO,59.52,USD_per_barrel
2025-10-15,DCOILWTICO,59.08,USD_per_barrel
2025-10-16,DCOILWTICO,58.29,USD_per_barrel
2025-10-17,DCOILWTICO,58.3,USD_per_barrel
2025-10-20,DCOILWTICO,58.34,USD_per_barrel
2025-10-21,DCOILWTICO,58.66,USD_per_barrel
2025-10-22,DCOILWTICO,59.3,USD_per_barrel
2025-10-23,DCOILWTICO,62.44,USD_per_barrel
2025-10-24,DCOILWTICO,62.27,USD_per_barrel
2025-10-27,DCOILWTICO,62.13,USD_per_barrel
2025-10-28,DCOILWTICO,60.97,USD_per_barrel
2025-10-29,DCOILWTICO,61.26,USD_per_barrel
2025-10-30,DCOILWTICO,61.36,USD_per_barrel
2025-10-31,DCOILWTICO,61.75,USD_per_barrel
2025-11-03,DCOILWTICO,61.79,USD_per_barrel
2025-11-04,DCOILWTICO,61.38,USD_per_barrel
2025-11-05,DCOILWTICO,60.4,USD_per_barrel
2025-11-06,DCOILWTICO,60.24,USD_per_barrel
2025-11-07,DCOILWTICO,60.54,USD_per_barrel
2025-11-10,DCOILWTICO,60.94,USD_per_barrel
2025-11-12,DCOILWTICO,59.3,USD_per_barrel
2025-11-13,DCOILWTICO,59.54,USD_per_barrel
2025-11-14,DCOILWTICO,60.87,USD_per_barrel
2025-11-17,DCOILWTICO,60.66,USD_per_barrel
2025-11-18,DCOILWTICO,61.51,USD_per_barrel
2025-11-19,DCOILWTICO,60.27,USD_per_barrel
2025-11-20,DCOILWTICO,60.07,USD_per_barrel
2025-11-21,DCOILWTICO,58.86,USD_per_barrel
2025-11-24,DCOILWTICO,59.11,USD_per_barrel
2025-11-25,DCOILWTICO,58.25,USD_per_barrel
2025-11-26,DCOILWTICO,58.81,USD_per_barrel
2025-11-28,DCOILWTICO,58.58,USD_per_barrel
2025-12-01,DCOILWTICO,59.47,USD_per_barrel
2025-12-02,DCOILWTICO,58.81,USD_per_barrel
2025-12-03,DCOILWTICO,59.09,USD_per_barrel
2025-12-04,DCOILWTICO,59.82,USD_per_barrel
2025-12-05,DCOILWTICO,60.23,USD_per_barrel
2025-12-08,DCOILWTICO,59.04,USD_per_barrel
2025-12-09,DCOILWTICO,58.4,USD_per_barrel
2025-12-10,DCOILWTICO,58.67,USD_per_barrel
2025-12-11,DCOILWTICO,57.76,USD_per_barrel
2025-12-12,DCOILWTICO,57.61,USD_per_barrel
2025-12-15,DCOILWTICO,56.97,USD_per_barrel
2025-12-16,DCOILWTICO,55.44,USD_per_barrel
2025-12-17,DCOILWTICO,56.07,USD_per_barrel
2025-12-18,DCOILWTICO,56.22,USD_per_barrel
2025-12-19,DCOILWTICO,56.8,USD_per_barrel
2025-12-22,DCOILWTICO,58.18,USD_per_barrel
2025-12-23,DCOILWTICO,58.55,USD_per_barrel
2025-12-24,DCOILWTICO,58.72,USD_per_barrel
2025-12-26,DCOILWTICO,56.6,USD_per_barrel
2025-12-29,DCOILWTICO,57.89,USD_per_barrel
2025-12-30,DCOILWTICO,57.79,USD_per_barrel
2025-12-31,DCOILWTICO,57.26,USD_per_barrel
2026-01-02,DCOILWTICO,57.21,USD_per_barrel
2026-01-05,DCOILWTICO,58.1,USD_per_barrel
2026-01-06,DCOILWTICO,56.97,USD_per_barrel
2026-01-07,DCOILWTICO,56.01,USD_per_barrel
2026-01-08,DCOILWTICO,57.74,USD_per_barrel
2026-01-09,DCOILWTICO,58.96,USD_per_barrel
2026-01-12,DCOILWTICO,59.39,USD_per_barrel
2026-01-13,DCOILWTICO,60.85,USD_per_barrel
2026-01-14,DCOILWTICO,61.84,USD_per_barrel
2026-01-15,DCOILWTICO,59.13,USD_per_barrel
2026-01-16,DCOILWTICO,59.4,USD_per_barrel
2026-01-20,DCOILWTICO,60.3,USD_per_barrel
2026-01-21,DCOILWTICO,60.38,USD_per_barrel
2026-01-22,DCOILWTICO,59.24,USD_per_barrel
2026-01-23,DCOILWTICO,60.7,USD_per_barrel
2026-01-26,DCOILWTICO,60.46,USD_per_barrel
2026-01-27,DCOILWTICO,62.04,USD_per_barrel
2026-01-28,DCOILWTICO,62.75,USD_per_barrel
2026-01-29,DCOILWTICO,64.77,USD_per_barrel
2026-01-30,DCOILWTICO,64.5,USD_per_barrel
2026-02-02,DCOILWTICO,61.6,USD_per_barrel
2026-02-03,DCOILWTICO,62.62,USD_per_barrel
2026-02-04,DCOILWTICO,64.56,USD_per_barrel
2026-02-05,DCOILWTICO,62.9,USD_per_barrel
2026-02-06,DCOILWTICO,63.77,USD_per_barrel
2026-02-09,DCOILWTICO,64.53,USD_per_barrel
2026-02-10,DCOILWTICO,64.2,USD_per_barrel
2026-02-11,DCOILWTICO,64.8,USD_per_barrel
2026-02-12,DCOILWTICO,63.08,USD_per_barrel
2026-02-13,DCOILWTICO,63.05,USD_per_barrel
2026-02-17,DCOILWTICO,62.53,USD_per_barrel
2026-02-18,DCOILWTICO,65.33,USD_per_barrel
2026-02-19,DCOILWTICO,66.66,USD_per_barrel
2026-02-20,DCOILWTICO,66.69,USD_per_barrel
2026-02-23,DCOILWTICO,66.36,USD_per_barrel
2026-02-24,DCOILWTICO,65.62,USD_per_barrel
2026-02-25,DCOILWTICO,65.3,USD_per_barrel
2026-02-26,DCOILWTICO,65.1,USD_per_barrel
2026-02-27,DCOILWTICO,66.96,USD_per_barrel
2026-03-02,DCOILWTICO,71.13,USD_per_barrel
2026-03-03,DCOILWTICO,74.48,USD_per_barrel
2026-03-04,DCOILWTICO,74.58,USD_per_barrel
2026-03-05,DCOILWTICO,80.88,USD_per_barrel
2026-03-06,DCOILWTICO,90.77,USD_per_barrel
2026-03-09,DCOILWTICO,94.65,USD_per_barrel
2026-03-10,DCOILWTICO,83.71,USD_per_barrel
2026-03-11,DCOILWTICO,86.8,USD_per_barrel
2026-03-12,DCOILWTICO,95.61,USD_per_barrel
2026-03-13,DCOILWTICO,98.48,USD_per_barrel
2026-03-16,DCOILWTICO,93.39,USD_per_barrel
2026-03-17,DCOILWTICO,96.01,USD_per_barrel
2026-03-18,DCOILWTICO,96.12,USD_per_barrel
2026-03-19,DCOILWTICO,96.11,USD_per_barrel
2026-03-20,DCOILWTICO,98.71,USD_per_barrel
2026-03-23,DCOILWTICO,89.33,USD_per_barrel
2026-03-24,DCOILWTICO,93.18,USD_per_barrel
2026-03-25,DCOILWTICO,91.51,USD_per_barrel
2026-03-26,DCOILWTICO,96.18,USD_per_barrel
2026-03-27,DCOILWTICO,101.26,USD_per_barrel
2026-03-30,DCOILWTICO,104.69,USD_per_barrel
2026-03-31,DCOILWTICO,102.86,USD_per_barrel
2026-04-01,DCOILWTICO,101.9,USD_per_barrel
2026-04-02,DCOILWTICO,113.23,USD_per_barrel
2026-04-06,DCOILWTICO,114.01,USD_per_barrel
2026-04-07,DCOILWTICO,114.58,USD_per_barrel
2026-04-08,DCOILWTICO,96.17,USD_per_barrel
2026-04-09,DCOILWTICO,99.62,USD_per_barrel
2026-04-10,DCOILWTICO,98.34,USD_per_barrel
2026-04-13,DCOILWTICO,100.72,USD_per_barrel
2026-04-14,DCOILWTICO,93.07,USD_per_barrel
2026-04-15,DCOILWTICO,93.04,USD_per_barrel
2026-04-16,DCOILWTICO,96.46,USD_per_barrel
2026-04-17,DCOILWTICO,85.91,USD_per_barrel
2026-04-20,DCOILWTICO,91.06,USD_per_barrel
2026-04-21,DCOILWTICO,93.64,USD_per_barrel
2026-04-22,DCOILWTICO,94.76,USD_per_barrel
2026-04-23,DCOILWTICO,99.27,USD_per_barrel
2026-04-24,DCOILWTICO,98.42,USD_per_barrel
2026-04-27,DCOILWTICO,99.89,USD_per_barrel
2026-04-28,DCOILWTICO,103.45,USD_per_barrel
2026-04-29,DCOILWTICO,110.47,USD_per_barrel
2026-04-30,DCOILWTICO,108.64,USD_per_barrel
2026-05-01,DCOILWTICO,105.38,USD_per_barrel
2026-05-04,DCOILWTICO,109.76,USD_per_barrel
1986-01-03,WCOILWTICO,25.78,USD_per_barrel
1986-01-10,WCOILWTICO,25.99,USD_per_barrel
1986-01-17,WCOILWTICO,24.57,USD_per_barrel
1986-01-24,WCOILWTICO,20.31,USD_per_barrel
1986-01-31,WCOILWTICO,19.69,USD_per_barrel
1986-02-07,WCOILWTICO,16.72,USD_per_barrel
1986-02-14,WCOILWTICO,16.25,USD_per_barrel
1986-02-21,WCOILWTICO,14.39,USD_per_barrel
1986-02-28,WCOILWTICO,14.25,USD_per_barrel
1986-03-07,WCOILWTICO,12.27,USD_per_barrel
1986-03-14,WCOILWTICO,13.07,USD_per_barrel
1986-03-21,WCOILWTICO,13.45,USD_per_barrel
1986-03-28,WCOILWTICO,12.0,USD_per_barrel
1986-04-04,WCOILWTICO,11.44,USD_per_barrel
1986-04-11,WCOILWTICO,13.46,USD_per_barrel
1986-04-18,WCOILWTICO,12.16,USD_per_barrel
1986-04-25,WCOILWTICO,13.44,USD_per_barrel
1986-05-02,WCOILWTICO,13.76,USD_per_barrel
1986-05-09,WCOILWTICO,15.08,USD_per_barrel
1986-05-16,WCOILWTICO,15.74,USD_per_barrel
1986-05-23,WCOILWTICO,16.37,USD_per_barrel
1986-05-30,WCOILWTICO,14.64,USD_per_barrel
1986-06-06,WCOILWTICO,13.25,USD_per_barrel
1986-06-13,WCOILWTICO,13.21,USD_per_barrel
1986-06-20,WCOILWTICO,13.82,USD_per_barrel
1986-06-27,WCOILWTICO,13.56,USD_per_barrel
1986-07-04,WCOILWTICO,12.23,USD_per_barrel
1986-07-11,WCOILWTICO,11.13,USD_per_barrel
1986-07-18,WCOILWTICO,12.17,USD_per_barrel
1986-07-25,WCOILWTICO,11.31,USD_per_barrel
1986-08-01,WCOILWTICO,11.45,USD_per_barrel
1986-08-08,WCOILWTICO,14.63,USD_per_barrel
1986-08-15,WCOILWTICO,15.39,USD_per_barrel
1986-08-22,WCOILWTICO,15.3,USD_per_barrel
1986-08-29,WCOILWTICO,15.77,USD_per_barrel
1986-09-05,WCOILWTICO,16.07,USD_per_barrel
1986-09-12,WCOILWTICO,15.13,USD_per_barrel
1986-09-19,WCOILWTICO,14.23,USD_per_barrel
1986-09-26,WCOILWTICO,14.3,USD_per_barrel
1986-10-03,WCOILWTICO,15.02,USD_per_barrel
1986-10-10,WCOILWTICO,15.16,USD_per_barrel
1986-10-17,WCOILWTICO,14.69,USD_per_barrel
1986-10-24,WCOILWTICO,15.01,USD_per_barrel
1986-10-31,WCOILWTICO,14.53,USD_per_barrel
1986-11-07,WCOILWTICO,14.98,USD_per_barrel
1986-11-14,WCOILWTICO,15.45,USD_per_barrel
1986-11-21,WCOILWTICO,15.4,USD_per_barrel
1986-11-28,WCOILWTICO,15.01,USD_per_barrel
1986-12-05,WCOILWTICO,15.2,USD_per_barrel
1986-12-12,WCOILWTICO,15.34,USD_per_barrel
1986-12-19,WCOILWTICO,16.23,USD_per_barrel
1986-12-26,WCOILWTICO,17.05,USD_per_barrel
1987-01-02,WCOILWTICO,17.86,USD_per_barrel
1987-01-09,WCOILWTICO,18.38,USD_per_barrel
1987-01-16,WCOILWTICO,19.04,USD_per_barrel
1987-01-23,WCOILWTICO,18.68,USD_per_barrel
1987-01-30,WCOILWTICO,18.62,USD_per_barrel
1987-02-06,WCOILWTICO,18.45,USD_per_barrel
1987-02-13,WCOILWTICO,18.14,USD_per_barrel
1987-02-20,WCOILWTICO,17.63,USD_per_barrel
1987-02-27,WCOILWTICO,16.75,USD_per_barrel
1987-03-06,WCOILWTICO,17.47,USD_per_barrel
1987-03-13,WCOILWTICO,18.31,USD_per_barrel
1987-03-20,WCOILWTICO,18.72,USD_per_barrel
1987-03-27,WCOILWTICO,18.59,USD_per_barrel
1987-04-03,WCOILWTICO,18.77,USD_per_barrel
1987-04-10,WCOILWTICO,18.6,USD_per_barrel
1987-04-17,WCOILWTICO,18.3,USD_per_barrel
1987-04-24,WCOILWTICO,18.94,USD_per_barrel
1987-05-01,WCOILWTICO,18.76,USD_per_barrel
1987-05-08,WCOILWTICO,19.14,USD_per_barrel
1987-05-15,WCOILWTICO,19.52,USD_per_barrel
1987-05-22,WCOILWTICO,19.85,USD_per_barrel
1987-05-29,WCOILWTICO,19.34,USD_per_barrel
1987-06-05,WCOILWTICO,19.73,USD_per_barrel
1987-06-12,WCOILWTICO,19.88,USD_per_barrel
1987-06-19,WCOILWTICO,20.38,USD_per_barrel
1987-06-26,WCOILWTICO,20.21,USD_per_barrel
1987-07-03,WCOILWTICO,20.46,USD_per_barrel
1987-07-10,WCOILWTICO,21.06,USD_per_barrel
1987-07-17,WCOILWTICO,22.03,USD_per_barrel
1987-07-24,WCOILWTICO,21.5,USD_per_barrel
1987-07-31,WCOILWTICO,21.25,USD_per_barrel
1987-08-07,WCOILWTICO,21.52,USD_per_barrel
1987-08-14,WCOILWTICO,20.8,USD_per_barrel
1987-08-21,WCOILWTICO,19.61,USD_per_barrel
1987-08-28,WCOILWTICO,19.42,USD_per_barrel
1987-09-04,WCOILWTICO,19.56,USD_per_barrel
1987-09-11,WCOILWTICO,19.38,USD_per_barrel
1987-09-18,WCOILWTICO,19.63,USD_per_barrel
1987-09-25,WCOILWTICO,19.57,USD_per_barrel
1987-10-02,WCOILWTICO,19.64,USD_per_barrel
1987-10-09,WCOILWTICO,19.65,USD_per_barrel
1987-10-16,WCOILWTICO,19.82,USD_per_barrel
1987-10-23,WCOILWTICO,19.98,USD_per_barrel
1987-10-30,WCOILWTICO,20.03,USD_per_barrel
1987-11-06,WCOILWTICO,19.17,USD_per_barrel
1987-11-13,WCOILWTICO,18.88,USD_per_barrel
1987-11-20,WCOILWTICO,18.6,USD_per_barrel
1987-11-27,WCOILWTICO,18.83,USD_per_barrel
1987-12-04,WCOILWTICO,18.62,USD_per_barrel
1987-12-11,WCOILWTICO,18.34,USD_per_barrel
1987-12-18,WCOILWTICO,16.35,USD_per_barrel
1987-12-25,WCOILWTICO,16.23,USD_per_barrel
1988-01-01,WCOILWTICO,16.78,USD_per_barrel
1988-01-08,WCOILWTICO,17.6,USD_per_barrel
1988-01-15,WCOILWTICO,16.79,USD_per_barrel
1988-01-22,WCOILWTICO,17.2,USD_per_barrel
1988-01-29,WCOILWTICO,16.92,USD_per_barrel
1988-02-05,WCOILWTICO,17.08,USD_per_barrel
1988-02-12,WCOILWTICO,17.24,USD_per_barrel
1988-02-19,WCOILWTICO,16.7,USD_per_barrel
1988-02-26,WCOILWTICO,16.33,USD_per_barrel
1988-03-04,WCOILWTICO,15.64,USD_per_barrel
1988-03-11,WCOILWTICO,15.74,USD_per_barrel
1988-03-18,WCOILWTICO,16.08,USD_per_barrel
1988-03-25,WCOILWTICO,16.58,USD_per_barrel
1988-04-01,WCOILWTICO,17.07,USD_per_barrel
1988-04-08,WCOILWTICO,16.89,USD_per_barrel
1988-04-15,WCOILWTICO,18.15,USD_per_barrel
1988-04-22,WCOILWTICO,18.16,USD_per_barrel
1988-04-29,WCOILWTICO,18.25,USD_per_barrel
1988-05-06,WCOILWTICO,17.34,USD_per_barrel
1988-05-13,WCOILWTICO,17.51,USD_per_barrel
1988-05-20,WCOILWTICO,17.53,USD_per_barrel
1988-05-27,WCOILWTICO,17.29,USD_per_barrel
1988-06-03,WCOILWTICO,17.55,USD_per_barrel
1988-06-10,WCOILWTICO,17.15,USD_per_barrel
1988-06-17,WCOILWTICO,16.58,USD_per_barrel
1988-06-24,WCOILWTICO,15.95,USD_per_barrel
1988-07-01,WCOILWTICO,15.47,USD_per_barrel
1988-07-08,WCOILWTICO,15.45,USD_per_barrel
1988-07-15,WCOILWTICO,14.64,USD_per_barrel
1988-07-22,WCOILWTICO,15.86,USD_per_barrel
1988-07-29,WCOILWTICO,16.14,USD_per_barrel
1988-08-05,WCOILWTICO,15.45,USD_per_barrel
1988-08-12,WCOILWTICO,15.67,USD_per_barrel
1988-08-19,WCOILWTICO,15.58,USD_per_barrel
1988-08-26,WCOILWTICO,15.54,USD_per_barrel
1988-09-02,WCOILWTICO,15.13,USD_per_barrel
1988-09-09,WCOILWTICO,14.4,USD_per_barrel
1988-09-16,WCOILWTICO,14.75,USD_per_barrel
1988-09-23,WCOILWTICO,14.9,USD_per_barrel
1988-09-30,WCOILWTICO,13.94,USD_per_barrel
1988-10-07,WCOILWTICO,12.85,USD_per_barrel
1988-10-14,WCOILWTICO,14.08,USD_per_barrel
1988-10-21,WCOILWTICO,14.76,USD_per_barrel
1988-10-28,WCOILWTICO,13.44,USD_per_barrel
1988-11-04,WCOILWTICO,13.75,USD_per_barrel
1988-11-11,WCOILWTICO,13.93,USD_per_barrel
1988-11-18,WCOILWTICO,13.75,USD_per_barrel
1988-11-25,WCOILWTICO,14.43,USD_per_barrel
1988-12-02,WCOILWTICO,15.33,USD_per_barrel
1988-12-09,WCOILWTICO,15.61,USD_per_barrel
1988-12-16,WCOILWTICO,16.31,USD_per_barrel
1988-12-23,WCOILWTICO,17.04,USD_per_barrel
1988-12-30,WCOILWTICO,16.99,USD_per_barrel
1989-01-06,WCOILWTICO,17.35,USD_per_barrel
1989-01-13,WCOILWTICO,18.06,USD_per_barrel
1989-01-20,WCOILWTICO,19.05,USD_per_barrel
1989-01-27,WCOILWTICO,17.85,USD_per_barrel
1989-02-03,WCOILWTICO,17.41,USD_per_barrel
1989-02-10,WCOILWTICO,17.39,USD_per_barrel
1989-02-17,WCOILWTICO,18.08,USD_per_barrel
1989-02-24,WCOILWTICO,18.46,USD_per_barrel
1989-03-03,WCOILWTICO,18.4,USD_per_barrel
1989-03-10,WCOILWTICO,18.5,USD_per_barrel
1989-03-17,WCOILWTICO,19.71,USD_per_barrel
1989-03-24,WCOILWTICO,20.0,USD_per_barrel
1989-03-31,WCOILWTICO,20.4,USD_per_barrel
1989-04-07,WCOILWTICO,20.11,USD_per_barrel
1989-04-14,WCOILWTICO,20.56,USD_per_barrel
1989-04-21,WCOILWTICO,22.73,USD_per_barrel
1989-04-28,WCOILWTICO,20.87,USD_per_barrel
1989-05-05,WCOILWTICO,20.23,USD_per_barrel
1989-05-12,WCOILWTICO,19.75,USD_per_barrel
1989-05-19,WCOILWTICO,20.42,USD_per_barrel
1989-05-26,WCOILWTICO,20.28,USD_per_barrel
1989-06-02,WCOILWTICO,19.89,USD_per_barrel
1989-06-09,WCOILWTICO,20.08,USD_per_barrel
1989-06-16,WCOILWTICO,19.94,USD_per_barrel
1989-06-23,WCOILWTICO,19.95,USD_per_barrel
1989-06-30,WCOILWTICO,20.25,USD_per_barrel
1989-07-07,WCOILWTICO,20.59,USD_per_barrel
1989-07-14,WCOILWTICO,20.42,USD_per_barrel
1989-07-21,WCOILWTICO,20.06,USD_per_barrel
1989-07-28,WCOILWTICO,18.34,USD_per_barrel
1989-08-04,WCOILWTICO,18.15,USD_per_barrel
1989-08-11,WCOILWTICO,18.25,USD_per_barrel
1989-08-18,WCOILWTICO,18.77,USD_per_barrel
1989-08-25,WCOILWTICO,18.96,USD_per_barrel
1989-09-01,WCOILWTICO,18.77,USD_per_barrel
1989-09-08,WCOILWTICO,19.31,USD_per_barrel
1989-09-15,WCOILWTICO,19.8,USD_per_barrel
1989-09-22,WCOILWTICO,19.63,USD_per_barrel
1989-09-29,WCOILWTICO,19.77,USD_per_barrel
1989-10-06,WCOILWTICO,20.03,USD_per_barrel
1989-10-13,WCOILWTICO,20.37,USD_per_barrel
1989-10-20,WCOILWTICO,20.46,USD_per_barrel
1989-10-27,WCOILWTICO,19.65,USD_per_barrel
1989-11-03,WCOILWTICO,19.99,USD_per_barrel
1989-11-10,WCOILWTICO,19.89,USD_per_barrel
1989-11-17,WCOILWTICO,19.74,USD_per_barrel
1989-11-24,WCOILWTICO,20.02,USD_per_barrel
1989-12-01,WCOILWTICO,19.7,USD_per_barrel
1989-12-08,WCOILWTICO,20.36,USD_per_barrel
1989-12-15,WCOILWTICO,20.81,USD_per_barrel
1989-12-22,WCOILWTICO,21.76,USD_per_barrel
1989-12-29,WCOILWTICO,21.78,USD_per_barrel
1990-01-05,WCOILWTICO,23.29,USD_per_barrel
1990-01-12,WCOILWTICO,22.62,USD_per_barrel
1990-01-19,WCOILWTICO,22.71,USD_per_barrel
1990-01-26,WCOILWTICO,23.08,USD_per_barrel
1990-02-02,WCOILWTICO,22.7,USD_per_barrel
1990-02-09,WCOILWTICO,22.23,USD_per_barrel
1990-02-16,WCOILWTICO,22.27,USD_per_barrel
1990-02-23,WCOILWTICO,21.81,USD_per_barrel
1990-03-02,WCOILWTICO,21.51,USD_per_barrel
1990-03-09,WCOILWTICO,21.01,USD_per_barrel
1990-03-16,WCOILWTICO,20.19,USD_per_barrel
1990-03-23,WCOILWTICO,19.73,USD_per_barrel
1990-03-30,WCOILWTICO,20.26,USD_per_barrel
1990-04-06,WCOILWTICO,19.83,USD_per_barrel
1990-04-13,WCOILWTICO,17.96,USD_per_barrel
1990-04-20,WCOILWTICO,17.6,USD_per_barrel
1990-04-27,WCOILWTICO,18.2,USD_per_barrel
1990-05-04,WCOILWTICO,18.37,USD_per_barrel
1990-05-11,WCOILWTICO,18.71,USD_per_barrel
1990-05-18,WCOILWTICO,19.19,USD_per_barrel
1990-05-25,WCOILWTICO,16.83,USD_per_barrel
1990-06-01,WCOILWTICO,17.72,USD_per_barrel
1990-06-08,WCOILWTICO,16.77,USD_per_barrel
1990-06-15,WCOILWTICO,17.11,USD_per_barrel
1990-06-22,WCOILWTICO,15.9,USD_per_barrel
1990-06-29,WCOILWTICO,16.84,USD_per_barrel
1990-07-06,WCOILWTICO,16.68,USD_per_barrel
1990-07-13,WCOILWTICO,17.64,USD_per_barrel
1990-07-20,WCOILWTICO,18.83,USD_per_barrel
1990-07-27,WCOILWTICO,19.89,USD_per_barrel
1990-08-03,WCOILWTICO,21.98,USD_per_barrel
1990-08-10,WCOILWTICO,27.32,USD_per_barrel
1990-08-17,WCOILWTICO,27.27,USD_per_barrel
1990-08-24,WCOILWTICO,30.08,USD_per_barrel
1990-08-31,WCOILWTICO,27.13,USD_per_barrel
1990-09-07,WCOILWTICO,29.67,USD_per_barrel
1990-09-14,WCOILWTICO,30.99,USD_per_barrel
1990-09-21,WCOILWTICO,34.21,USD_per_barrel
1990-09-28,WCOILWTICO,39.16,USD_per_barrel
1990-10-05,WCOILWTICO,36.64,USD_per_barrel
1990-10-12,WCOILWTICO,39.88,USD_per_barrel
1990-10-19,WCOILWTICO,36.84,USD_per_barrel
1990-10-26,WCOILWTICO,31.32,USD_per_barrel
1990-11-02,WCOILWTICO,34.95,USD_per_barrel
1990-11-09,WCOILWTICO,33.89,USD_per_barrel
1990-11-16,WCOILWTICO,31.5,USD_per_barrel
1990-11-23,WCOILWTICO,30.69,USD_per_barrel
1990-11-30,WCOILWTICO,32.32,USD_per_barrel
1990-12-07,WCOILWTICO,27.72,USD_per_barrel
1990-12-14,WCOILWTICO,26.39,USD_per_barrel
1990-12-21,WCOILWTICO,27.56,USD_per_barrel
1990-12-28,WCOILWTICO,27.21,USD_per_barrel
1991-01-04,WCOILWTICO,26.38,USD_per_barrel
1991-01-11,WCOILWTICO,27.55,USD_per_barrel
1991-01-18,WCOILWTICO,26.85,USD_per_barrel
1991-01-25,WCOILWTICO,24.08,USD_per_barrel
1991-02-01,WCOILWTICO,21.41,USD_per_barrel
1991-02-08,WCOILWTICO,21.3,USD_per_barrel
1991-02-15,WCOILWTICO,22.12,USD_per_barrel
1991-02-22,WCOILWTICO,19.38,USD_per_barrel
1991-03-01,WCOILWTICO,18.73,USD_per_barrel
1991-03-08,WCOILWTICO,19.86,USD_per_barrel
1991-03-15,WCOILWTICO,19.89,USD_per_barrel
1991-03-22,WCOILWTICO,20.3,USD_per_barrel
1991-03-29,WCOILWTICO,19.58,USD_per_barrel
1991-04-05,WCOILWTICO,19.63,USD_per_barrel
1991-04-12,WCOILWTICO,20.89,USD_per_barrel
1991-04-19,WCOILWTICO,21.48,USD_per_barrel
1991-04-26,WCOILWTICO,21.19,USD_per_barrel
1991-05-03,WCOILWTICO,21.23,USD_per_barrel
1991-05-10,WCOILWTICO,21.69,USD_per_barrel
1991-05-17,WCOILWTICO,20.95,USD_per_barrel
1991-05-24,WCOILWTICO,21.04,USD_per_barrel
1991-05-31,WCOILWTICO,21.21,USD_per_barrel
1991-06-07,WCOILWTICO,20.63,USD_per_barrel
1991-06-14,WCOILWTICO,19.84,USD_per_barrel
1991-06-21,WCOILWTICO,20.08,USD_per_barrel
1991-06-28,WCOILWTICO,20.21,USD_per_barrel
1991-07-05,WCOILWTICO,20.8,USD_per_barrel
1991-07-12,WCOILWTICO,21.43,USD_per_barrel
1991-07-19,WCOILWTICO,21.91,USD_per_barrel
1991-07-26,WCOILWTICO,21.4,USD_per_barrel
1991-08-02,WCOILWTICO,21.46,USD_per_barrel
1991-08-09,WCOILWTICO,21.5,USD_per_barrel
1991-08-16,WCOILWTICO,21.44,USD_per_barrel
1991-08-23,WCOILWTICO,21.99,USD_per_barrel
1991-08-30,WCOILWTICO,21.98,USD_per_barrel
1991-09-06,WCOILWTICO,21.84,USD_per_barrel
1991-09-13,WCOILWTICO,21.54,USD_per_barrel
1991-09-20,WCOILWTICO,21.85,USD_per_barrel
1991-09-27,WCOILWTICO,22.24,USD_per_barrel
1991-10-04,WCOILWTICO,22.41,USD_per_barrel
1991-10-11,WCOILWTICO,23.08,USD_per_barrel
1991-10-18,WCOILWTICO,23.82,USD_per_barrel
1991-10-25,WCOILWTICO,23.46,USD_per_barrel
1991-11-01,WCOILWTICO,23.32,USD_per_barrel
1991-11-08,WCOILWTICO,23.47,USD_per_barrel
1991-11-15,WCOILWTICO,22.57,USD_per_barrel
1991-11-22,WCOILWTICO,22.04,USD_per_barrel
1991-11-29,WCOILWTICO,21.49,USD_per_barrel
1991-12-06,WCOILWTICO,20.55,USD_per_barrel
1991-12-13,WCOILWTICO,19.64,USD_per_barrel
1991-12-20,WCOILWTICO,19.2,USD_per_barrel
1991-12-27,WCOILWTICO,18.68,USD_per_barrel
1992-01-03,WCOILWTICO,19.11,USD_per_barrel
1992-01-10,WCOILWTICO,18.41,USD_per_barrel
1992-01-17,WCOILWTICO,18.81,USD_per_barrel
1992-01-24,WCOILWTICO,18.66,USD_per_barrel
1992-01-31,WCOILWTICO,19.05,USD_per_barrel
1992-02-07,WCOILWTICO,19.42,USD_per_barrel
1992-02-14,WCOILWTICO,19.49,USD_per_barrel
1992-02-21,WCOILWTICO,18.62,USD_per_barrel
1992-02-28,WCOILWTICO,18.51,USD_per_barrel
1992-03-06,WCOILWTICO,18.55,USD_per_barrel
1992-03-13,WCOILWTICO,18.76,USD_per_barrel
1992-03-20,WCOILWTICO,19.1,USD_per_barrel
1992-03-27,WCOILWTICO,19.09,USD_per_barrel
1992-04-03,WCOILWTICO,19.73,USD_per_barrel
1992-04-10,WCOILWTICO,20.43,USD_per_barrel
1992-04-17,WCOILWTICO,20.06,USD_per_barrel
1992-04-24,WCOILWTICO,20.06,USD_per_barrel
1992-05-01,WCOILWTICO,20.63,USD_per_barrel
1992-05-08,WCOILWTICO,20.86,USD_per_barrel
1992-05-15,WCOILWTICO,20.8,USD_per_barrel
1992-05-22,WCOILWTICO,20.49,USD_per_barrel
1992-05-29,WCOILWTICO,21.98,USD_per_barrel
1992-06-05,WCOILWTICO,22.38,USD_per_barrel
1992-06-12,WCOILWTICO,22.35,USD_per_barrel
1992-06-19,WCOILWTICO,22.26,USD_per_barrel
1992-06-26,WCOILWTICO,22.68,USD_per_barrel
1992-07-03,WCOILWTICO,22.03,USD_per_barrel
1992-07-10,WCOILWTICO,21.48,USD_per_barrel
1992-07-17,WCOILWTICO,21.58,USD_per_barrel
1992-07-24,WCOILWTICO,21.95,USD_per_barrel
1992-07-31,WCOILWTICO,21.95,USD_per_barrel
1992-08-07,WCOILWTICO,21.34,USD_per_barrel
1992-08-14,WCOILWTICO,21.18,USD_per_barrel
1992-08-21,WCOILWTICO,21.39,USD_per_barrel
1992-08-28,WCOILWTICO,21.43,USD_per_barrel
1992-09-04,WCOILWTICO,21.66,USD_per_barrel
1992-09-11,WCOILWTICO,21.94,USD_per_barrel
1992-09-18,WCOILWTICO,22.21,USD_per_barrel
1992-09-25,WCOILWTICO,21.71,USD_per_barrel
1992-10-02,WCOILWTICO,21.81,USD_per_barrel
1992-10-09,WCOILWTICO,21.9,USD_per_barrel
1992-10-16,WCOILWTICO,22.25,USD_per_barrel
1992-10-23,WCOILWTICO,21.58,USD_per_barrel
1992-10-30,WCOILWTICO,20.95,USD_per_barrel
1992-11-06,WCOILWTICO,20.52,USD_per_barrel
1992-11-13,WCOILWTICO,20.37,USD_per_barrel
1992-11-20,WCOILWTICO,20.35,USD_per_barrel
1992-11-27,WCOILWTICO,20.16,USD_per_barrel
1992-12-04,WCOILWTICO,19.38,USD_per_barrel
1992-12-11,WCOILWTICO,19.01,USD_per_barrel
1992-12-18,WCOILWTICO,19.38,USD_per_barrel
1992-12-25,WCOILWTICO,19.91,USD_per_barrel
1993-01-01,WCOILWTICO,19.63,USD_per_barrel
1993-01-08,WCOILWTICO,19.0,USD_per_barrel
1993-01-15,WCOILWTICO,18.62,USD_per_barrel
1993-01-22,WCOILWTICO,18.61,USD_per_barrel
1993-01-29,WCOILWTICO,19.9,USD_per_barrel
1993-02-05,WCOILWTICO,20.22,USD_per_barrel
1993-02-12,WCOILWTICO,20.13,USD_per_barrel
1993-02-19,WCOILWTICO,19.51,USD_per_barrel
1993-02-26,WCOILWTICO,20.4,USD_per_barrel
1993-03-05,WCOILWTICO,20.69,USD_per_barrel
1993-03-12,WCOILWTICO,20.45,USD_per_barrel
1993-03-19,WCOILWTICO,20.14,USD_per_barrel
1993-03-26,WCOILWTICO,20.0,USD_per_barrel
1993-04-02,WCOILWTICO,20.44,USD_per_barrel
1993-04-09,WCOILWTICO,20.37,USD_per_barrel
1993-04-16,WCOILWTICO,20.28,USD_per_barrel
1993-04-23,WCOILWTICO,19.95,USD_per_barrel
1993-04-30,WCOILWTICO,20.3,USD_per_barrel
1993-05-07,WCOILWTICO,20.47,USD_per_barrel
1993-05-14,WCOILWTICO,20.06,USD_per_barrel
1993-05-21,WCOILWTICO,19.43,USD_per_barrel
1993-05-28,WCOILWTICO,19.84,USD_per_barrel
1993-06-04,WCOILWTICO,19.95,USD_per_barrel
1993-06-11,WCOILWTICO,19.43,USD_per_barrel
1993-06-18,WCOILWTICO,18.76,USD_per_barrel
1993-06-25,WCOILWTICO,18.52,USD_per_barrel
1993-07-02,WCOILWTICO,18.61,USD_per_barrel
1993-07-09,WCOILWTICO,18.02,USD_per_barrel
1993-07-16,WCOILWTICO,17.72,USD_per_barrel
1993-07-23,WCOILWTICO,17.54,USD_per_barrel
1993-07-30,WCOILWTICO,18.18,USD_per_barrel
1993-08-06,WCOILWTICO,17.67,USD_per_barrel
1993-08-13,WCOILWTICO,17.87,USD_per_barrel
1993-08-20,WCOILWTICO,17.84,USD_per_barrel
1993-08-27,WCOILWTICO,18.49,USD_per_barrel
1993-09-03,WCOILWTICO,18.1,USD_per_barrel
1993-09-10,WCOILWTICO,16.96,USD_per_barrel
1993-09-17,WCOILWTICO,16.94,USD_per_barrel
1993-09-24,WCOILWTICO,17.67,USD_per_barrel
1993-10-01,WCOILWTICO,18.33,USD_per_barrel
1993-10-08,WCOILWTICO,18.46,USD_per_barrel
1993-10-15,WCOILWTICO,18.57,USD_per_barrel
1993-10-22,WCOILWTICO,18.12,USD_per_barrel
1993-10-29,WCOILWTICO,17.37,USD_per_barrel
1993-11-05,WCOILWTICO,17.29,USD_per_barrel
1993-11-12,WCOILWTICO,16.71,USD_per_barrel
1993-11-19,WCOILWTICO,16.75,USD_per_barrel
1993-11-26,WCOILWTICO,16.08,USD_per_barrel
1993-12-03,WCOILWTICO,15.21,USD_per_barrel
1993-12-10,WCOILWTICO,14.68,USD_per_barrel
1993-12-17,WCOILWTICO,14.31,USD_per_barrel
1993-12-24,WCOILWTICO,14.4,USD_per_barrel
1993-12-31,WCOILWTICO,14.21,USD_per_barrel
1994-01-07,WCOILWTICO,15.03,USD_per_barrel
1994-01-14,WCOILWTICO,14.67,USD_per_barrel
1994-01-21,WCOILWTICO,15.02,USD_per_barrel
1994-01-28,WCOILWTICO,15.34,USD_per_barrel
1994-02-04,WCOILWTICO,15.76,USD_per_barrel
1994-02-11,WCOILWTICO,14.87,USD_per_barrel
1994-02-18,WCOILWTICO,14.13,USD_per_barrel
1994-02-25,WCOILWTICO,14.44,USD_per_barrel
1994-03-04,WCOILWTICO,14.68,USD_per_barrel
1994-03-11,WCOILWTICO,14.24,USD_per_barrel
1994-03-18,WCOILWTICO,14.82,USD_per_barrel
1994-03-25,WCOILWTICO,15.15,USD_per_barrel
1994-04-01,WCOILWTICO,14.44,USD_per_barrel
1994-04-08,WCOILWTICO,15.65,USD_per_barrel
1994-04-15,WCOILWTICO,16.07,USD_per_barrel
1994-04-22,WCOILWTICO,17.02,USD_per_barrel
1994-04-29,WCOILWTICO,16.93,USD_per_barrel
1994-05-06,WCOILWTICO,17.2,USD_per_barrel
1994-05-13,WCOILWTICO,17.93,USD_per_barrel
1994-05-20,WCOILWTICO,18.21,USD_per_barrel
1994-05-27,WCOILWTICO,18.14,USD_per_barrel
1994-06-03,WCOILWTICO,18.24,USD_per_barrel
1994-06-10,WCOILWTICO,18.26,USD_per_barrel
1994-06-17,WCOILWTICO,19.61,USD_per_barrel
1994-06-24,WCOILWTICO,19.8,USD_per_barrel
1994-07-01,WCOILWTICO,19.16,USD_per_barrel
1994-07-08,WCOILWTICO,19.39,USD_per_barrel
1994-07-15,WCOILWTICO,20.16,USD_per_barrel
1994-07-22,WCOILWTICO,19.39,USD_per_barrel
1994-07-29,WCOILWTICO,19.66,USD_per_barrel
1994-08-05,WCOILWTICO,20.09,USD_per_barrel
1994-08-12,WCOILWTICO,18.88,USD_per_barrel
1994-08-19,WCOILWTICO,17.85,USD_per_barrel
1994-08-26,WCOILWTICO,17.23,USD_per_barrel
1994-09-02,WCOILWTICO,17.52,USD_per_barrel
1994-09-09,WCOILWTICO,17.65,USD_per_barrel
1994-09-16,WCOILWTICO,16.93,USD_per_barrel
1994-09-23,WCOILWTICO,17.38,USD_per_barrel
1994-09-30,WCOILWTICO,17.83,USD_per_barrel
1994-10-07,WCOILWTICO,18.13,USD_per_barrel
1994-10-14,WCOILWTICO,17.37,USD_per_barrel
1994-10-21,WCOILWTICO,17.35,USD_per_barrel
1994-10-28,WCOILWTICO,17.93,USD_per_barrel
1994-11-04,WCOILWTICO,18.69,USD_per_barrel
1994-11-11,WCOILWTICO,18.25,USD_per_barrel
1994-11-18,WCOILWTICO,17.51,USD_per_barrel
1994-11-25,WCOILWTICO,17.73,USD_per_barrel
1994-12-02,WCOILWTICO,17.78,USD_per_barrel
1994-12-09,WCOILWTICO,16.99,USD_per_barrel
1994-12-16,WCOILWTICO,16.86,USD_per_barrel
1994-12-23,WCOILWTICO,17.1,USD_per_barrel
1994-12-30,WCOILWTICO,17.71,USD_per_barrel
1995-01-06,WCOILWTICO,17.62,USD_per_barrel
1995-01-13,WCOILWTICO,17.55,USD_per_barrel
1995-01-20,WCOILWTICO,18.45,USD_per_barrel
1995-01-27,WCOILWTICO,18.34,USD_per_barrel
1995-02-03,WCOILWTICO,18.5,USD_per_barrel
1995-02-10,WCOILWTICO,18.42,USD_per_barrel
1995-02-17,WCOILWTICO,18.55,USD_per_barrel
1995-02-24,WCOILWTICO,18.75,USD_per_barrel
1995-03-03,WCOILWTICO,18.5,USD_per_barrel
1995-03-10,WCOILWTICO,18.27,USD_per_barrel
1995-03-17,WCOILWTICO,18.13,USD_per_barrel
1995-03-24,WCOILWTICO,18.69,USD_per_barrel
1995-03-31,WCOILWTICO,19.12,USD_per_barrel
1995-04-07,WCOILWTICO,19.43,USD_per_barrel
1995-04-14,WCOILWTICO,19.53,USD_per_barrel
1995-04-21,WCOILWTICO,20.26,USD_per_barrel
1995-04-28,WCOILWTICO,20.29,USD_per_barrel
1995-05-05,WCOILWTICO,20.24,USD_per_barrel
1995-05-12,WCOILWTICO,19.74,USD_per_barrel
1995-05-19,WCOILWTICO,19.98,USD_per_barrel
1995-05-26,WCOILWTICO,19.37,USD_per_barrel
1995-06-02,WCOILWTICO,18.92,USD_per_barrel
1995-06-09,WCOILWTICO,19.05,USD_per_barrel
1995-06-16,WCOILWTICO,18.91,USD_per_barrel
1995-06-23,WCOILWTICO,17.88,USD_per_barrel
1995-06-30,WCOILWTICO,17.71,USD_per_barrel
1995-07-07,WCOILWTICO,17.28,USD_per_barrel
1995-07-14,WCOILWTICO,17.34,USD_per_barrel
1995-07-21,WCOILWTICO,17.21,USD_per_barrel
1995-07-28,WCOILWTICO,17.41,USD_per_barrel
1995-08-04,WCOILWTICO,17.72,USD_per_barrel
1995-08-11,WCOILWTICO,17.81,USD_per_barrel
1995-08-18,WCOILWTICO,17.6,USD_per_barrel
1995-08-25,WCOILWTICO,19.02,USD_per_barrel
1995-09-01,WCOILWTICO,17.88,USD_per_barrel
1995-09-08,WCOILWTICO,18.37,USD_per_barrel
1995-09-15,WCOILWTICO,18.72,USD_per_barrel
1995-09-22,WCOILWTICO,18.32,USD_per_barrel
1995-09-29,WCOILWTICO,17.55,USD_per_barrel
1995-10-06,WCOILWTICO,17.29,USD_per_barrel
1995-10-13,WCOILWTICO,17.28,USD_per_barrel
1995-10-20,WCOILWTICO,17.51,USD_per_barrel
1995-10-27,WCOILWTICO,17.56,USD_per_barrel
1995-11-03,WCOILWTICO,17.79,USD_per_barrel
1995-11-10,WCOILWTICO,17.76,USD_per_barrel
1995-11-17,WCOILWTICO,18.06,USD_per_barrel
1995-11-24,WCOILWTICO,17.99,USD_per_barrel
1995-12-01,WCOILWTICO,18.32,USD_per_barrel
1995-12-08,WCOILWTICO,18.74,USD_per_barrel
1995-12-15,WCOILWTICO,19.02,USD_per_barrel
1995-12-22,WCOILWTICO,19.12,USD_per_barrel
1995-12-29,WCOILWTICO,19.44,USD_per_barrel
1996-01-05,WCOILWTICO,19.99,USD_per_barrel
1996-01-12,WCOILWTICO,19.43,USD_per_barrel
1996-01-19,WCOILWTICO,18.64,USD_per_barrel
1996-01-26,WCOILWTICO,18.35,USD_per_barrel
1996-02-02,WCOILWTICO,17.64,USD_per_barrel
1996-02-09,WCOILWTICO,17.72,USD_per_barrel
1996-02-16,WCOILWTICO,18.8,USD_per_barrel
1996-02-23,WCOILWTICO,21.45,USD_per_barrel
1996-03-01,WCOILWTICO,19.49,USD_per_barrel
1996-03-08,WCOILWTICO,19.72,USD_per_barrel
1996-03-15,WCOILWTICO,20.8,USD_per_barrel
1996-03-22,WCOILWTICO,23.16,USD_per_barrel
1996-03-29,WCOILWTICO,22.03,USD_per_barrel
1996-04-05,WCOILWTICO,22.49,USD_per_barrel
1996-04-12,WCOILWTICO,23.95,USD_per_barrel
1996-04-19,WCOILWTICO,24.34,USD_per_barrel
1996-04-26,WCOILWTICO,23.8,USD_per_barrel
1996-05-03,WCOILWTICO,21.16,USD_per_barrel
1996-05-10,WCOILWTICO,20.98,USD_per_barrel
1996-05-17,WCOILWTICO,21.06,USD_per_barrel
1996-05-24,WCOILWTICO,22.24,USD_per_barrel
1996-05-31,WCOILWTICO,20.37,USD_per_barrel
1996-06-07,WCOILWTICO,20.04,USD_per_barrel
1996-06-14,WCOILWTICO,20.15,USD_per_barrel
1996-06-21,WCOILWTICO,20.95,USD_per_barrel
1996-06-28,WCOILWTICO,20.55,USD_per_barrel
1996-07-05,WCOILWTICO,21.4,USD_per_barrel
1996-07-12,WCOILWTICO,21.65,USD_per_barrel
1996-07-19,WCOILWTICO,21.8,USD_per_barrel
1996-07-26,WCOILWTICO,20.96,USD_per_barrel
1996-08-02,WCOILWTICO,20.66,USD_per_barrel
1996-08-09,WCOILWTICO,21.35,USD_per_barrel
1996-08-16,WCOILWTICO,22.25,USD_per_barrel
1996-08-23,WCOILWTICO,22.5,USD_per_barrel
1996-08-30,WCOILWTICO,21.82,USD_per_barrel
1996-09-06,WCOILWTICO,23.48,USD_per_barrel
1996-09-13,WCOILWTICO,24.42,USD_per_barrel
1996-09-20,WCOILWTICO,23.52,USD_per_barrel
1996-09-27,WCOILWTICO,24.33,USD_per_barrel
1996-10-04,WCOILWTICO,24.44,USD_per_barrel
1996-10-11,WCOILWTICO,24.93,USD_per_barrel
1996-10-18,WCOILWTICO,25.45,USD_per_barrel
1996-10-25,WCOILWTICO,25.15,USD_per_barrel
1996-11-01,WCOILWTICO,23.91,USD_per_barrel
1996-11-08,WCOILWTICO,22.92,USD_per_barrel
1996-11-15,WCOILWTICO,23.9,USD_per_barrel
1996-11-22,WCOILWTICO,24.03,USD_per_barrel
1996-11-29,WCOILWTICO,24.21,USD_per_barrel
1996-12-06,WCOILWTICO,25.14,USD_per_barrel
1996-12-13,WCOILWTICO,24.2,USD_per_barrel
1996-12-20,WCOILWTICO,26.02,USD_per_barrel
1996-12-27,WCOILWTICO,25.44,USD_per_barrel
1997-01-03,WCOILWTICO,25.59,USD_per_barrel
1997-01-10,WCOILWTICO,26.3,USD_per_barrel
1997-01-17,WCOILWTICO,25.42,USD_per_barrel
1997-01-24,WCOILWTICO,24.4,USD_per_barrel
1997-01-31,WCOILWTICO,24.24,USD_per_barrel
1997-02-07,WCOILWTICO,23.49,USD_per_barrel
1997-02-14,WCOILWTICO,22.21,USD_per_barrel
1997-02-21,WCOILWTICO,22.18,USD_per_barrel
1997-02-28,WCOILWTICO,20.83,USD_per_barrel
1997-03-07,WCOILWTICO,20.77,USD_per_barrel
1997-03-14,WCOILWTICO,20.64,USD_per_barrel
1997-03-21,WCOILWTICO,21.72,USD_per_barrel
1997-03-28,WCOILWTICO,20.83,USD_per_barrel
1997-04-04,WCOILWTICO,19.76,USD_per_barrel
1997-04-11,WCOILWTICO,19.38,USD_per_barrel
1997-04-18,WCOILWTICO,19.65,USD_per_barrel
1997-04-25,WCOILWTICO,19.85,USD_per_barrel
1997-05-02,WCOILWTICO,19.99,USD_per_barrel
1997-05-09,WCOILWTICO,19.94,USD_per_barrel
1997-05-16,WCOILWTICO,21.45,USD_per_barrel
1997-05-23,WCOILWTICO,21.43,USD_per_barrel
1997-05-30,WCOILWTICO,20.9,USD_per_barrel
1997-06-06,WCOILWTICO,20.12,USD_per_barrel
1997-06-13,WCOILWTICO,18.88,USD_per_barrel
1997-06-20,WCOILWTICO,18.93,USD_per_barrel
1997-06-27,WCOILWTICO,19.0,USD_per_barrel
1997-07-04,WCOILWTICO,19.95,USD_per_barrel
1997-07-11,WCOILWTICO,19.44,USD_per_barrel
1997-07-18,WCOILWTICO,19.49,USD_per_barrel
1997-07-25,WCOILWTICO,19.52,USD_per_barrel
1997-08-01,WCOILWTICO,20.13,USD_per_barrel
1997-08-08,WCOILWTICO,20.35,USD_per_barrel
1997-08-15,WCOILWTICO,19.99,USD_per_barrel
1997-08-22,WCOILWTICO,19.92,USD_per_barrel
1997-08-29,WCOILWTICO,19.5,USD_per_barrel
1997-09-05,WCOILWTICO,19.61,USD_per_barrel
1997-09-12,WCOILWTICO,19.44,USD_per_barrel
1997-09-19,WCOILWTICO,19.44,USD_per_barrel
1997-09-26,WCOILWTICO,20.12,USD_per_barrel
1997-10-03,WCOILWTICO,21.62,USD_per_barrel
1997-10-10,WCOILWTICO,22.01,USD_per_barrel
1997-10-17,WCOILWTICO,21.03,USD_per_barrel
1997-10-24,WCOILWTICO,21.0,USD_per_barrel
1997-10-31,WCOILWTICO,20.92,USD_per_barrel
1997-11-07,WCOILWTICO,20.65,USD_per_barrel
1997-11-14,WCOILWTICO,20.66,USD_per_barrel
1997-11-21,WCOILWTICO,19.81,USD_per_barrel
1997-11-28,WCOILWTICO,19.3,USD_per_barrel
1997-12-05,WCOILWTICO,18.69,USD_per_barrel
1997-12-12,WCOILWTICO,18.44,USD_per_barrel
1997-12-19,WCOILWTICO,18.31,USD_per_barrel
1997-12-26,WCOILWTICO,18.31,USD_per_barrel
1998-01-02,WCOILWTICO,17.58,USD_per_barrel
1998-01-09,WCOILWTICO,16.83,USD_per_barrel
1998-01-16,WCOILWTICO,16.47,USD_per_barrel
1998-01-23,WCOILWTICO,16.02,USD_per_barrel
1998-01-30,WCOILWTICO,17.3,USD_per_barrel
1998-02-06,WCOILWTICO,16.65,USD_per_barrel
1998-02-13,WCOILWTICO,16.25,USD_per_barrel
1998-02-20,WCOILWTICO,16.03,USD_per_barrel
1998-02-27,WCOILWTICO,15.3,USD_per_barrel
1998-03-06,WCOILWTICO,15.23,USD_per_barrel
1998-03-13,WCOILWTICO,14.4,USD_per_barrel
1998-03-20,WCOILWTICO,14.04,USD_per_barrel
1998-03-27,WCOILWTICO,16.42,USD_per_barrel
1998-04-03,WCOILWTICO,15.98,USD_per_barrel
1998-04-10,WCOILWTICO,15.55,USD_per_barrel
1998-04-17,WCOILWTICO,15.53,USD_per_barrel
1998-04-24,WCOILWTICO,14.5,USD_per_barrel
1998-05-01,WCOILWTICO,15.71,USD_per_barrel
1998-05-08,WCOILWTICO,15.48,USD_per_barrel
1998-05-15,WCOILWTICO,15.03,USD_per_barrel
1998-05-22,WCOILWTICO,13.91,USD_per_barrel
1998-05-29,WCOILWTICO,14.99,USD_per_barrel
1998-06-05,WCOILWTICO,15.02,USD_per_barrel
1998-06-12,WCOILWTICO,13.42,USD_per_barrel
1998-06-19,WCOILWTICO,12.04,USD_per_barrel
1998-06-26,WCOILWTICO,14.17,USD_per_barrel
1998-07-03,WCOILWTICO,14.41,USD_per_barrel
1998-07-10,WCOILWTICO,13.94,USD_per_barrel
1998-07-17,WCOILWTICO,14.48,USD_per_barrel
1998-07-24,WCOILWTICO,13.89,USD_per_barrel
1998-07-31,WCOILWTICO,14.24,USD_per_barrel
1998-08-07,WCOILWTICO,13.83,USD_per_barrel
1998-08-14,WCOILWTICO,13.12,USD_per_barrel
1998-08-21,WCOILWTICO,13.33,USD_per_barrel
1998-08-28,WCOILWTICO,13.65,USD_per_barrel
1998-09-04,WCOILWTICO,13.98,USD_per_barrel
1998-09-11,WCOILWTICO,14.45,USD_per_barrel
1998-09-18,WCOILWTICO,14.88,USD_per_barrel
1998-09-25,WCOILWTICO,15.78,USD_per_barrel
1998-10-02,WCOILWTICO,15.83,USD_per_barrel
1998-10-09,WCOILWTICO,15.02,USD_per_barrel
1998-10-16,WCOILWTICO,14.21,USD_per_barrel
1998-10-23,WCOILWTICO,13.81,USD_per_barrel
1998-10-30,WCOILWTICO,14.34,USD_per_barrel
1998-11-06,WCOILWTICO,14.13,USD_per_barrel
1998-11-13,WCOILWTICO,13.63,USD_per_barrel
1998-11-20,WCOILWTICO,12.4,USD_per_barrel
1998-11-27,WCOILWTICO,11.62,USD_per_barrel
1998-12-04,WCOILWTICO,11.28,USD_per_barrel
1998-12-11,WCOILWTICO,11.16,USD_per_barrel
1998-12-18,WCOILWTICO,11.5,USD_per_barrel
1998-12-25,WCOILWTICO,11.0,USD_per_barrel
1999-01-01,WCOILWTICO,11.83,USD_per_barrel
1999-01-08,WCOILWTICO,12.67,USD_per_barrel
1999-01-15,WCOILWTICO,12.62,USD_per_barrel
1999-01-22,WCOILWTICO,12.26,USD_per_barrel
1999-01-29,WCOILWTICO,12.46,USD_per_barrel
1999-02-05,WCOILWTICO,12.16,USD_per_barrel
1999-02-12,WCOILWTICO,11.81,USD_per_barrel
1999-02-19,WCOILWTICO,11.66,USD_per_barrel
1999-02-26,WCOILWTICO,12.36,USD_per_barrel
1999-03-05,WCOILWTICO,12.9,USD_per_barrel
1999-03-12,WCOILWTICO,14.19,USD_per_barrel
1999-03-19,WCOILWTICO,14.91,USD_per_barrel
1999-03-26,WCOILWTICO,15.55,USD_per_barrel
1999-04-02,WCOILWTICO,16.61,USD_per_barrel
1999-04-09,WCOILWTICO,16.45,USD_per_barrel
1999-04-16,WCOILWTICO,16.77,USD_per_barrel
1999-04-23,WCOILWTICO,17.93,USD_per_barrel
1999-04-30,WCOILWTICO,18.23,USD_per_barrel
1999-05-07,WCOILWTICO,18.62,USD_per_barrel
1999-05-14,WCOILWTICO,18.0,USD_per_barrel
1999-05-21,WCOILWTICO,17.18,USD_per_barrel
1999-05-28,WCOILWTICO,17.07,USD_per_barrel
1999-06-04,WCOILWTICO,16.77,USD_per_barrel
1999-06-11,WCOILWTICO,17.96,USD_per_barrel
1999-06-18,WCOILWTICO,18.21,USD_per_barrel
1999-06-25,WCOILWTICO,18.05,USD_per_barrel
1999-07-02,WCOILWTICO,19.04,USD_per_barrel
1999-07-09,WCOILWTICO,19.87,USD_per_barrel
1999-07-16,WCOILWTICO,20.21,USD_per_barrel
1999-07-23,WCOILWTICO,19.89,USD_per_barrel
1999-07-30,WCOILWTICO,20.62,USD_per_barrel
1999-08-06,WCOILWTICO,20.54,USD_per_barrel
1999-08-13,WCOILWTICO,21.44,USD_per_barrel
1999-08-20,WCOILWTICO,21.62,USD_per_barrel
1999-08-27,WCOILWTICO,21.21,USD_per_barrel
1999-09-03,WCOILWTICO,21.88,USD_per_barrel
1999-09-10,WCOILWTICO,23.0,USD_per_barrel
1999-09-17,WCOILWTICO,24.28,USD_per_barrel
1999-09-24,WCOILWTICO,24.53,USD_per_barrel
1999-10-01,WCOILWTICO,24.58,USD_per_barrel
1999-10-08,WCOILWTICO,22.72,USD_per_barrel
1999-10-15,WCOILWTICO,22.54,USD_per_barrel
1999-10-22,WCOILWTICO,22.65,USD_per_barrel
1999-10-29,WCOILWTICO,22.5,USD_per_barrel
1999-11-05,WCOILWTICO,22.72,USD_per_barrel
1999-11-12,WCOILWTICO,24.22,USD_per_barrel
1999-11-19,WCOILWTICO,26.05,USD_per_barrel
1999-11-26,WCOILWTICO,27.35,USD_per_barrel
1999-12-03,WCOILWTICO,25.46,USD_per_barrel
1999-12-10,WCOILWTICO,26.19,USD_per_barrel
1999-12-17,WCOILWTICO,26.2,USD_per_barrel
1999-12-24,WCOILWTICO,26.07,USD_per_barrel
1999-12-31,WCOILWTICO,26.34,USD_per_barrel
2000-01-07,WCOILWTICO,24.95,USD_per_barrel
2000-01-14,WCOILWTICO,26.27,USD_per_barrel
2000-01-21,WCOILWTICO,29.37,USD_per_barrel
2000-01-28,WCOILWTICO,28.34,USD_per_barrel
2000-02-04,WCOILWTICO,28.08,USD_per_barrel
2000-02-11,WCOILWTICO,28.83,USD_per_barrel
2000-02-18,WCOILWTICO,29.87,USD_per_barrel
2000-02-25,WCOILWTICO,30.1,USD_per_barrel
2000-03-03,WCOILWTICO,31.07,USD_per_barrel
2000-03-10,WCOILWTICO,32.14,USD_per_barrel
2000-03-17,WCOILWTICO,31.29,USD_per_barrel
2000-03-24,WCOILWTICO,27.99,USD_per_barrel
2000-03-31,WCOILWTICO,26.92,USD_per_barrel
2000-04-07,WCOILWTICO,25.6,USD_per_barrel
2000-04-14,WCOILWTICO,24.87,USD_per_barrel
2000-04-21,WCOILWTICO,26.66,USD_per_barrel
2000-04-28,WCOILWTICO,25.95,USD_per_barrel
2000-05-05,WCOILWTICO,26.75,USD_per_barrel
2000-05-12,WCOILWTICO,28.7,USD_per_barrel
2000-05-19,WCOILWTICO,29.88,USD_per_barrel
2000-05-26,WCOILWTICO,29.46,USD_per_barrel
2000-06-02,WCOILWTICO,29.98,USD_per_barrel
2000-06-09,WCOILWTICO,29.79,USD_per_barrel
2000-06-16,WCOILWTICO,32.45,USD_per_barrel
2000-06-23,WCOILWTICO,33.55,USD_per_barrel
2000-06-30,WCOILWTICO,32.12,USD_per_barrel
2000-07-07,WCOILWTICO,30.4,USD_per_barrel
2000-07-14,WCOILWTICO,30.44,USD_per_barrel
2000-07-21,WCOILWTICO,30.65,USD_per_barrel
2000-07-28,WCOILWTICO,28.02,USD_per_barrel
2000-08-04,WCOILWTICO,28.5,USD_per_barrel
2000-08-11,WCOILWTICO,30.14,USD_per_barrel
2000-08-18,WCOILWTICO,31.82,USD_per_barrel
2000-08-25,WCOILWTICO,32.46,USD_per_barrel
2000-09-01,WCOILWTICO,33.08,USD_per_barrel
2000-09-08,WCOILWTICO,34.42,USD_per_barrel
2000-09-15,WCOILWTICO,34.7,USD_per_barrel
2000-09-22,WCOILWTICO,35.49,USD_per_barrel
2000-09-29,WCOILWTICO,31.13,USD_per_barrel
2000-10-06,WCOILWTICO,31.27,USD_per_barrel
2000-10-13,WCOILWTICO,33.9,USD_per_barrel
2000-10-20,WCOILWTICO,33.48,USD_per_barrel
2000-10-27,WCOILWTICO,33.92,USD_per_barrel
2000-11-03,WCOILWTICO,32.78,USD_per_barrel
2000-11-10,WCOILWTICO,33.46,USD_per_barrel
2000-11-17,WCOILWTICO,35.0,USD_per_barrel
2000-11-24,WCOILWTICO,35.91,USD_per_barrel
2000-12-01,WCOILWTICO,34.1,USD_per_barrel
2000-12-08,WCOILWTICO,29.69,USD_per_barrel
2000-12-15,WCOILWTICO,29.05,USD_per_barrel
2000-12-22,WCOILWTICO,27.38,USD_per_barrel
2000-12-29,WCOILWTICO,26.52,USD_per_barrel
2001-01-05,WCOILWTICO,27.8,USD_per_barrel
2001-01-12,WCOILWTICO,28.81,USD_per_barrel
2001-01-19,WCOILWTICO,30.63,USD_per_barrel
2001-01-26,WCOILWTICO,31.35,USD_per_barrel
2001-02-02,WCOILWTICO,29.59,USD_per_barrel
2001-02-09,WCOILWTICO,30.92,USD_per_barrel
2001-02-16,WCOILWTICO,29.67,USD_per_barrel
2001-02-23,WCOILWTICO,28.65,USD_per_barrel
2001-03-02,WCOILWTICO,27.91,USD_per_barrel
2001-03-09,WCOILWTICO,28.45,USD_per_barrel
2001-03-16,WCOILWTICO,27.02,USD_per_barrel
2001-03-23,WCOILWTICO,26.42,USD_per_barrel
2001-03-30,WCOILWTICO,26.86,USD_per_barrel
2001-04-06,WCOILWTICO,26.76,USD_per_barrel
2001-04-13,WCOILWTICO,28.27,USD_per_barrel
2001-04-20,WCOILWTICO,27.89,USD_per_barrel
2001-04-27,WCOILWTICO,26.99,USD_per_barrel
2001-05-04,WCOILWTICO,28.36,USD_per_barrel
2001-05-11,WCOILWTICO,28.12,USD_per_barrel
2001-05-18,WCOILWTICO,29.08,USD_per_barrel
2001-05-25,WCOILWTICO,28.92,USD_per_barrel
2001-06-01,WCOILWTICO,28.44,USD_per_barrel
2001-06-08,WCOILWTICO,27.98,USD_per_barrel
2001-06-15,WCOILWTICO,28.9,USD_per_barrel
2001-06-22,WCOILWTICO,27.09,USD_per_barrel
2001-06-29,WCOILWTICO,26.37,USD_per_barrel
2001-07-06,WCOILWTICO,26.87,USD_per_barrel
2001-07-13,WCOILWTICO,27.07,USD_per_barrel
2001-07-20,WCOILWTICO,25.26,USD_per_barrel
2001-07-27,WCOILWTICO,26.5,USD_per_barrel
2001-08-03,WCOILWTICO,27.1,USD_per_barrel
2001-08-10,WCOILWTICO,27.87,USD_per_barrel
2001-08-17,WCOILWTICO,27.52,USD_per_barrel
2001-08-24,WCOILWTICO,27.25,USD_per_barrel
2001-08-31,WCOILWTICO,26.84,USD_per_barrel
2001-09-07,WCOILWTICO,27.38,USD_per_barrel
2001-09-14,WCOILWTICO,28.22,USD_per_barrel
2001-09-21,WCOILWTICO,27.09,USD_per_barrel
2001-09-28,WCOILWTICO,22.35,USD_per_barrel
2001-10-05,WCOILWTICO,22.6,USD_per_barrel
2001-10-12,WCOILWTICO,22.66,USD_per_barrel
2001-10-19,WCOILWTICO,21.92,USD_per_barrel
2001-10-26,WCOILWTICO,21.78,USD_per_barrel
2001-11-02,WCOILWTICO,21.17,USD_per_barrel
2001-11-09,WCOILWTICO,20.7,USD_per_barrel
2001-11-16,WCOILWTICO,19.61,USD_per_barrel
2001-11-23,WCOILWTICO,18.28,USD_per_barrel
2001-11-30,WCOILWTICO,19.13,USD_per_barrel
2001-12-07,WCOILWTICO,19.47,USD_per_barrel
2001-12-14,WCOILWTICO,18.45,USD_per_barrel
2001-12-21,WCOILWTICO,19.2,USD_per_barrel
2001-12-28,WCOILWTICO,20.94,USD_per_barrel
2002-01-04,WCOILWTICO,20.8,USD_per_barrel
2002-01-11,WCOILWTICO,20.54,USD_per_barrel
2002-01-18,WCOILWTICO,18.61,USD_per_barrel
2002-01-25,WCOILWTICO,19.21,USD_per_barrel
2002-02-01,WCOILWTICO,19.71,USD_per_barrel
2002-02-08,WCOILWTICO,19.97,USD_per_barrel
2002-02-15,WCOILWTICO,21.18,USD_per_barrel
2002-02-22,WCOILWTICO,20.7,USD_per_barrel
2002-03-01,WCOILWTICO,21.43,USD_per_barrel
2002-03-08,WCOILWTICO,23.31,USD_per_barrel
2002-03-15,WCOILWTICO,24.4,USD_per_barrel
2002-03-22,WCOILWTICO,25.25,USD_per_barrel
2002-03-29,WCOILWTICO,25.86,USD_per_barrel
2002-04-05,WCOILWTICO,26.99,USD_per_barrel
2002-04-12,WCOILWTICO,25.24,USD_per_barrel
2002-04-19,WCOILWTICO,25.54,USD_per_barrel
2002-04-26,WCOILWTICO,26.46,USD_per_barrel
2002-05-03,WCOILWTICO,26.88,USD_per_barrel
2002-05-10,WCOILWTICO,27.27,USD_per_barrel
2002-05-17,WCOILWTICO,28.43,USD_per_barrel
2002-05-24,WCOILWTICO,27.18,USD_per_barrel
2002-05-31,WCOILWTICO,25.22,USD_per_barrel
2002-06-07,WCOILWTICO,25.01,USD_per_barrel
2002-06-14,WCOILWTICO,24.94,USD_per_barrel
2002-06-21,WCOILWTICO,25.61,USD_per_barrel
2002-06-28,WCOILWTICO,26.52,USD_per_barrel
2002-07-05,WCOILWTICO,26.81,USD_per_barrel
2002-07-12,WCOILWTICO,26.7,USD_per_barrel
2002-07-19,WCOILWTICO,27.62,USD_per_barrel
2002-07-26,WCOILWTICO,26.64,USD_per_barrel
2002-08-02,WCOILWTICO,26.87,USD_per_barrel
2002-08-09,WCOILWTICO,26.77,USD_per_barrel
2002-08-16,WCOILWTICO,28.52,USD_per_barrel
2002-08-23,WCOILWTICO,30.09,USD_per_barrel
2002-08-30,WCOILWTICO,28.84,USD_per_barrel
2002-09-06,WCOILWTICO,28.65,USD_per_barrel
2002-09-13,WCOILWTICO,29.59,USD_per_barrel
2002-09-20,WCOILWTICO,29.39,USD_per_barrel
2002-09-27,WCOILWTICO,30.63,USD_per_barrel
2002-10-04,WCOILWTICO,30.25,USD_per_barrel
2002-10-11,WCOILWTICO,29.37,USD_per_barrel
2002-10-18,WCOILWTICO,29.65,USD_per_barrel
2002-10-25,WCOILWTICO,27.88,USD_per_barrel
2002-11-01,WCOILWTICO,27.03,USD_per_barrel
2002-11-08,WCOILWTICO,25.97,USD_per_barrel
2002-11-15,WCOILWTICO,25.68,USD_per_barrel
2002-11-22,WCOILWTICO,26.98,USD_per_barrel
2002-11-29,WCOILWTICO,26.83,USD_per_barrel
2002-12-06,WCOILWTICO,27.14,USD_per_barrel
2002-12-13,WCOILWTICO,27.82,USD_per_barrel
2002-12-20,WCOILWTICO,30.35,USD_per_barrel
2002-12-27,WCOILWTICO,32.38,USD_per_barrel
2003-01-03,WCOILWTICO,31.96,USD_per_barrel
2003-01-10,WCOILWTICO,31.54,USD_per_barrel
2003-01-17,WCOILWTICO,33.04,USD_per_barrel
2003-01-24,WCOILWTICO,34.46,USD_per_barrel
2003-01-31,WCOILWTICO,33.19,USD_per_barrel
2003-02-07,WCOILWTICO,33.95,USD_per_barrel
2003-02-14,WCOILWTICO,35.79,USD_per_barrel
2003-02-21,WCOILWTICO,36.78,USD_per_barrel
2003-02-28,WCOILWTICO,36.98,USD_per_barrel
2003-03-07,WCOILWTICO,36.98,USD_per_barrel
2003-03-14,WCOILWTICO,36.66,USD_per_barrel
2003-03-21,WCOILWTICO,30.46,USD_per_barrel
2003-03-28,WCOILWTICO,30.43,USD_per_barrel
2003-04-04,WCOILWTICO,29.33,USD_per_barrel
2003-04-11,WCOILWTICO,28.03,USD_per_barrel
2003-04-18,WCOILWTICO,29.28,USD_per_barrel
2003-04-25,WCOILWTICO,28.43,USD_per_barrel
2003-05-02,WCOILWTICO,25.69,USD_per_barrel
2003-05-09,WCOILWTICO,26.58,USD_per_barrel
2003-05-16,WCOILWTICO,28.54,USD_per_barrel
2003-05-23,WCOILWTICO,29.29,USD_per_barrel
2003-05-30,WCOILWTICO,29.1,USD_per_barrel
2003-06-06,WCOILWTICO,30.68,USD_per_barrel
2003-06-13,WCOILWTICO,31.46,USD_per_barrel
2003-06-20,WCOILWTICO,30.6,USD_per_barrel
2003-06-27,WCOILWTICO,30.01,USD_per_barrel
2003-07-04,WCOILWTICO,30.31,USD_per_barrel
2003-07-11,WCOILWTICO,30.73,USD_per_barrel
2003-07-18,WCOILWTICO,31.48,USD_per_barrel
2003-07-25,WCOILWTICO,30.61,USD_per_barrel
2003-08-01,WCOILWTICO,30.73,USD_per_barrel
2003-08-08,WCOILWTICO,32.11,USD_per_barrel
2003-08-15,WCOILWTICO,31.31,USD_per_barrel
2003-08-22,WCOILWTICO,31.19,USD_per_barrel
2003-08-29,WCOILWTICO,31.56,USD_per_barrel
2003-09-05,WCOILWTICO,29.2,USD_per_barrel
2003-09-12,WCOILWTICO,28.92,USD_per_barrel
2003-09-19,WCOILWTICO,27.39,USD_per_barrel
2003-09-26,WCOILWTICO,27.73,USD_per_barrel
2003-10-03,WCOILWTICO,29.43,USD_per_barrel
2003-10-10,WCOILWTICO,30.69,USD_per_barrel
2003-10-17,WCOILWTICO,31.49,USD_per_barrel
2003-10-24,WCOILWTICO,30.17,USD_per_barrel
2003-10-31,WCOILWTICO,29.28,USD_per_barrel
2003-11-07,WCOILWTICO,29.79,USD_per_barrel
2003-11-14,WCOILWTICO,31.56,USD_per_barrel
2003-11-21,WCOILWTICO,32.58,USD_per_barrel
2003-11-28,WCOILWTICO,30.11,USD_per_barrel
2003-12-05,WCOILWTICO,30.63,USD_per_barrel
2003-12-12,WCOILWTICO,32.16,USD_per_barrel
2003-12-19,WCOILWTICO,33.2,USD_per_barrel
2003-12-26,WCOILWTICO,32.24,USD_per_barrel
2004-01-02,WCOILWTICO,32.68,USD_per_barrel
2004-01-09,WCOILWTICO,33.89,USD_per_barrel
2004-01-16,WCOILWTICO,34.51,USD_per_barrel
2004-01-23,WCOILWTICO,35.45,USD_per_barrel
2004-01-30,WCOILWTICO,33.61,USD_per_barrel
2004-02-06,WCOILWTICO,33.41,USD_per_barrel
2004-02-13,WCOILWTICO,33.88,USD_per_barrel
2004-02-20,WCOILWTICO,35.54,USD_per_barrel
2004-02-27,WCOILWTICO,36.08,USD_per_barrel
2004-03-05,WCOILWTICO,36.67,USD_per_barrel
2004-03-12,WCOILWTICO,36.44,USD_per_barrel
2004-03-19,WCOILWTICO,37.78,USD_per_barrel
2004-03-26,WCOILWTICO,36.65,USD_per_barrel
2004-04-02,WCOILWTICO,35.23,USD_per_barrel
2004-04-09,WCOILWTICO,35.7,USD_per_barrel
2004-04-16,WCOILWTICO,37.39,USD_per_barrel
2004-04-23,WCOILWTICO,37.32,USD_per_barrel
2004-04-30,WCOILWTICO,37.31,USD_per_barrel
2004-05-07,WCOILWTICO,39.24,USD_per_barrel
2004-05-14,WCOILWTICO,40.37,USD_per_barrel
2004-05-21,WCOILWTICO,40.84,USD_per_barrel
2004-05-28,WCOILWTICO,40.65,USD_per_barrel
2004-06-04,WCOILWTICO,40.01,USD_per_barrel
2004-06-11,WCOILWTICO,37.99,USD_per_barrel
2004-06-18,WCOILWTICO,37.86,USD_per_barrel
2004-06-25,WCOILWTICO,37.7,USD_per_barrel
2004-07-02,WCOILWTICO,37.14,USD_per_barrel
2004-07-09,WCOILWTICO,39.73,USD_per_barrel
2004-07-16,WCOILWTICO,40.33,USD_per_barrel
2004-07-23,WCOILWTICO,41.27,USD_per_barrel
2004-07-30,WCOILWTICO,42.5,USD_per_barrel
2004-08-06,WCOILWTICO,43.81,USD_per_barrel
2004-08-13,WCOILWTICO,45.24,USD_per_barrel
2004-08-20,WCOILWTICO,47.28,USD_per_barrel
2004-08-27,WCOILWTICO,44.34,USD_per_barrel
2004-09-03,WCOILWTICO,43.28,USD_per_barrel
2004-09-10,WCOILWTICO,43.33,USD_per_barrel
2004-09-17,WCOILWTICO,44.39,USD_per_barrel
2004-09-24,WCOILWTICO,47.82,USD_per_barrel
2004-10-01,WCOILWTICO,49.71,USD_per_barrel
2004-10-08,WCOILWTICO,51.77,USD_per_barrel
2004-10-15,WCOILWTICO,54.12,USD_per_barrel
2004-10-22,WCOILWTICO,54.43,USD_per_barrel
2004-10-29,WCOILWTICO,53.43,USD_per_barrel
2004-11-05,WCOILWTICO,49.81,USD_per_barrel
2004-11-12,WCOILWTICO,48.0,USD_per_barrel
2004-11-19,WCOILWTICO,47.02,USD_per_barrel
2004-11-26,WCOILWTICO,48.79,USD_per_barrel
2004-12-03,WCOILWTICO,46.06,USD_per_barrel
2004-12-10,WCOILWTICO,41.91,USD_per_barrel
2004-12-17,WCOILWTICO,43.5,USD_per_barrel
2004-12-24,WCOILWTICO,44.39,USD_per_barrel
2004-12-31,WCOILWTICO,42.52,USD_per_barrel
2005-01-07,WCOILWTICO,44.07,USD_per_barrel
2005-01-14,WCOILWTICO,46.79,USD_per_barrel
2005-01-21,WCOILWTICO,47.85,USD_per_barrel
2005-01-28,WCOILWTICO,48.56,USD_per_barrel
2005-02-04,WCOILWTICO,46.97,USD_per_barrel
2005-02-11,WCOILWTICO,46.08,USD_per_barrel
2005-02-18,WCOILWTICO,47.82,USD_per_barrel
2005-02-25,WCOILWTICO,51.75,USD_per_barrel
2005-03-04,WCOILWTICO,52.74,USD_per_barrel
2005-03-11,WCOILWTICO,54.22,USD_per_barrel
2005-03-18,WCOILWTICO,55.93,USD_per_barrel
2005-03-25,WCOILWTICO,52.95,USD_per_barrel
2005-04-01,WCOILWTICO,54.97,USD_per_barrel
2005-04-08,WCOILWTICO,55.24,USD_per_barrel
2005-04-15,WCOILWTICO,51.44,USD_per_barrel
2005-04-22,WCOILWTICO,52.39,USD_per_barrel
2005-04-29,WCOILWTICO,52.0,USD_per_barrel
2005-05-06,WCOILWTICO,50.64,USD_per_barrel
2005-05-13,WCOILWTICO,50.33,USD_per_barrel
2005-05-20,WCOILWTICO,47.77,USD_per_barrel
2005-05-27,WCOILWTICO,50.15,USD_per_barrel
2005-06-03,WCOILWTICO,53.76,USD_per_barrel
2005-06-10,WCOILWTICO,53.74,USD_per_barrel
2005-06-17,WCOILWTICO,56.18,USD_per_barrel
2005-06-24,WCOILWTICO,59.04,USD_per_barrel
2005-07-01,WCOILWTICO,58.21,USD_per_barrel
2005-07-08,WCOILWTICO,60.36,USD_per_barrel
2005-07-15,WCOILWTICO,59.18,USD_per_barrel
2005-07-22,WCOILWTICO,57.3,USD_per_barrel
2005-07-29,WCOILWTICO,59.39,USD_per_barrel
2005-08-05,WCOILWTICO,61.64,USD_per_barrel
2005-08-12,WCOILWTICO,64.85,USD_per_barrel
2005-08-19,WCOILWTICO,64.92,USD_per_barrel
2005-08-26,WCOILWTICO,66.34,USD_per_barrel
2005-09-02,WCOILWTICO,68.47,USD_per_barrel
2005-09-09,WCOILWTICO,64.81,USD_per_barrel
2005-09-16,WCOILWTICO,63.84,USD_per_barrel
2005-09-23,WCOILWTICO,66.43,USD_per_barrel
2005-09-30,WCOILWTICO,66.06,USD_per_barrel
2005-10-07,WCOILWTICO,63.06,USD_per_barrel
2005-10-14,WCOILWTICO,62.87,USD_per_barrel
2005-10-21,WCOILWTICO,62.28,USD_per_barrel
2005-10-28,WCOILWTICO,61.33,USD_per_barrel
2005-11-04,WCOILWTICO,60.34,USD_per_barrel
2005-11-11,WCOILWTICO,58.8,USD_per_barrel
2005-11-18,WCOILWTICO,57.0,USD_per_barrel
2005-11-25,WCOILWTICO,58.13,USD_per_barrel
2005-12-02,WCOILWTICO,57.78,USD_per_barrel
2005-12-09,WCOILWTICO,59.83,USD_per_barrel
2005-12-16,WCOILWTICO,60.32,USD_per_barrel
2005-12-23,WCOILWTICO,57.97,USD_per_barrel
2005-12-30,WCOILWTICO,59.82,USD_per_barrel
2006-01-06,WCOILWTICO,63.39,USD_per_barrel
2006-01-13,WCOILWTICO,63.74,USD_per_barrel
2006-01-20,WCOILWTICO,66.79,USD_per_barrel
2006-01-27,WCOILWTICO,66.82,USD_per_barrel
2006-02-03,WCOILWTICO,66.59,USD_per_barrel
2006-02-10,WCOILWTICO,63.06,USD_per_barrel
2006-02-17,WCOILWTICO,59.37,USD_per_barrel
2006-02-24,WCOILWTICO,59.93,USD_per_barrel
2006-03-03,WCOILWTICO,62.27,USD_per_barrel
2006-03-10,WCOILWTICO,60.89,USD_per_barrel
2006-03-17,WCOILWTICO,62.64,USD_per_barrel
2006-03-24,WCOILWTICO,61.36,USD_per_barrel
2006-03-31,WCOILWTICO,65.67,USD_per_barrel
2006-04-07,WCOILWTICO,66.56,USD_per_barrel
2006-04-14,WCOILWTICO,68.85,USD_per_barrel
2006-04-21,WCOILWTICO,71.87,USD_per_barrel
2006-04-28,WCOILWTICO,70.38,USD_per_barrel
2006-05-05,WCOILWTICO,72.14,USD_per_barrel
2006-05-12,WCOILWTICO,71.5,USD_per_barrel
2006-05-19,WCOILWTICO,69.07,USD_per_barrel
2006-05-26,WCOILWTICO,70.35,USD_per_barrel
2006-06-02,WCOILWTICO,71.53,USD_per_barrel
2006-06-09,WCOILWTICO,71.54,USD_per_barrel
2006-06-16,WCOILWTICO,69.48,USD_per_barrel
2006-06-23,WCOILWTICO,69.94,USD_per_barrel
2006-06-30,WCOILWTICO,72.65,USD_per_barrel
2006-07-07,WCOILWTICO,74.65,USD_per_barrel
2006-07-14,WCOILWTICO,75.21,USD_per_barrel
2006-07-21,WCOILWTICO,73.98,USD_per_barrel
2006-07-28,WCOILWTICO,73.87,USD_per_barrel
2006-08-04,WCOILWTICO,75.2,USD_per_barrel
2006-08-11,WCOILWTICO,75.63,USD_per_barrel
2006-08-18,WCOILWTICO,71.79,USD_per_barrel
2006-08-25,WCOILWTICO,72.12,USD_per_barrel
2006-09-01,WCOILWTICO,70.01,USD_per_barrel
2006-09-08,WCOILWTICO,67.53,USD_per_barrel
2006-09-15,WCOILWTICO,63.98,USD_per_barrel
2006-09-22,WCOILWTICO,61.4,USD_per_barrel
2006-09-29,WCOILWTICO,61.94,USD_per_barrel
2006-10-06,WCOILWTICO,59.77,USD_per_barrel
2006-10-13,WCOILWTICO,58.58,USD_per_barrel
2006-10-20,WCOILWTICO,58.48,USD_per_barrel
2006-10-27,WCOILWTICO,58.88,USD_per_barrel
2006-11-03,WCOILWTICO,58.55,USD_per_barrel
2006-11-10,WCOILWTICO,59.96,USD_per_barrel
2006-11-17,WCOILWTICO,57.56,USD_per_barrel
2006-11-24,WCOILWTICO,57.24,USD_per_barrel
2006-12-01,WCOILWTICO,62.02,USD_per_barrel
2006-12-08,WCOILWTICO,62.32,USD_per_barrel
2006-12-15,WCOILWTICO,61.91,USD_per_barrel
2006-12-22,WCOILWTICO,62.4,USD_per_barrel
2006-12-29,WCOILWTICO,60.66,USD_per_barrel
2007-01-05,WCOILWTICO,57.76,USD_per_barrel
2007-01-12,WCOILWTICO,54.11,USD_per_barrel
2007-01-19,WCOILWTICO,51.51,USD_per_barrel
2007-01-26,WCOILWTICO,53.57,USD_per_barrel
2007-02-02,WCOILWTICO,57.11,USD_per_barrel
2007-02-09,WCOILWTICO,58.99,USD_per_barrel
2007-02-16,WCOILWTICO,58.41,USD_per_barrel
2007-02-23,WCOILWTICO,59.57,USD_per_barrel
2007-03-02,WCOILWTICO,61.64,USD_per_barrel
2007-03-09,WCOILWTICO,60.85,USD_per_barrel
2007-03-16,WCOILWTICO,57.94,USD_per_barrel
2007-03-23,WCOILWTICO,58.26,USD_per_barrel
2007-03-30,WCOILWTICO,64.18,USD_per_barrel
2007-04-06,WCOILWTICO,64.82,USD_per_barrel
2007-04-13,WCOILWTICO,62.58,USD_per_barrel
2007-04-20,WCOILWTICO,63.06,USD_per_barrel
2007-04-27,WCOILWTICO,65.26,USD_per_barrel
2007-05-04,WCOILWTICO,63.82,USD_per_barrel
2007-05-11,WCOILWTICO,61.9,USD_per_barrel
2007-05-18,WCOILWTICO,63.61,USD_per_barrel
2007-05-25,WCOILWTICO,64.89,USD_per_barrel
2007-06-01,WCOILWTICO,63.94,USD_per_barrel
2007-06-08,WCOILWTICO,65.9,USD_per_barrel
2007-06-15,WCOILWTICO,66.62,USD_per_barrel
2007-06-22,WCOILWTICO,68.78,USD_per_barrel
2007-06-29,WCOILWTICO,69.13,USD_per_barrel
2007-07-06,WCOILWTICO,71.78,USD_per_barrel
2007-07-13,WCOILWTICO,72.79,USD_per_barrel
2007-07-20,WCOILWTICO,74.92,USD_per_barrel
2007-07-27,WCOILWTICO,75.15,USD_per_barrel
2007-08-03,WCOILWTICO,76.75,USD_per_barrel
2007-08-10,WCOILWTICO,71.92,USD_per_barrel
2007-08-17,WCOILWTICO,72.05,USD_per_barrel
2007-08-24,WCOILWTICO,70.19,USD_per_barrel
2007-08-31,WCOILWTICO,72.93,USD_per_barrel
2007-09-07,WCOILWTICO,75.96,USD_per_barrel
2007-09-14,WCOILWTICO,78.95,USD_per_barrel
2007-09-21,WCOILWTICO,82.26,USD_per_barrel
2007-09-28,WCOILWTICO,81.7,USD_per_barrel
2007-10-05,WCOILWTICO,80.59,USD_per_barrel
2007-10-12,WCOILWTICO,81.46,USD_per_barrel
2007-10-19,WCOILWTICO,87.8,USD_per_barrel
2007-10-26,WCOILWTICO,89.23,USD_per_barrel
2007-11-02,WCOILWTICO,93.46,USD_per_barrel
2007-11-09,WCOILWTICO,95.81,USD_per_barrel
2007-11-16,WCOILWTICO,93.56,USD_per_barrel
2007-11-23,WCOILWTICO,97.93,USD_per_barrel
2007-11-30,WCOILWTICO,92.47,USD_per_barrel
2007-12-07,WCOILWTICO,88.71,USD_per_barrel
2007-12-14,WCOILWTICO,91.18,USD_per_barrel
2007-12-21,WCOILWTICO,91.16,USD_per_barrel
2007-12-28,WCOILWTICO,95.64,USD_per_barrel
2008-01-04,WCOILWTICO,98.17,USD_per_barrel
2008-01-11,WCOILWTICO,94.76,USD_per_barrel
2008-01-18,WCOILWTICO,91.51,USD_per_barrel
2008-01-25,WCOILWTICO,89.41,USD_per_barrel
2008-02-01,WCOILWTICO,91.14,USD_per_barrel
2008-02-08,WCOILWTICO,89.08,USD_per_barrel
2008-02-15,WCOILWTICO,94.13,USD_per_barrel
2008-02-22,WCOILWTICO,99.61,USD_per_barrel
2008-02-29,WCOILWTICO,100.84,USD_per_barrel
2008-03-07,WCOILWTICO,103.44,USD_per_barrel
2008-03-14,WCOILWTICO,109.35,USD_per_barrel
2008-03-21,WCOILWTICO,105.28,USD_per_barrel
2008-03-28,WCOILWTICO,104.49,USD_per_barrel
2008-04-04,WCOILWTICO,103.46,USD_per_barrel
2008-04-11,WCOILWTICO,109.71,USD_per_barrel
2008-04-18,WCOILWTICO,114.33,USD_per_barrel
2008-04-25,WCOILWTICO,118.53,USD_per_barrel
2008-05-02,WCOILWTICO,115.42,USD_per_barrel
2008-05-09,WCOILWTICO,123.01,USD_per_barrel
2008-05-16,WCOILWTICO,124.96,USD_per_barrel
2008-05-23,WCOILWTICO,130.14,USD_per_barrel
2008-05-30,WCOILWTICO,128.47,USD_per_barrel
2008-06-06,WCOILWTICO,128.16,USD_per_barrel
2008-06-13,WCOILWTICO,134.8,USD_per_barrel
2008-06-20,WCOILWTICO,134.34,USD_per_barrel
2008-06-27,WCOILWTICO,137.0,USD_per_barrel
2008-07-04,WCOILWTICO,142.52,USD_per_barrel
2008-07-11,WCOILWTICO,139.95,USD_per_barrel
2008-07-18,WCOILWTICO,135.37,USD_per_barrel
2008-07-25,WCOILWTICO,125.92,USD_per_barrel
2008-08-01,WCOILWTICO,124.57,USD_per_barrel
2008-08-08,WCOILWTICO,118.8,USD_per_barrel
2008-08-15,WCOILWTICO,114.4,USD_per_barrel
2008-08-22,WCOILWTICO,115.7,USD_per_barrel
2008-08-29,WCOILWTICO,116.09,USD_per_barrel
2008-09-05,WCOILWTICO,108.37,USD_per_barrel
2008-09-12,WCOILWTICO,102.88,USD_per_barrel
2008-09-19,WCOILWTICO,97.19,USD_per_barrel
2008-09-26,WCOILWTICO,111.12,USD_per_barrel
2008-10-03,WCOILWTICO,96.59,USD_per_barrel
2008-10-10,WCOILWTICO,86.24,USD_per_barrel
2008-10-17,WCOILWTICO,75.19,USD_per_barrel
2008-10-24,WCOILWTICO,68.56,USD_per_barrel
2008-10-31,WCOILWTICO,65.21,USD_per_barrel
2008-11-07,WCOILWTICO,64.31,USD_per_barrel
2008-11-14,WCOILWTICO,58.6,USD_per_barrel
2008-11-21,WCOILWTICO,52.26,USD_per_barrel
2008-11-28,WCOILWTICO,53.27,USD_per_barrel
2008-12-05,WCOILWTICO,45.6,USD_per_barrel
2008-12-12,WCOILWTICO,44.57,USD_per_barrel
2008-12-19,WCOILWTICO,39.7,USD_per_barrel
2008-12-26,WCOILWTICO,32.98,USD_per_barrel
2009-01-02,WCOILWTICO,42.4,USD_per_barrel
2009-01-09,WCOILWTICO,44.46,USD_per_barrel
2009-01-16,WCOILWTICO,36.73,USD_per_barrel
2009-01-23,WCOILWTICO,42.15,USD_per_barrel
2009-01-30,WCOILWTICO,42.7,USD_per_barrel
2009-02-06,WCOILWTICO,40.78,USD_per_barrel
2009-02-13,WCOILWTICO,36.94,USD_per_barrel
2009-02-20,WCOILWTICO,37.15,USD_per_barrel
2009-02-27,WCOILWTICO,41.1,USD_per_barrel
2009-03-06,WCOILWTICO,43.18,USD_per_barrel
2009-03-13,WCOILWTICO,45.66,USD_per_barrel
2009-03-20,WCOILWTICO,49.49,USD_per_barrel
2009-03-27,WCOILWTICO,52.99,USD_per_barrel
2009-04-03,WCOILWTICO,50.34,USD_per_barrel
2009-04-10,WCOILWTICO,50.46,USD_per_barrel
2009-04-17,WCOILWTICO,49.86,USD_per_barrel
2009-04-24,WCOILWTICO,47.8,USD_per_barrel
2009-05-01,WCOILWTICO,50.2,USD_per_barrel
2009-05-08,WCOILWTICO,55.96,USD_per_barrel
2009-05-15,WCOILWTICO,57.94,USD_per_barrel
2009-05-22,WCOILWTICO,60.32,USD_per_barrel
2009-05-29,WCOILWTICO,64.32,USD_per_barrel
2009-06-05,WCOILWTICO,68.11,USD_per_barrel
2009-06-12,WCOILWTICO,70.85,USD_per_barrel
2009-06-19,WCOILWTICO,70.62,USD_per_barrel
2009-06-26,WCOILWTICO,68.58,USD_per_barrel
2009-07-03,WCOILWTICO,69.32,USD_per_barrel
2009-07-10,WCOILWTICO,61.48,USD_per_barrel
2009-07-17,WCOILWTICO,61.29,USD_per_barrel
2009-07-24,WCOILWTICO,65.28,USD_per_barrel
2009-07-31,WCOILWTICO,67.03,USD_per_barrel
2009-08-07,WCOILWTICO,71.58,USD_per_barrel
2009-08-14,WCOILWTICO,69.64,USD_per_barrel
2009-08-21,WCOILWTICO,70.8,USD_per_barrel
2009-08-28,WCOILWTICO,72.37,USD_per_barrel
2009-09-04,WCOILWTICO,68.39,USD_per_barrel
2009-09-11,WCOILWTICO,70.91,USD_per_barrel
2009-09-18,WCOILWTICO,71.32,USD_per_barrel
2009-09-25,WCOILWTICO,68.33,USD_per_barrel
2009-10-02,WCOILWTICO,68.84,USD_per_barrel
2009-10-09,WCOILWTICO,70.8,USD_per_barrel
2009-10-16,WCOILWTICO,75.73,USD_per_barrel
2009-10-23,WCOILWTICO,80.06,USD_per_barrel
2009-10-30,WCOILWTICO,78.47,USD_per_barrel
2009-11-06,WCOILWTICO,79.0,USD_per_barrel
2009-11-13,WCOILWTICO,78.24,USD_per_barrel
2009-11-20,WCOILWTICO,78.37,USD_per_barrel
2009-11-27,WCOILWTICO,76.14,USD_per_barrel
2009-12-04,WCOILWTICO,76.81,USD_per_barrel
2009-12-11,WCOILWTICO,71.51,USD_per_barrel
2009-12-18,WCOILWTICO,71.72,USD_per_barrel
2009-12-25,WCOILWTICO,74.76,USD_per_barrel
2010-01-01,WCOILWTICO,79.07,USD_per_barrel
2010-01-08,WCOILWTICO,82.34,USD_per_barrel
2010-01-15,WCOILWTICO,80.06,USD_per_barrel
2010-01-22,WCOILWTICO,76.62,USD_per_barrel
2010-01-29,WCOILWTICO,73.94,USD_per_barrel
2010-02-05,WCOILWTICO,74.57,USD_per_barrel
2010-02-12,WCOILWTICO,73.88,USD_per_barrel
2010-02-19,WCOILWTICO,78.25,USD_per_barrel
2010-02-26,WCOILWTICO,79.22,USD_per_barrel
2010-03-05,WCOILWTICO,80.19,USD_per_barrel
2010-03-12,WCOILWTICO,81.76,USD_per_barrel
2010-03-19,WCOILWTICO,81.44,USD_per_barrel
2010-03-26,WCOILWTICO,80.65,USD_per_barrel
2010-04-02,WCOILWTICO,83.01,USD_per_barrel
2010-04-09,WCOILWTICO,85.66,USD_per_barrel
2010-04-16,WCOILWTICO,84.34,USD_per_barrel
2010-04-23,WCOILWTICO,82.9,USD_per_barrel
2010-04-30,WCOILWTICO,84.22,USD_per_barrel
2010-05-07,WCOILWTICO,80.24,USD_per_barrel
2010-05-14,WCOILWTICO,74.98,USD_per_barrel
2010-05-21,WCOILWTICO,69.14,USD_per_barrel
2010-05-28,WCOILWTICO,70.62,USD_per_barrel
2010-06-04,WCOILWTICO,72.91,USD_per_barrel
2010-06-11,WCOILWTICO,73.44,USD_per_barrel
2010-06-18,WCOILWTICO,76.7,USD_per_barrel
2010-06-25,WCOILWTICO,77.06,USD_per_barrel
2010-07-02,WCOILWTICO,74.96,USD_per_barrel
2010-07-09,WCOILWTICO,74.39,USD_per_barrel
2010-07-16,WCOILWTICO,76.35,USD_per_barrel
2010-07-23,WCOILWTICO,77.56,USD_per_barrel
2010-07-30,WCOILWTICO,78.12,USD_per_barrel
2010-08-06,WCOILWTICO,81.79,USD_per_barrel
2010-08-13,WCOILWTICO,78.17,USD_per_barrel
2010-08-20,WCOILWTICO,74.84,USD_per_barrel
2010-08-27,WCOILWTICO,72.91,USD_per_barrel
2010-09-03,WCOILWTICO,74.02,USD_per_barrel
2010-09-10,WCOILWTICO,74.82,USD_per_barrel
2010-09-17,WCOILWTICO,75.62,USD_per_barrel
2010-09-24,WCOILWTICO,73.76,USD_per_barrel
2010-10-01,WCOILWTICO,78.41,USD_per_barrel
2010-10-08,WCOILWTICO,82.29,USD_per_barrel
2010-10-15,WCOILWTICO,82.16,USD_per_barrel
2010-10-22,WCOILWTICO,81.15,USD_per_barrel
2010-10-29,WCOILWTICO,82.03,USD_per_barrel
2010-11-05,WCOILWTICO,84.93,USD_per_barrel
2010-11-12,WCOILWTICO,86.91,USD_per_barrel
2010-11-19,WCOILWTICO,82.23,USD_per_barrel
2010-11-26,WCOILWTICO,82.28,USD_per_barrel
2010-12-03,WCOILWTICO,86.75,USD_per_barrel
2010-12-10,WCOILWTICO,88.5,USD_per_barrel
2010-12-17,WCOILWTICO,88.27,USD_per_barrel
2010-12-24,WCOILWTICO,89.66,USD_per_barrel
2010-12-31,WCOILWTICO,90.97,USD_per_barrel
2011-01-07,WCOILWTICO,89.54,USD_per_barrel
2011-01-14,WCOILWTICO,91.02,USD_per_barrel
2011-01-21,WCOILWTICO,89.75,USD_per_barrel
2011-01-28,WCOILWTICO,86.11,USD_per_barrel
2011-02-04,WCOILWTICO,89.52,USD_per_barrel
2011-02-11,WCOILWTICO,85.51,USD_per_barrel
2011-02-18,WCOILWTICO,84.13,USD_per_barrel
2011-02-25,WCOILWTICO,95.26,USD_per_barrel
2011-03-04,WCOILWTICO,101.05,USD_per_barrel
2011-03-11,WCOILWTICO,103.74,USD_per_barrel
2011-03-18,WCOILWTICO,99.79,USD_per_barrel
2011-03-25,WCOILWTICO,104.41,USD_per_barrel
2011-04-01,WCOILWTICO,105.08,USD_per_barrel
2011-04-08,WCOILWTICO,109.29,USD_per_barrel
2011-04-15,WCOILWTICO,107.75,USD_per_barrel
2011-04-22,WCOILWTICO,109.11,USD_per_barrel
2011-04-29,WCOILWTICO,112.3,USD_per_barrel
2011-05-06,WCOILWTICO,105.84,USD_per_barrel
2011-05-13,WCOILWTICO,99.87,USD_per_barrel
2011-05-20,WCOILWTICO,97.99,USD_per_barrel
2011-05-27,WCOILWTICO,99.55,USD_per_barrel
2011-06-03,WCOILWTICO,100.92,USD_per_barrel
2011-06-10,WCOILWTICO,100.05,USD_per_barrel
2011-06-17,WCOILWTICO,95.87,USD_per_barrel
2011-06-24,WCOILWTICO,92.7,USD_per_barrel
2011-07-01,WCOILWTICO,93.7,USD_per_barrel
2011-07-08,WCOILWTICO,97.12,USD_per_barrel
2011-07-15,WCOILWTICO,96.72,USD_per_barrel
2011-07-22,WCOILWTICO,98.01,USD_per_barrel
2011-07-29,WCOILWTICO,97.83,USD_per_barrel
2011-08-05,WCOILWTICO,90.85,USD_per_barrel
2011-08-12,WCOILWTICO,82.86,USD_per_barrel
2011-08-19,WCOILWTICO,85.36,USD_per_barrel
2011-08-26,WCOILWTICO,85.06,USD_per_barrel
2011-09-02,WCOILWTICO,88.07,USD_per_barrel
2011-09-09,WCOILWTICO,87.91,USD_per_barrel
2011-09-16,WCOILWTICO,88.93,USD_per_barrel
2011-09-23,WCOILWTICO,83.65,USD_per_barrel
2011-09-30,WCOILWTICO,81.18,USD_per_barrel
2011-10-07,WCOILWTICO,79.43,USD_per_barrel
2011-10-14,WCOILWTICO,85.35,USD_per_barrel
2011-10-21,WCOILWTICO,86.82,USD_per_barrel
2011-10-28,WCOILWTICO,92.32,USD_per_barrel
2011-11-04,WCOILWTICO,93.24,USD_per_barrel
2011-11-11,WCOILWTICO,96.97,USD_per_barrel
2011-11-18,WCOILWTICO,99.32,USD_per_barrel
2011-11-25,WCOILWTICO,96.89,USD_per_barrel
2011-12-02,WCOILWTICO,99.91,USD_per_barrel
2011-12-09,WCOILWTICO,100.08,USD_per_barrel
2011-12-16,WCOILWTICO,96.06,USD_per_barrel
2011-12-23,WCOILWTICO,97.74,USD_per_barrel
2011-12-30,WCOILWTICO,99.81,USD_per_barrel
2012-01-06,WCOILWTICO,102.39,USD_per_barrel
2012-01-13,WCOILWTICO,100.43,USD_per_barrel
2012-01-20,WCOILWTICO,99.95,USD_per_barrel
2012-01-27,WCOILWTICO,99.35,USD_per_barrel
2012-02-03,WCOILWTICO,97.8,USD_per_barrel
2012-02-10,WCOILWTICO,98.56,USD_per_barrel
2012-02-17,WCOILWTICO,101.73,USD_per_barrel
2012-02-24,WCOILWTICO,107.18,USD_per_barrel
2012-03-02,WCOILWTICO,107.52,USD_per_barrel
2012-03-09,WCOILWTICO,106.32,USD_per_barrel
2012-03-16,WCOILWTICO,106.15,USD_per_barrel
2012-03-23,WCOILWTICO,106.41,USD_per_barrel
2012-03-30,WCOILWTICO,105.12,USD_per_barrel
2012-04-06,WCOILWTICO,103.52,USD_per_barrel
2012-04-13,WCOILWTICO,102.55,USD_per_barrel
2012-04-20,WCOILWTICO,103.15,USD_per_barrel
2012-04-27,WCOILWTICO,103.78,USD_per_barrel
2012-05-04,WCOILWTICO,103.47,USD_per_barrel
2012-05-11,WCOILWTICO,96.98,USD_per_barrel
2012-05-18,WCOILWTICO,93.11,USD_per_barrel
2012-05-25,WCOILWTICO,90.88,USD_per_barrel
2012-06-01,WCOILWTICO,87.06,USD_per_barrel
2012-06-08,WCOILWTICO,84.43,USD_per_barrel
2012-06-15,WCOILWTICO,83.27,USD_per_barrel
2012-06-22,WCOILWTICO,81.11,USD_per_barrel
2012-06-29,WCOILWTICO,80.23,USD_per_barrel
2012-07-06,WCOILWTICO,85.74,USD_per_barrel
2012-07-13,WCOILWTICO,85.78,USD_per_barrel
2012-07-20,WCOILWTICO,90.34,USD_per_barrel
2012-07-27,WCOILWTICO,88.88,USD_per_barrel
2012-08-03,WCOILWTICO,89.1,USD_per_barrel
2012-08-10,WCOILWTICO,93.14,USD_per_barrel
2012-08-17,WCOILWTICO,94.43,USD_per_barrel
2012-08-24,WCOILWTICO,96.22,USD_per_barrel
2012-08-31,WCOILWTICO,95.68,USD_per_barrel
2012-09-07,WCOILWTICO,95.68,USD_per_barrel
2012-09-14,WCOILWTICO,97.56,USD_per_barrel
2012-09-21,WCOILWTICO,93.7,USD_per_barrel
2012-09-28,WCOILWTICO,91.35,USD_per_barrel
2012-10-05,WCOILWTICO,90.81,USD_per_barrel
2012-10-12,WCOILWTICO,91.42,USD_per_barrel
2012-10-19,WCOILWTICO,91.59,USD_per_barrel
2012-10-26,WCOILWTICO,86.35,USD_per_barrel
2012-11-02,WCOILWTICO,85.87,USD_per_barrel
2012-11-09,WCOILWTICO,85.98,USD_per_barrel
2012-11-16,WCOILWTICO,85.87,USD_per_barrel
2012-11-23,WCOILWTICO,87.4,USD_per_barrel
2012-11-30,WCOILWTICO,87.27,USD_per_barrel
2012-12-07,WCOILWTICO,87.0,USD_per_barrel
2012-12-14,WCOILWTICO,85.71,USD_per_barrel
2012-12-21,WCOILWTICO,88.24,USD_per_barrel
2012-12-28,WCOILWTICO,90.14,USD_per_barrel
2013-01-04,WCOILWTICO,92.77,USD_per_barrel
2013-01-11,WCOILWTICO,93.38,USD_per_barrel
2013-01-18,WCOILWTICO,94.58,USD_per_barrel
2013-01-25,WCOILWTICO,95.41,USD_per_barrel
2013-02-01,WCOILWTICO,97.33,USD_per_barrel
2013-02-08,WCOILWTICO,96.18,USD_per_barrel
2013-02-15,WCOILWTICO,96.95,USD_per_barrel
2013-02-22,WCOILWTICO,94.38,USD_per_barrel
2013-03-01,WCOILWTICO,92.19,USD_per_barrel
2013-03-08,WCOILWTICO,91.0,USD_per_barrel
2013-03-15,WCOILWTICO,92.7,USD_per_barrel
2013-03-22,WCOILWTICO,93.05,USD_per_barrel
2013-03-29,WCOILWTICO,96.08,USD_per_barrel
2013-04-05,WCOILWTICO,95.07,USD_per_barrel
2013-04-12,WCOILWTICO,93.36,USD_per_barrel
2013-04-19,WCOILWTICO,88.0,USD_per_barrel
2013-04-26,WCOILWTICO,91.0,USD_per_barrel
2013-05-03,WCOILWTICO,93.4,USD_per_barrel
2013-05-10,WCOILWTICO,95.84,USD_per_barrel
2013-05-17,WCOILWTICO,94.65,USD_per_barrel
2013-05-24,WCOILWTICO,94.76,USD_per_barrel
2013-05-31,WCOILWTICO,93.32,USD_per_barrel
2013-06-07,WCOILWTICO,94.25,USD_per_barrel
2013-06-14,WCOILWTICO,96.36,USD_per_barrel
2013-06-21,WCOILWTICO,96.65,USD_per_barrel
2013-06-28,WCOILWTICO,95.83,USD_per_barrel
2013-07-05,WCOILWTICO,100.65,USD_per_barrel
2013-07-12,WCOILWTICO,104.7,USD_per_barrel
2013-07-19,WCOILWTICO,106.88,USD_per_barrel
2013-07-26,WCOILWTICO,105.88,USD_per_barrel
2013-08-02,WCOILWTICO,105.54,USD_per_barrel
2013-08-09,WCOILWTICO,105.17,USD_per_barrel
2013-08-16,WCOILWTICO,106.97,USD_per_barrel
2013-08-23,WCOILWTICO,105.48,USD_per_barrel
2013-08-30,WCOILWTICO,108.33,USD_per_barrel
2013-09-06,WCOILWTICO,108.77,USD_per_barrel
2013-09-13,WCOILWTICO,108.36,USD_per_barrel
2013-09-20,WCOILWTICO,106.22,USD_per_barrel
2013-09-27,WCOILWTICO,103.1,USD_per_barrel
2013-10-04,WCOILWTICO,103.14,USD_per_barrel
2013-10-11,WCOILWTICO,102.7,USD_per_barrel
2013-10-18,WCOILWTICO,101.51,USD_per_barrel
2013-10-25,WCOILWTICO,97.57,USD_per_barrel
2013-11-01,WCOILWTICO,96.94,USD_per_barrel
2013-11-08,WCOILWTICO,94.31,USD_per_barrel
2013-11-15,WCOILWTICO,93.94,USD_per_barrel
2013-11-22,WCOILWTICO,93.92,USD_per_barrel
2013-11-29,WCOILWTICO,92.97,USD_per_barrel
2013-12-06,WCOILWTICO,96.21,USD_per_barrel
2013-12-13,WCOILWTICO,97.23,USD_per_barrel
2013-12-20,WCOILWTICO,97.85,USD_per_barrel
2013-12-27,WCOILWTICO,99.15,USD_per_barrel
2014-01-03,WCOILWTICO,96.47,USD_per_barrel
2014-01-10,WCOILWTICO,92.42,USD_per_barrel
2014-01-17,WCOILWTICO,92.98,USD_per_barrel
2014-01-24,WCOILWTICO,96.19,USD_per_barrel
2014-01-31,WCOILWTICO,97.29,USD_per_barrel
2014-02-07,WCOILWTICO,97.78,USD_per_barrel
2014-02-14,WCOILWTICO,100.21,USD_per_barrel
2014-02-21,WCOILWTICO,102.93,USD_per_barrel
2014-02-28,WCOILWTICO,102.77,USD_per_barrel
2014-03-07,WCOILWTICO,103.07,USD_per_barrel
2014-03-14,WCOILWTICO,99.55,USD_per_barrel
2014-03-21,WCOILWTICO,99.77,USD_per_barrel
2014-03-28,WCOILWTICO,100.66,USD_per_barrel
2014-04-04,WCOILWTICO,100.46,USD_per_barrel
2014-04-11,WCOILWTICO,102.72,USD_per_barrel
2014-04-18,WCOILWTICO,103.95,USD_per_barrel
2014-04-25,WCOILWTICO,102.11,USD_per_barrel
2014-05-02,WCOILWTICO,100.51,USD_per_barrel
2014-05-09,WCOILWTICO,100.29,USD_per_barrel
2014-05-16,WCOILWTICO,101.92,USD_per_barrel
2014-05-23,WCOILWTICO,103.82,USD_per_barrel
2014-05-30,WCOILWTICO,103.95,USD_per_barrel
2014-06-06,WCOILWTICO,103.23,USD_per_barrel
2014-06-13,WCOILWTICO,105.97,USD_per_barrel
2014-06-20,WCOILWTICO,107.23,USD_per_barrel
2014-06-27,WCOILWTICO,106.69,USD_per_barrel
2014-07-04,WCOILWTICO,105.52,USD_per_barrel
2014-07-11,WCOILWTICO,103.25,USD_per_barrel
2014-07-18,WCOILWTICO,102.37,USD_per_barrel
2014-07-25,WCOILWTICO,104.35,USD_per_barrel
2014-08-01,WCOILWTICO,102.19,USD_per_barrel
2014-08-08,WCOILWTICO,97.5,USD_per_barrel
2014-08-15,WCOILWTICO,97.17,USD_per_barrel
2014-08-22,WCOILWTICO,94.95,USD_per_barrel
2014-08-29,WCOILWTICO,96.25,USD_per_barrel
2014-09-05,WCOILWTICO,94.06,USD_per_barrel
2014-09-12,WCOILWTICO,92.43,USD_per_barrel
2014-09-19,WCOILWTICO,93.52,USD_per_barrel
2014-09-26,WCOILWTICO,93.15,USD_per_barrel
2014-10-03,WCOILWTICO,91.44,USD_per_barrel
2014-10-10,WCOILWTICO,87.63,USD_per_barrel
2014-10-17,WCOILWTICO,82.88,USD_per_barrel
2014-10-24,WCOILWTICO,82.12,USD_per_barrel
2014-10-31,WCOILWTICO,81.29,USD_per_barrel
2014-11-07,WCOILWTICO,78.24,USD_per_barrel
2014-11-14,WCOILWTICO,76.5,USD_per_barrel
2014-11-21,WCOILWTICO,75.38,USD_per_barrel
2014-11-28,WCOILWTICO,72.36,USD_per_barrel
2014-12-05,WCOILWTICO,67.18,USD_per_barrel
2014-12-12,WCOILWTICO,61.14,USD_per_barrel
2014-12-19,WCOILWTICO,55.89,USD_per_barrel
2014-12-26,WCOILWTICO,55.58,USD_per_barrel
2015-01-02,WCOILWTICO,53.44,USD_per_barrel
2015-01-09,WCOILWTICO,48.77,USD_per_barrel
2015-01-16,WCOILWTICO,47.07,USD_per_barrel
2015-01-23,WCOILWTICO,46.46,USD_per_barrel
2015-01-30,WCOILWTICO,45.32,USD_per_barrel
2015-02-06,WCOILWTICO,50.58,USD_per_barrel
2015-02-13,WCOILWTICO,51.14,USD_per_barrel
2015-02-20,WCOILWTICO,51.69,USD_per_barrel
2015-02-27,WCOILWTICO,49.16,USD_per_barrel
2015-03-06,WCOILWTICO,50.38,USD_per_barrel
2015-03-13,WCOILWTICO,47.69,USD_per_barrel
2015-03-20,WCOILWTICO,44.39,USD_per_barrel
2015-03-27,WCOILWTICO,48.68,USD_per_barrel
2015-04-03,WCOILWTICO,48.91,USD_per_barrel
2015-04-10,WCOILWTICO,51.78,USD_per_barrel
2015-04-17,WCOILWTICO,54.78,USD_per_barrel
2015-04-24,WCOILWTICO,56.14,USD_per_barrel
2015-05-01,WCOILWTICO,57.98,USD_per_barrel
2015-05-08,WCOILWTICO,59.73,USD_per_barrel
2015-05-15,WCOILWTICO,60.01,USD_per_barrel
2015-05-22,WCOILWTICO,58.95,USD_per_barrel
2015-05-29,WCOILWTICO,58.19,USD_per_barrel
2015-06-05,WCOILWTICO,59.66,USD_per_barrel
2015-06-12,WCOILWTICO,60.07,USD_per_barrel
2015-06-19,WCOILWTICO,59.89,USD_per_barrel
2015-06-26,WCOILWTICO,60.01,USD_per_barrel
2015-07-03,WCOILWTICO,57.92,USD_per_barrel
2015-07-10,WCOILWTICO,52.38,USD_per_barrel
2015-07-17,WCOILWTICO,51.68,USD_per_barrel
2015-07-24,WCOILWTICO,49.21,USD_per_barrel
2015-07-31,WCOILWTICO,47.91,USD_per_barrel
2015-08-07,WCOILWTICO,44.94,USD_per_barrel
2015-08-14,WCOILWTICO,43.2,USD_per_barrel
2015-08-21,WCOILWTICO,41.34,USD_per_barrel
2015-08-28,WCOILWTICO,40.73,USD_per_barrel
2015-09-04,WCOILWTICO,46.73,USD_per_barrel
2015-09-11,WCOILWTICO,45.16,USD_per_barrel
2015-09-18,WCOILWTICO,45.48,USD_per_barrel
2015-09-25,WCOILWTICO,45.57,USD_per_barrel
2015-10-02,WCOILWTICO,45.0,USD_per_barrel
2015-10-09,WCOILWTICO,48.36,USD_per_barrel
2015-10-16,WCOILWTICO,46.82,USD_per_barrel
2015-10-23,WCOILWTICO,45.16,USD_per_barrel
2015-10-30,WCOILWTICO,44.99,USD_per_barrel
2015-11-06,WCOILWTICO,45.98,USD_per_barrel
2015-11-13,WCOILWTICO,42.7,USD_per_barrel
2015-11-20,WCOILWTICO,40.62,USD_per_barrel
2015-11-27,WCOILWTICO,40.49,USD_per_barrel
2015-12-04,WCOILWTICO,40.4,USD_per_barrel
2015-12-11,WCOILWTICO,36.93,USD_per_barrel
2015-12-18,WCOILWTICO,35.78,USD_per_barrel
2015-12-25,WCOILWTICO,36.26,USD_per_barrel
2016-01-01,WCOILWTICO,36.99,USD_per_barrel
2016-01-08,WCOILWTICO,34.65,USD_per_barrel
2016-01-15,WCOILWTICO,30.59,USD_per_barrel
2016-01-22,WCOILWTICO,29.19,USD_per_barrel
2016-01-29,WCOILWTICO,31.81,USD_per_barrel
2016-02-05,WCOILWTICO,31.26,USD_per_barrel
2016-02-12,WCOILWTICO,28.14,USD_per_barrel
2016-02-19,WCOILWTICO,30.02,USD_per_barrel
2016-02-26,WCOILWTICO,31.32,USD_per_barrel
2016-03-04,WCOILWTICO,34.43,USD_per_barrel
2016-03-11,WCOILWTICO,37.69,USD_per_barrel
2016-03-18,WCOILWTICO,38.32,USD_per_barrel
2016-03-25,WCOILWTICO,39.45,USD_per_barrel
2016-04-01,WCOILWTICO,36.82,USD_per_barrel
2016-04-08,WCOILWTICO,36.72,USD_per_barrel
2016-04-15,WCOILWTICO,41.23,USD_per_barrel
2016-04-22,WCOILWTICO,41.86,USD_per_barrel
2016-04-29,WCOILWTICO,44.3,USD_per_barrel
2016-05-06,WCOILWTICO,44.22,USD_per_barrel
2016-05-13,WCOILWTICO,45.44,USD_per_barrel
2016-05-20,WCOILWTICO,47.99,USD_per_barrel
2016-05-27,WCOILWTICO,48.72,USD_per_barrel
2016-06-03,WCOILWTICO,49.0,USD_per_barrel
2016-06-10,WCOILWTICO,50.18,USD_per_barrel
2016-06-17,WCOILWTICO,47.89,USD_per_barrel
2016-06-24,WCOILWTICO,48.71,USD_per_barrel
2016-07-01,WCOILWTICO,48.17,USD_per_barrel
2016-07-08,WCOILWTICO,46.17,USD_per_barrel
2016-07-15,WCOILWTICO,45.6,USD_per_barrel
2016-07-22,WCOILWTICO,44.44,USD_per_barrel
2016-07-29,WCOILWTICO,41.83,USD_per_barrel
2016-08-05,WCOILWTICO,40.82,USD_per_barrel
2016-08-12,WCOILWTICO,43.11,USD_per_barrel
2016-08-19,WCOILWTICO,47.16,USD_per_barrel
2016-08-26,WCOILWTICO,47.05,USD_per_barrel
2016-09-02,WCOILWTICO,45.11,USD_per_barrel
2016-09-09,WCOILWTICO,45.96,USD_per_barrel
2016-09-16,WCOILWTICO,44.34,USD_per_barrel
2016-09-23,WCOILWTICO,44.59,USD_per_barrel
2016-09-30,WCOILWTICO,46.55,USD_per_barrel
2016-10-07,WCOILWTICO,49.48,USD_per_barrel
2016-10-14,WCOILWTICO,50.29,USD_per_barrel
2016-10-21,WCOILWTICO,50.56,USD_per_barrel
2016-10-28,WCOILWTICO,49.36,USD_per_barrel
2016-11-04,WCOILWTICO,45.51,USD_per_barrel
2016-11-11,WCOILWTICO,44.61,USD_per_barrel
2016-11-18,WCOILWTICO,45.15,USD_per_barrel
2016-11-25,WCOILWTICO,47.25,USD_per_barrel
2016-12-02,WCOILWTICO,48.63,USD_per_barrel
2016-12-09,WCOILWTICO,50.97,USD_per_barrel
2016-12-16,WCOILWTICO,51.91,USD_per_barrel
2016-12-23,WCOILWTICO,51.95,USD_per_barrel
2016-12-30,WCOILWTICO,53.6,USD_per_barrel
2017-01-06,WCOILWTICO,53.34,USD_per_barrel
2017-01-13,WCOILWTICO,52.07,USD_per_barrel
2017-01-20,WCOILWTICO,51.82,USD_per_barrel
2017-01-27,WCOILWTICO,52.74,USD_per_barrel
2017-02-03,WCOILWTICO,53.33,USD_per_barrel
2017-02-10,WCOILWTICO,52.88,USD_per_barrel
2017-02-17,WCOILWTICO,53.22,USD_per_barrel
2017-02-24,WCOILWTICO,54.03,USD_per_barrel
2017-03-03,WCOILWTICO,53.56,USD_per_barrel
2017-03-10,WCOILWTICO,50.5,USD_per_barrel
2017-03-17,WCOILWTICO,48.03,USD_per_barrel
2017-03-24,WCOILWTICO,47.28,USD_per_barrel
2017-03-31,WCOILWTICO,49.14,USD_per_barrel
2017-04-07,WCOILWTICO,51.26,USD_per_barrel
2017-04-14,WCOILWTICO,53.19,USD_per_barrel
2017-04-21,WCOILWTICO,51.09,USD_per_barrel
2017-04-28,WCOILWTICO,49.12,USD_per_barrel
2017-05-05,WCOILWTICO,47.21,USD_per_barrel
2017-05-12,WCOILWTICO,47.04,USD_per_barrel
2017-05-19,WCOILWTICO,49.24,USD_per_barrel
2017-05-26,WCOILWTICO,50.21,USD_per_barrel
2017-06-02,WCOILWTICO,48.48,USD_per_barrel
2017-06-09,WCOILWTICO,46.57,USD_per_barrel
2017-06-16,WCOILWTICO,45.3,USD_per_barrel
2017-06-23,WCOILWTICO,43.09,USD_per_barrel
2017-06-30,WCOILWTICO,44.63,USD_per_barrel
2017-07-07,WCOILWTICO,44.96,USD_per_barrel
2017-07-14,WCOILWTICO,45.51,USD_per_barrel
2017-07-21,WCOILWTICO,46.41,USD_per_barrel
2017-07-28,WCOILWTICO,48.27,USD_per_barrel
2017-08-04,WCOILWTICO,49.52,USD_per_barrel
2017-08-11,WCOILWTICO,49.08,USD_per_barrel
2017-08-18,WCOILWTICO,47.52,USD_per_barrel
2017-08-25,WCOILWTICO,47.68,USD_per_barrel
2017-09-01,WCOILWTICO,46.68,USD_per_barrel
2017-09-08,WCOILWTICO,48.58,USD_per_barrel
2017-09-15,WCOILWTICO,49.07,USD_per_barrel
2017-09-22,WCOILWTICO,50.12,USD_per_barrel
2017-09-29,WCOILWTICO,51.77,USD_per_barrel
2017-10-06,WCOILWTICO,50.23,USD_per_barrel
2017-10-13,WCOILWTICO,50.77,USD_per_barrel
2017-10-20,WCOILWTICO,51.74,USD_per_barrel
2017-10-27,WCOILWTICO,52.51,USD_per_barrel
2017-11-03,WCOILWTICO,54.59,USD_per_barrel
2017-11-10,WCOILWTICO,57.05,USD_per_barrel
2017-11-17,WCOILWTICO,55.81,USD_per_barrel
2017-11-24,WCOILWTICO,57.47,USD_per_barrel
2017-12-01,WCOILWTICO,57.81,USD_per_barrel
2017-12-08,WCOILWTICO,56.92,USD_per_barrel
2017-12-15,WCOILWTICO,57.17,USD_per_barrel
2017-12-22,WCOILWTICO,57.87,USD_per_barrel
2017-12-29,WCOILWTICO,59.88,USD_per_barrel
2018-01-05,WCOILWTICO,61.36,USD_per_barrel
2018-01-12,WCOILWTICO,63.26,USD_per_barrel
2018-01-19,WCOILWTICO,63.77,USD_per_barrel
2018-01-26,WCOILWTICO,65.14,USD_per_barrel
2018-02-02,WCOILWTICO,65.32,USD_per_barrel
2018-02-09,WCOILWTICO,62.01,USD_per_barrel
2018-02-16,WCOILWTICO,60.56,USD_per_barrel
2018-02-23,WCOILWTICO,62.47,USD_per_barrel
2018-03-02,WCOILWTICO,62.07,USD_per_barrel
2018-03-09,WCOILWTICO,61.65,USD_per_barrel
2018-03-16,WCOILWTICO,61.28,USD_per_barrel
2018-03-23,WCOILWTICO,64.11,USD_per_barrel
2018-03-30,WCOILWTICO,64.97,USD_per_barrel
2018-04-06,WCOILWTICO,63.07,USD_per_barrel
2018-04-13,WCOILWTICO,66.02,USD_per_barrel
2018-04-20,WCOILWTICO,67.55,USD_per_barrel
2018-04-27,WCOILWTICO,67.91,USD_per_barrel
2018-05-04,WCOILWTICO,68.38,USD_per_barrel
2018-05-11,WCOILWTICO,70.56,USD_per_barrel
2018-05-18,WCOILWTICO,71.3,USD_per_barrel
2018-05-25,WCOILWTICO,70.98,USD_per_barrel
2018-06-01,WCOILWTICO,66.96,USD_per_barrel
2018-06-08,WCOILWTICO,65.35,USD_per_barrel
2018-06-15,WCOILWTICO,66.21,USD_per_barrel
2018-06-22,WCOILWTICO,66.32,USD_per_barrel
2018-06-29,WCOILWTICO,74.03,USD_per_barrel
2018-07-06,WCOILWTICO,73.73,USD_per_barrel
2018-07-13,WCOILWTICO,71.96,USD_per_barrel
2018-07-20,WCOILWTICO,68.95,USD_per_barrel
2018-07-27,WCOILWTICO,70.01,USD_per_barrel
2018-08-03,WCOILWTICO,69.46,USD_per_barrel
2018-08-10,WCOILWTICO,67.9,USD_per_barrel
2018-08-17,WCOILWTICO,66.15,USD_per_barrel
2018-08-24,WCOILWTICO,68.1,USD_per_barrel
2018-08-31,WCOILWTICO,69.66,USD_per_barrel
2018-09-07,WCOILWTICO,68.51,USD_per_barrel
2018-09-14,WCOILWTICO,68.96,USD_per_barrel
2018-09-21,WCOILWTICO,70.28,USD_per_barrel
2018-09-28,WCOILWTICO,72.84,USD_per_barrel
2018-10-05,WCOILWTICO,75.13,USD_per_barrel
2018-10-12,WCOILWTICO,72.96,USD_per_barrel
2018-10-19,WCOILWTICO,70.24,USD_per_barrel
2018-10-26,WCOILWTICO,67.43,USD_per_barrel
2018-11-02,WCOILWTICO,65.06,USD_per_barrel
2018-11-09,WCOILWTICO,61.57,USD_per_barrel
2018-11-16,WCOILWTICO,56.92,USD_per_barrel
2018-11-23,WCOILWTICO,54.99,USD_per_barrel
2018-11-30,WCOILWTICO,51.01,USD_per_barrel
2018-12-07,WCOILWTICO,52.63,USD_per_barrel
2018-12-14,WCOILWTICO,51.54,USD_per_barrel
2018-12-21,WCOILWTICO,46.98,USD_per_barrel
2018-12-28,WCOILWTICO,45.22,USD_per_barrel
2019-01-04,WCOILWTICO,47.0,USD_per_barrel
2019-01-11,WCOILWTICO,50.78,USD_per_barrel
2019-01-18,WCOILWTICO,51.92,USD_per_barrel
2019-01-25,WCOILWTICO,52.88,USD_per_barrel
2019-02-01,WCOILWTICO,53.63,USD_per_barrel
2019-02-08,WCOILWTICO,53.53,USD_per_barrel
2019-02-15,WCOILWTICO,53.88,USD_per_barrel
2019-02-22,WCOILWTICO,56.74,USD_per_barrel
2019-03-01,WCOILWTICO,56.12,USD_per_barrel
2019-03-08,WCOILWTICO,56.35,USD_per_barrel
2019-03-15,WCOILWTICO,57.81,USD_per_barrel
2019-03-22,WCOILWTICO,59.44,USD_per_barrel
2019-03-29,WCOILWTICO,59.49,USD_per_barrel
2019-04-05,WCOILWTICO,62.36,USD_per_barrel
2019-04-12,WCOILWTICO,64.1,USD_per_barrel
2019-04-19,WCOILWTICO,63.8,USD_per_barrel
2019-04-26,WCOILWTICO,65.28,USD_per_barrel
2019-05-03,WCOILWTICO,62.9,USD_per_barrel
2019-05-10,WCOILWTICO,61.81,USD_per_barrel
2019-05-17,WCOILWTICO,62.1,USD_per_barrel
2019-05-24,WCOILWTICO,60.72,USD_per_barrel
2019-05-31,WCOILWTICO,56.93,USD_per_barrel
2019-06-07,WCOILWTICO,52.97,USD_per_barrel
2019-06-14,WCOILWTICO,52.52,USD_per_barrel
2019-06-21,WCOILWTICO,54.75,USD_per_barrel
2019-06-28,WCOILWTICO,58.38,USD_per_barrel
2019-07-05,WCOILWTICO,57.32,USD_per_barrel
2019-07-12,WCOILWTICO,59.02,USD_per_barrel
2019-07-19,WCOILWTICO,56.74,USD_per_barrel
2019-07-26,WCOILWTICO,56.05,USD_per_barrel
2019-08-02,WCOILWTICO,56.55,USD_per_barrel
2019-08-09,WCOILWTICO,53.28,USD_per_barrel
2019-08-16,WCOILWTICO,55.31,USD_per_barrel
2019-08-23,WCOILWTICO,55.5,USD_per_barrel
2019-08-30,WCOILWTICO,55.21,USD_per_barrel
2019-09-06,WCOILWTICO,55.73,USD_per_barrel
2019-09-13,WCOILWTICO,56.16,USD_per_barrel
2019-09-20,WCOILWTICO,59.33,USD_per_barrel
2019-09-27,WCOILWTICO,56.9,USD_per_barrel
2019-10-04,WCOILWTICO,53.12,USD_per_barrel
2019-10-11,WCOILWTICO,53.27,USD_per_barrel
2019-10-18,WCOILWTICO,53.49,USD_per_barrel
2019-10-25,WCOILWTICO,55.2,USD_per_barrel
2019-11-01,WCOILWTICO,55.17,USD_per_barrel
2019-11-08,WCOILWTICO,56.69,USD_per_barrel
2019-11-15,WCOILWTICO,56.85,USD_per_barrel
2019-11-22,WCOILWTICO,56.9,USD_per_barrel
2019-11-29,WCOILWTICO,58.07,USD_per_barrel
2019-12-06,WCOILWTICO,57.64,USD_per_barrel
2019-12-13,WCOILWTICO,59.25,USD_per_barrel
2019-12-20,WCOILWTICO,60.75,USD_per_barrel
2019-12-27,WCOILWTICO,61.29,USD_per_barrel
2020-01-03,WCOILWTICO,62.09,USD_per_barrel
2020-01-10,WCOILWTICO,60.84,USD_per_barrel
2020-01-17,WCOILWTICO,58.29,USD_per_barrel
2020-01-24,WCOILWTICO,56.15,USD_per_barrel
2020-01-31,WCOILWTICO,52.7,USD_per_barrel
2020-02-07,WCOILWTICO,50.36,USD_per_barrel
2020-02-14,WCOILWTICO,50.83,USD_per_barrel
2020-02-21,WCOILWTICO,53.14,USD_per_barrel
2020-02-28,WCOILWTICO,48.36,USD_per_barrel
2020-03-06,WCOILWTICO,45.57,USD_per_barrel
2020-03-13,WCOILWTICO,32.39,USD_per_barrel
2020-03-20,WCOILWTICO,24.19,USD_per_barrel
2020-03-27,WCOILWTICO,19.44,USD_per_barrel
2020-04-03,WCOILWTICO,21.69,USD_per_barrel
2020-04-10,WCOILWTICO,24.41,USD_per_barrel
2020-04-17,WCOILWTICO,20.12,USD_per_barrel
2020-04-24,WCOILWTICO,3.32,USD_per_barrel
2020-05-01,WCOILWTICO,15.71,USD_per_barrel
2020-05-08,WCOILWTICO,23.46,USD_per_barrel
2020-05-15,WCOILWTICO,26.4,USD_per_barrel
2020-05-22,WCOILWTICO,33.1,USD_per_barrel
2020-05-29,WCOILWTICO,34.19,USD_per_barrel
2020-06-05,WCOILWTICO,37.32,USD_per_barrel
2020-06-12,WCOILWTICO,37.87,USD_per_barrel
2020-06-19,WCOILWTICO,38.35,USD_per_barrel
2020-06-26,WCOILWTICO,39.22,USD_per_barrel
2020-07-03,WCOILWTICO,39.85,USD_per_barrel
2020-07-10,WCOILWTICO,40.44,USD_per_barrel
2020-07-17,WCOILWTICO,40.57,USD_per_barrel
2020-07-24,WCOILWTICO,41.34,USD_per_barrel
2020-07-31,WCOILWTICO,40.69,USD_per_barrel
2020-08-07,WCOILWTICO,41.57,USD_per_barrel
2020-08-14,WCOILWTICO,42.08,USD_per_barrel
2020-08-21,WCOILWTICO,42.73,USD_per_barrel
2020-08-28,WCOILWTICO,42.93,USD_per_barrel
2020-09-04,WCOILWTICO,41.84,USD_per_barrel
2020-09-11,WCOILWTICO,37.38,USD_per_barrel
2020-09-18,WCOILWTICO,39.55,USD_per_barrel
2020-09-25,WCOILWTICO,39.78,USD_per_barrel
2020-10-02,WCOILWTICO,38.99,USD_per_barrel
2020-10-09,WCOILWTICO,40.19,USD_per_barrel
2020-10-16,WCOILWTICO,40.33,USD_per_barrel
2020-10-23,WCOILWTICO,40.43,USD_per_barrel
2020-10-30,WCOILWTICO,37.32,USD_per_barrel
2020-11-06,WCOILWTICO,37.71,USD_per_barrel
2020-11-13,WCOILWTICO,40.66,USD_per_barrel
2020-11-20,WCOILWTICO,41.52,USD_per_barrel
2020-11-27,WCOILWTICO,44.4,USD_per_barrel
2020-12-04,WCOILWTICO,45.37,USD_per_barrel
2020-12-11,WCOILWTICO,46.04,USD_per_barrel
2020-12-18,WCOILWTICO,47.97,USD_per_barrel
2020-12-25,WCOILWTICO,47.73,USD_per_barrel
2021-01-01,WCOILWTICO,47.98,USD_per_barrel
2021-01-08,WCOILWTICO,50.09,USD_per_barrel
2021-01-15,WCOILWTICO,52.75,USD_per_barrel
2021-01-22,WCOILWTICO,52.82,USD_per_barrel
2021-01-29,WCOILWTICO,52.52,USD_per_barrel
2021-02-05,WCOILWTICO,55.39,USD_per_barrel
2021-02-12,WCOILWTICO,58.54,USD_per_barrel
2021-02-19,WCOILWTICO,60.17,USD_per_barrel
2021-02-26,WCOILWTICO,62.3,USD_per_barrel
2021-03-05,WCOILWTICO,62.29,USD_per_barrel
2021-03-12,WCOILWTICO,65.02,USD_per_barrel
2021-03-19,WCOILWTICO,63.22,USD_per_barrel
2021-03-26,WCOILWTICO,59.95,USD_per_barrel
2021-04-02,WCOILWTICO,60.66,USD_per_barrel
2021-04-09,WCOILWTICO,59.35,USD_per_barrel
2021-04-16,WCOILWTICO,61.93,USD_per_barrel
2021-04-23,WCOILWTICO,62.18,USD_per_barrel
2021-04-30,WCOILWTICO,63.47,USD_per_barrel
2021-05-07,WCOILWTICO,65.1,USD_per_barrel
2021-05-14,WCOILWTICO,65.07,USD_per_barrel
2021-05-21,WCOILWTICO,64.11,USD_per_barrel
2021-05-28,WCOILWTICO,66.4,USD_per_barrel
2021-06-04,WCOILWTICO,68.74,USD_per_barrel
2021-06-11,WCOILWTICO,70.11,USD_per_barrel
2021-06-18,WCOILWTICO,71.55,USD_per_barrel
2021-06-25,WCOILWTICO,73.48,USD_per_barrel
2021-07-02,WCOILWTICO,74.07,USD_per_barrel
2021-07-09,WCOILWTICO,73.35,USD_per_barrel
2021-07-16,WCOILWTICO,73.19,USD_per_barrel
2021-07-23,WCOILWTICO,69.68,USD_per_barrel
2021-07-30,WCOILWTICO,72.75,USD_per_barrel
2021-08-06,WCOILWTICO,69.5,USD_per_barrel
2021-08-13,WCOILWTICO,68.33,USD_per_barrel
2021-08-20,WCOILWTICO,65.05,USD_per_barrel
2021-08-27,WCOILWTICO,67.59,USD_per_barrel
2021-09-03,WCOILWTICO,69.15,USD_per_barrel
2021-09-10,WCOILWTICO,68.98,USD_per_barrel
2021-09-17,WCOILWTICO,71.69,USD_per_barrel
2021-09-24,WCOILWTICO,72.18,USD_per_barrel
2021-10-01,WCOILWTICO,75.45,USD_per_barrel
2021-10-08,WCOILWTICO,78.5,USD_per_barrel
2021-10-15,WCOILWTICO,81.18,USD_per_barrel
2021-10-22,WCOILWTICO,83.48,USD_per_barrel
2021-10-29,WCOILWTICO,83.84,USD_per_barrel
2021-11-05,WCOILWTICO,81.79,USD_per_barrel
2021-11-12,WCOILWTICO,81.93,USD_per_barrel
2021-11-19,WCOILWTICO,78.99,USD_per_barrel
2021-11-26,WCOILWTICO,77.79,USD_per_barrel
2021-12-03,WCOILWTICO,66.89,USD_per_barrel
2021-12-10,WCOILWTICO,71.31,USD_per_barrel
2021-12-17,WCOILWTICO,71.18,USD_per_barrel
2021-12-24,WCOILWTICO,71.63,USD_per_barrel
2021-12-31,WCOILWTICO,76.05,USD_per_barrel
2022-01-07,WCOILWTICO,77.86,USD_per_barrel
2022-01-14,WCOILWTICO,81.52,USD_per_barrel
2022-01-21,WCOILWTICO,85.93,USD_per_barrel
2022-01-28,WCOILWTICO,86.94,USD_per_barrel
2022-02-04,WCOILWTICO,89.6,USD_per_barrel
2022-02-11,WCOILWTICO,90.61,USD_per_barrel
2022-02-18,WCOILWTICO,92.89,USD_per_barrel
2022-02-25,WCOILWTICO,92.18,USD_per_barrel
2022-03-04,WCOILWTICO,106.8,USD_per_barrel
2022-03-11,WCOILWTICO,113.39,USD_per_barrel
2022-03-18,WCOILWTICO,100.43,USD_per_barrel
2022-03-25,WCOILWTICO,113.69,USD_per_barrel
2022-04-01,WCOILWTICO,103.89,USD_per_barrel
2022-04-08,WCOILWTICO,99.21,USD_per_barrel
2022-04-15,WCOILWTICO,101.46,USD_per_barrel
2022-04-22,WCOILWTICO,104.02,USD_per_barrel
2022-04-29,WCOILWTICO,102.85,USD_per_barrel
2022-05-06,WCOILWTICO,106.69,USD_per_barrel
2022-05-13,WCOILWTICO,105.0,USD_per_barrel
2022-05-20,WCOILWTICO,112.18,USD_per_barrel
2022-05-27,WCOILWTICO,113.38,USD_per_barrel
2022-06-03,WCOILWTICO,116.37,USD_per_barrel
2022-06-10,WCOILWTICO,120.43,USD_per_barrel
2022-06-17,WCOILWTICO,116.46,USD_per_barrel
2022-06-24,WCOILWTICO,107.88,USD_per_barrel
2022-07-01,WCOILWTICO,110.96,USD_per_barrel
2022-07-08,WCOILWTICO,103.32,USD_per_barrel
2022-07-15,WCOILWTICO,99.92,USD_per_barrel
2022-07-22,WCOILWTICO,102.24,USD_per_barrel
2022-07-29,WCOILWTICO,99.6,USD_per_barrel
2022-08-05,WCOILWTICO,94.01,USD_per_barrel
2022-08-12,WCOILWTICO,94.65,USD_per_barrel
2022-08-19,WCOILWTICO,91.81,USD_per_barrel
2022-08-26,WCOILWTICO,94.47,USD_per_barrel
2022-09-02,WCOILWTICO,90.79,USD_per_barrel
2022-09-09,WCOILWTICO,85.29,USD_per_barrel
2022-09-16,WCOILWTICO,87.24,USD_per_barrel
2022-09-23,WCOILWTICO,83.46,USD_per_barrel
2022-09-30,WCOILWTICO,80.08,USD_per_barrel
2022-10-07,WCOILWTICO,88.22,USD_per_barrel
2022-10-14,WCOILWTICO,88.97,USD_per_barrel
2022-10-21,WCOILWTICO,85.36,USD_per_barrel
2022-10-28,WCOILWTICO,87.87,USD_per_barrel
2022-11-04,WCOILWTICO,89.14,USD_per_barrel
2022-11-11,WCOILWTICO,88.41,USD_per_barrel
2022-11-18,WCOILWTICO,84.02,USD_per_barrel
2022-11-25,WCOILWTICO,78.74,USD_per_barrel
2022-12-02,WCOILWTICO,79.29,USD_per_barrel
2022-12-09,WCOILWTICO,73.06,USD_per_barrel
2022-12-16,WCOILWTICO,75.12,USD_per_barrel
2022-12-23,WCOILWTICO,77.28,USD_per_barrel
2022-12-30,WCOILWTICO,79.23,USD_per_barrel
2023-01-06,WCOILWTICO,74.27,USD_per_barrel
2023-01-13,WCOILWTICO,77.1,USD_per_barrel
2023-01-20,WCOILWTICO,80.34,USD_per_barrel
2023-01-27,WCOILWTICO,80.33,USD_per_barrel
2023-02-03,WCOILWTICO,76.51,USD_per_barrel
2023-02-10,WCOILWTICO,77.51,USD_per_barrel
2023-02-17,WCOILWTICO,78.51,USD_per_barrel
2023-02-24,WCOILWTICO,75.42,USD_per_barrel
2023-03-03,WCOILWTICO,77.54,USD_per_barrel
2023-03-10,WCOILWTICO,77.31,USD_per_barrel
2023-03-17,WCOILWTICO,69.6,USD_per_barrel
2023-03-24,WCOILWTICO,69.33,USD_per_barrel
2023-03-31,WCOILWTICO,73.79,USD_per_barrel
2023-04-07,WCOILWTICO,80.62,USD_per_barrel
2023-04-14,WCOILWTICO,81.87,USD_per_barrel
2023-04-21,WCOILWTICO,79.22,USD_per_barrel
2023-04-28,WCOILWTICO,76.31,USD_per_barrel
2023-05-05,WCOILWTICO,71.16,USD_per_barrel
2023-05-12,WCOILWTICO,72.03,USD_per_barrel
2023-05-19,WCOILWTICO,71.62,USD_per_barrel
2023-05-26,WCOILWTICO,72.62,USD_per_barrel
2023-06-02,WCOILWTICO,69.85,USD_per_barrel
2023-06-09,WCOILWTICO,71.56,USD_per_barrel
2023-06-16,WCOILWTICO,69.42,USD_per_barrel
2023-06-23,WCOILWTICO,70.41,USD_per_barrel
2023-06-30,WCOILWTICO,69.36,USD_per_barrel
2023-07-07,WCOILWTICO,71.79,USD_per_barrel
2023-07-14,WCOILWTICO,75.2,USD_per_barrel
2023-07-21,WCOILWTICO,75.61,USD_per_barrel
2023-07-28,WCOILWTICO,79.68,USD_per_barrel
2023-08-04,WCOILWTICO,81.4,USD_per_barrel
2023-08-11,WCOILWTICO,83.04,USD_per_barrel
2023-08-18,WCOILWTICO,80.93,USD_per_barrel
2023-08-25,WCOILWTICO,79.97,USD_per_barrel
2023-09-01,WCOILWTICO,82.5,USD_per_barrel
2023-09-08,WCOILWTICO,87.17,USD_per_barrel
2023-09-15,WCOILWTICO,89.14,USD_per_barrel
2023-09-22,WCOILWTICO,90.28,USD_per_barrel
2023-09-29,WCOILWTICO,91.44,USD_per_barrel
2023-10-06,WCOILWTICO,85.5,USD_per_barrel
2023-10-13,WCOILWTICO,85.03,USD_per_barrel
2023-10-20,WCOILWTICO,88.03,USD_per_barrel
2023-10-27,WCOILWTICO,85.2,USD_per_barrel
2023-11-03,WCOILWTICO,81.99,USD_per_barrel
2023-11-10,WCOILWTICO,77.92,USD_per_barrel
2023-11-17,WCOILWTICO,76.98,USD_per_barrel
2023-11-24,WCOILWTICO,77.02,USD_per_barrel
2023-12-01,WCOILWTICO,75.49,USD_per_barrel
2023-12-08,WCOILWTICO,70.71,USD_per_barrel
2023-12-15,WCOILWTICO,70.11,USD_per_barrel
2023-12-22,WCOILWTICO,73.23,USD_per_barrel
2023-12-29,WCOILWTICO,73.52,USD_per_barrel
2024-01-05,WCOILWTICO,72.49,USD_per_barrel
2024-01-12,WCOILWTICO,72.03,USD_per_barrel
2024-01-19,WCOILWTICO,73.36,USD_per_barrel
2024-01-26,WCOILWTICO,76.36,USD_per_barrel
2024-02-02,WCOILWTICO,75.78,USD_per_barrel
2024-02-09,WCOILWTICO,75.05,USD_per_barrel
2024-02-16,WCOILWTICO,78.17,USD_per_barrel
2024-02-23,WCOILWTICO,78.71,USD_per_barrel
2024-03-01,WCOILWTICO,79.58,USD_per_barrel
2024-03-08,WCOILWTICO,79.53,USD_per_barrel
2024-03-15,WCOILWTICO,80.43,USD_per_barrel
2024-03-22,WCOILWTICO,82.79,USD_per_barrel
2024-03-29,WCOILWTICO,82.73,USD_per_barrel
2024-04-05,WCOILWTICO,86.35,USD_per_barrel
2024-04-12,WCOILWTICO,86.5,USD_per_barrel
2024-04-19,WCOILWTICO,84.65,USD_per_barrel
2024-04-26,WCOILWTICO,84.48,USD_per_barrel
2024-05-03,WCOILWTICO,81.74,USD_per_barrel
2024-05-10,WCOILWTICO,80.26,USD_per_barrel
2024-05-17,WCOILWTICO,80.61,USD_per_barrel
2024-05-24,WCOILWTICO,79.43,USD_per_barrel
2024-05-31,WCOILWTICO,79.52,USD_per_barrel
2024-06-07,WCOILWTICO,75.53,USD_per_barrel
2024-06-14,WCOILWTICO,79.24,USD_per_barrel
2024-06-21,WCOILWTICO,82.26,USD_per_barrel
2024-06-28,WCOILWTICO,82.53,USD_per_barrel
2024-07-05,WCOILWTICO,84.61,USD_per_barrel
2024-07-12,WCOILWTICO,83.44,USD_per_barrel
2024-07-19,WCOILWTICO,82.98,USD_per_barrel
2024-07-26,WCOILWTICO,79.26,USD_per_barrel
2024-08-02,WCOILWTICO,77.11,USD_per_barrel
2024-08-09,WCOILWTICO,76.33,USD_per_barrel
2024-08-16,WCOILWTICO,79.49,USD_per_barrel
2024-08-23,WCOILWTICO,74.68,USD_per_barrel
2024-08-30,WCOILWTICO,76.36,USD_per_barrel
2024-09-06,WCOILWTICO,70.02,USD_per_barrel
2024-09-13,WCOILWTICO,68.82,USD_per_barrel
2024-09-20,WCOILWTICO,72.14,USD_per_barrel
2024-09-27,WCOILWTICO,70.22,USD_per_barrel
2024-10-04,WCOILWTICO,71.83,USD_per_barrel
2024-10-11,WCOILWTICO,75.69,USD_per_barrel
2024-10-18,WCOILWTICO,70.81,USD_per_barrel
2024-10-25,WCOILWTICO,71.59,USD_per_barrel
2024-11-01,WCOILWTICO,68.69,USD_per_barrel
2024-11-08,WCOILWTICO,71.89,USD_per_barrel
2024-11-15,WCOILWTICO,68.38,USD_per_barrel
2024-11-22,WCOILWTICO,70.11,USD_per_barrel
2024-11-29,WCOILWTICO,68.94,USD_per_barrel
2024-12-06,WCOILWTICO,68.89,USD_per_barrel
2024-12-13,WCOILWTICO,69.97,USD_per_barrel
2024-12-20,WCOILWTICO,70.39,USD_per_barrel
2024-12-27,WCOILWTICO,70.51,USD_per_barrel
2025-01-03,WCOILWTICO,73.15,USD_per_barrel
2025-01-10,WCOILWTICO,75.14,USD_per_barrel
2025-01-17,WCOILWTICO,79.28,USD_per_barrel
2025-01-24,WCOILWTICO,75.73,USD_per_barrel
2025-01-31,WCOILWTICO,73.31,USD_per_barrel
2025-02-07,WCOILWTICO,72.05,USD_per_barrel
2025-02-14,WCOILWTICO,72.17,USD_per_barrel
2025-02-21,WCOILWTICO,72.1,USD_per_barrel
2025-02-28,WCOILWTICO,69.93,USD_per_barrel
2025-03-07,WCOILWTICO,67.52,USD_per_barrel
2025-03-14,WCOILWTICO,66.95,USD_per_barrel
2025-03-21,WCOILWTICO,67.96,USD_per_barrel
2025-03-28,WCOILWTICO,69.81,USD_per_barrel
2025-04-04,WCOILWTICO,69.09,USD_per_barrel
2025-04-11,WCOILWTICO,61.24,USD_per_barrel
2025-04-18,WCOILWTICO,62.92,USD_per_barrel
2025-04-25,WCOILWTICO,63.62,USD_per_barrel
2025-05-02,WCOILWTICO,60.99,USD_per_barrel
2025-05-09,WCOILWTICO,60.39,USD_per_barrel
2025-05-16,WCOILWTICO,63.94,USD_per_barrel
2025-05-23,WCOILWTICO,63.26,USD_per_barrel
2025-05-30,WCOILWTICO,61.82,USD_per_barrel
2025-06-06,WCOILWTICO,64.06,USD_per_barrel
2025-06-13,WCOILWTICO,68.63,USD_per_barrel
2025-06-20,WCOILWTICO,74.94,USD_per_barrel
2025-06-27,WCOILWTICO,66.78,USD_per_barrel
2025-07-04,WCOILWTICO,67.43,USD_per_barrel
2025-07-11,WCOILWTICO,69.15,USD_per_barrel
2025-07-18,WCOILWTICO,68.07,USD_per_barrel
2025-07-25,WCOILWTICO,67.11,USD_per_barrel
2025-08-01,WCOILWTICO,69.58,USD_per_barrel
2025-08-08,WCOILWTICO,65.75,USD_per_barrel
2025-08-15,WCOILWTICO,64.34,USD_per_barrel
2025-08-22,WCOILWTICO,64.14,USD_per_barrel
2025-08-29,WCOILWTICO,64.52,USD_per_barrel
2025-09-05,WCOILWTICO,64.09,USD_per_barrel
2025-09-12,WCOILWTICO,63.06,USD_per_barrel
2025-09-19,WCOILWTICO,63.98,USD_per_barrel
2025-09-26,WCOILWTICO,64.83,USD_per_barrel
2025-10-03,WCOILWTICO,62.59,USD_per_barrel
2025-10-10,WCOILWTICO,62.1,USD_per_barrel
2025-10-17,WCOILWTICO,58.8,USD_per_barrel
2025-10-24,WCOILWTICO,60.2,USD_per_barrel
2025-10-31,WCOILWTICO,61.49,USD_per_barrel
2025-11-07,WCOILWTICO,60.87,USD_per_barrel
2025-11-14,WCOILWTICO,60.16,USD_per_barrel
2025-11-21,WCOILWTICO,60.27,USD_per_barrel
2025-11-28,WCOILWTICO,58.69,USD_per_barrel
2025-12-05,WCOILWTICO,59.48,USD_per_barrel
2025-12-12,WCOILWTICO,58.3,USD_per_barrel
2025-12-19,WCOILWTICO,56.3,USD_per_barrel
2025-12-26,WCOILWTICO,58.01,USD_per_barrel
2026-01-02,WCOILWTICO,57.54,USD_per_barrel
2026-01-09,WCOILWTICO,57.56,USD_per_barrel
2026-01-16,WCOILWTICO,60.12,USD_per_barrel
2026-01-23,WCOILWTICO,60.16,USD_per_barrel
2026-01-30,WCOILWTICO,62.9,USD_per_barrel
2026-02-06,WCOILWTICO,63.09,USD_per_barrel
2026-02-13,WCOILWTICO,63.93,USD_per_barrel
2026-02-20,WCOILWTICO,65.3,USD_per_barrel
2026-02-27,WCOILWTICO,65.87,USD_per_barrel
2026-03-06,WCOILWTICO,78.37,USD_per_barrel
2026-03-13,WCOILWTICO,91.85,USD_per_barrel
2026-03-20,WCOILWTICO,96.07,USD_per_barrel
2026-03-27,WCOILWTICO,94.29,USD_per_barrel
2026-04-03,WCOILWTICO,105.67,USD_per_barrel
2026-04-10,WCOILWTICO,104.54,USD_per_barrel
2026-04-17,WCOILWTICO,93.84,USD_per_barrel
2026-04-24,WCOILWTICO,95.43,USD_per_barrel
2026-05-01,WCOILWTICO,105.57,USD_per_barrel
